Command line invocation:
    /Applications/Xcode.app/Contents/Developer/usr/bin/xcodebuild -project /Users/nam/projects/subgallery/SubGallery.xcodeproj -scheme SubGallery -configuration Release -sdk iphonesimulator -derivedDataPath /Users/nam/projects/subgallery/store-assets/DerivedData ARCHS=arm64 ONLY_ACTIVE_ARCH=YES "SWIFT_ACTIVE_COMPILATION_CONDITIONS=$(inherited) STORE_SCREENSHOTS" CODE_SIGNING_ALLOWED=NO build

Build settings from command line:
    ARCHS = arm64
    CODE_SIGNING_ALLOWED = NO
    ONLY_ACTIVE_ARCH = YES
    SDKROOT = iphonesimulator26.1
    SWIFT_ACTIVE_COMPILATION_CONDITIONS = $(inherited) STORE_SCREENSHOTS

Resolve Package Graph

Fetching from https://github.com/google/promises.git (cached)

Fetching from https://github.com/google/gtm-session-fetcher.git (cached)

Fetching from https://github.com/googleads/google-ads-on-device-conversion-ios-sdk (cached)

Fetching from https://github.com/google/grpc-binary.git (cached)

Fetching from https://github.com/google/GoogleDataTransport.git (cached)

Fetching from https://github.com/google/GoogleAppMeasurement.git (cached)

Fetching from https://github.com/google/abseil-cpp-binary.git (cached)

Fetching from https://github.com/google/GoogleUtilities.git (cached)

Fetching from https://github.com/google/app-check.git (cached)

Fetching from https://github.com/firebase/leveldb.git (cached)

Fetching from https://github.com/firebase/nanopb.git (cached)

Fetching from https://github.com/firebase/firebase-ios-sdk.git (cached)

Fetching from https://github.com/google/interop-ios-for-google-sdks.git (cached)

Creating working copy of package ‘gtm-session-fetcher’

Creating working copy of package ‘nanopb’

Creating working copy of package ‘promises’

Creating working copy of package ‘abseil-cpp-binary’

Checking out 1.2024072200.0 of package ‘abseil-cpp-binary’

Checking out 2.4.1 of package ‘promises’

Creating working copy of package ‘GoogleDataTransport’

Checking out 5.3.1 of package ‘gtm-session-fetcher’

Creating working copy of package ‘google-ads-on-device-conversion-ios-sdk’

Checking out 2.30910.1 of package ‘nanopb’

Creating working copy of package ‘GoogleAppMeasurement’

Creating working copy of package ‘interop-ios-for-google-sdks’

Creating working copy of package ‘app-check’

Creating working copy of package ‘firebase-ios-sdk’

Checking out 3.6.1 of package ‘google-ads-on-device-conversion-ios-sdk’

Checking out 10.1.1 of package ‘GoogleDataTransport’

Checking out 101.0.0 of package ‘interop-ios-for-google-sdks’

Creating working copy of package ‘GoogleUtilities’

Creating working copy of package ‘leveldb’

Checking out 11.3.1 of package ‘app-check’

Checking out 12.14.0 of package ‘GoogleAppMeasurement’

Checking out 1.22.5 of package ‘leveldb’

Checking out 8.1.2 of package ‘GoogleUtilities’

Checking out 12.14.0 of package ‘firebase-ios-sdk’

Creating working copy of package ‘grpc-binary’

Checking out 1.69.1 of package ‘grpc-binary’


Resolved source packages:
  leveldb: https://github.com/firebase/leveldb.git @ 1.22.5
  gRPC: https://github.com/google/grpc-binary.git @ 1.69.1
  GoogleDataTransport: https://github.com/google/GoogleDataTransport.git @ 10.1.1
  InteropForGoogle: https://github.com/google/interop-ios-for-google-sdks.git @ 101.0.0
  GoogleUtilities: https://github.com/google/GoogleUtilities.git @ 8.1.2
  Firebase: https://github.com/firebase/firebase-ios-sdk.git @ 12.14.0
  GTMSessionFetcher: https://github.com/google/gtm-session-fetcher.git @ 5.3.1
  Promises: https://github.com/google/promises.git @ 2.4.1
  GoogleAdsOnDeviceConversion: https://github.com/googleads/google-ads-on-device-conversion-ios-sdk @ 3.6.1
  abseil: https://github.com/google/abseil-cpp-binary.git @ 1.2024072200.0
  AppCheck: https://github.com/google/app-check.git @ 11.3.1
  nanopb: https://github.com/firebase/nanopb.git @ 2.30910.1
  GoogleAppMeasurement: https://github.com/google/GoogleAppMeasurement.git @ 12.14.0

--- xcodebuild: WARNING: Using the first of multiple matching destinations:
{ platform:iOS Simulator, id:dvtdevice-DVTiOSDeviceSimulatorPlaceholder-iphonesimulator:placeholder, name:Any iOS Simulator Device }
{ platform:iOS Simulator, arch:arm64, id:FF645163-1A38-472E-8A31-6E155192DF66, OS:26.1, name:StoreShot iPad 13 }
{ platform:iOS Simulator, arch:arm64, id:EFFCE96D-E4F2-4F3F-A475-A8D688473493, OS:26.1, name:TimeLog iPad QA }
{ platform:iOS Simulator, arch:arm64, id:CDED8252-6713-4764-91A5-C4C1B7980292, OS:26.1, name:iPhone 17 Pro Max }
{ platform:macOS, arch:arm64, variant:Designed for [iPad,iPhone], id:00008132-0010195C110B801C, name:My Mac }
{ platform:iOS, id:dvtdevice-DVTiPhonePlaceholder-iphoneos:placeholder, name:Any iOS Device }
{ platform:iOS, arch:arm64, id:00008112-001848821413601E, name:iPad (4) }
ComputePackagePrebuildTargetDependencyGraph

Prepare packages

CreateBuildRequest

SendProjectDescription

CreateBuildOperation

ComputeTargetDependencyGraph
note: Building targets in dependency order
note: Target dependency graph (45 targets)
    Target 'SubGallery' in project 'SubGallery'
        ➜ Explicit dependency on target 'FirebaseAnalytics' in project 'Firebase'
    Target 'FirebaseAnalytics' in project 'Firebase'
        ➜ Explicit dependency on target 'FirebaseAnalyticsTarget' in project 'Firebase'
        ➜ Explicit dependency on target 'Firebase' in project 'Firebase'
        ➜ Explicit dependency on target 'FirebaseCoreInternal' in project 'Firebase'
        ➜ Explicit dependency on target 'FirebaseCore' in project 'Firebase'
        ➜ Explicit dependency on target 'FirebaseInstallations' in project 'Firebase'
        ➜ Explicit dependency on target 'FirebaseAnalyticsWrapper' in project 'Firebase'
        ➜ Explicit dependency on target 'GULNSData' in project 'GoogleUtilities'
        ➜ Explicit dependency on target 'GULEnvironment' in project 'GoogleUtilities'
        ➜ Explicit dependency on target 'GULLogger' in project 'GoogleUtilities'
        ➜ Explicit dependency on target 'FBLPromises' in project 'Promises'
        ➜ Explicit dependency on target 'GULUserDefaults' in project 'GoogleUtilities'
        ➜ Explicit dependency on target 'GoogleAppMeasurement' in project 'GoogleAppMeasurement'
        ➜ Explicit dependency on target 'GULAppDelegateSwizzler' in project 'GoogleUtilities'
        ➜ Explicit dependency on target 'GULMethodSwizzler' in project 'GoogleUtilities'
        ➜ Explicit dependency on target 'GULNetwork' in project 'GoogleUtilities'
        ➜ Explicit dependency on target 'nanopb' in project 'nanopb'
    Target 'FirebaseAnalyticsTarget' in project 'Firebase'
        ➜ Explicit dependency on target 'Firebase' in project 'Firebase'
        ➜ Explicit dependency on target 'FirebaseCoreInternal' in project 'Firebase'
        ➜ Explicit dependency on target 'FirebaseCore' in project 'Firebase'
        ➜ Explicit dependency on target 'FirebaseInstallations' in project 'Firebase'
        ➜ Explicit dependency on target 'FirebaseAnalyticsWrapper' in project 'Firebase'
        ➜ Explicit dependency on target 'GULNSData' in project 'GoogleUtilities'
        ➜ Explicit dependency on target 'GULEnvironment' in project 'GoogleUtilities'
        ➜ Explicit dependency on target 'GULLogger' in project 'GoogleUtilities'
        ➜ Explicit dependency on target 'FBLPromises' in project 'Promises'
        ➜ Explicit dependency on target 'GULUserDefaults' in project 'GoogleUtilities'
        ➜ Explicit dependency on target 'GoogleAppMeasurement' in project 'GoogleAppMeasurement'
        ➜ Explicit dependency on target 'GULAppDelegateSwizzler' in project 'GoogleUtilities'
        ➜ Explicit dependency on target 'GULMethodSwizzler' in project 'GoogleUtilities'
        ➜ Explicit dependency on target 'GULNetwork' in project 'GoogleUtilities'
        ➜ Explicit dependency on target 'nanopb' in project 'nanopb'
    Target 'FirebaseAnalyticsWrapper' in project 'Firebase'
        ➜ Explicit dependency on target 'Firebase' in project 'Firebase'
        ➜ Explicit dependency on target 'FirebaseCoreInternal' in project 'Firebase'
        ➜ Explicit dependency on target 'FirebaseCore' in project 'Firebase'
        ➜ Explicit dependency on target 'FirebaseInstallations' in project 'Firebase'
        ➜ Explicit dependency on target 'GULNSData' in project 'GoogleUtilities'
        ➜ Explicit dependency on target 'GULEnvironment' in project 'GoogleUtilities'
        ➜ Explicit dependency on target 'GULLogger' in project 'GoogleUtilities'
        ➜ Explicit dependency on target 'FBLPromises' in project 'Promises'
        ➜ Explicit dependency on target 'GULUserDefaults' in project 'GoogleUtilities'
        ➜ Explicit dependency on target 'GoogleAppMeasurement' in project 'GoogleAppMeasurement'
        ➜ Explicit dependency on target 'GULAppDelegateSwizzler' in project 'GoogleUtilities'
        ➜ Explicit dependency on target 'GULMethodSwizzler' in project 'GoogleUtilities'
        ➜ Explicit dependency on target 'GULNetwork' in project 'GoogleUtilities'
        ➜ Explicit dependency on target 'nanopb' in project 'nanopb'
    Target 'GoogleAppMeasurement' in project 'GoogleAppMeasurement'
        ➜ Explicit dependency on target 'GoogleAppMeasurementTarget' in project 'GoogleAppMeasurement'
        ➜ Explicit dependency on target 'GULAppDelegateSwizzler' in project 'GoogleUtilities'
        ➜ Explicit dependency on target 'GULMethodSwizzler' in project 'GoogleUtilities'
        ➜ Explicit dependency on target 'GULNSData' in project 'GoogleUtilities'
        ➜ Explicit dependency on target 'GULNetwork' in project 'GoogleUtilities'
        ➜ Explicit dependency on target 'GULLogger' in project 'GoogleUtilities'
        ➜ Explicit dependency on target 'GULEnvironment' in project 'GoogleUtilities'
        ➜ Explicit dependency on target 'nanopb' in project 'nanopb'
        ➜ Explicit dependency on target 'GoogleAdsOnDeviceConversion' in project 'GoogleAdsOnDeviceConversion'
    Target 'GoogleAppMeasurementTarget' in project 'GoogleAppMeasurement'
        ➜ Explicit dependency on target 'GULAppDelegateSwizzler' in project 'GoogleUtilities'
        ➜ Explicit dependency on target 'GULMethodSwizzler' in project 'GoogleUtilities'
        ➜ Explicit dependency on target 'GULNSData' in project 'GoogleUtilities'
        ➜ Explicit dependency on target 'GULNetwork' in project 'GoogleUtilities'
        ➜ Explicit dependency on target 'GULLogger' in project 'GoogleUtilities'
        ➜ Explicit dependency on target 'GULEnvironment' in project 'GoogleUtilities'
        ➜ Explicit dependency on target 'nanopb' in project 'nanopb'
        ➜ Explicit dependency on target 'GoogleAdsOnDeviceConversion' in project 'GoogleAdsOnDeviceConversion'
    Target 'GoogleAdsOnDeviceConversion' in project 'GoogleAdsOnDeviceConversion'
        ➜ Explicit dependency on target 'GoogleAdsOnDeviceConversionTarget' in project 'GoogleAdsOnDeviceConversion'
        ➜ Explicit dependency on target 'GULEnvironment' in project 'GoogleUtilities'
        ➜ Explicit dependency on target 'GULLogger' in project 'GoogleUtilities'
        ➜ Explicit dependency on target 'GULNetwork' in project 'GoogleUtilities'
        ➜ Explicit dependency on target 'nanopb' in project 'nanopb'
    Target 'GoogleAdsOnDeviceConversionTarget' in project 'GoogleAdsOnDeviceConversion'
        ➜ Explicit dependency on target 'GULEnvironment' in project 'GoogleUtilities'
        ➜ Explicit dependency on target 'GULLogger' in project 'GoogleUtilities'
        ➜ Explicit dependency on target 'GULNetwork' in project 'GoogleUtilities'
        ➜ Explicit dependency on target 'nanopb' in project 'nanopb'
    Target 'nanopb' in project 'nanopb'
        ➜ Explicit dependency on target 'nanopb' in project 'nanopb'
        ➜ Explicit dependency on target 'nanopb_nanopb' in project 'nanopb'
    Target 'nanopb' in project 'nanopb'
        ➜ Explicit dependency on target 'nanopb_nanopb' in project 'nanopb'
    Target 'nanopb_nanopb' in project 'nanopb' (no dependencies)
    Target 'GULNetwork' in project 'GoogleUtilities'
        ➜ Explicit dependency on target 'GoogleUtilities-Network' in project 'GoogleUtilities'
        ➜ Explicit dependency on target 'GoogleUtilities_GoogleUtilities-Network' in project 'GoogleUtilities'
        ➜ Explicit dependency on target 'third-party-IsAppEncrypted' in project 'GoogleUtilities'
        ➜ Explicit dependency on target 'GoogleUtilities-Environment' in project 'GoogleUtilities'
        ➜ Explicit dependency on target 'GoogleUtilities-Logger' in project 'GoogleUtilities'
        ➜ Explicit dependency on target 'GoogleUtilities-NSData' in project 'GoogleUtilities'
        ➜ Explicit dependency on target 'GoogleUtilities-Reachability' in project 'GoogleUtilities'
    Target 'GULMethodSwizzler' in project 'GoogleUtilities'
        ➜ Explicit dependency on target 'GoogleUtilities-MethodSwizzler' in project 'GoogleUtilities'
        ➜ Explicit dependency on target 'GoogleUtilities_GoogleUtilities-MethodSwizzler' in project 'GoogleUtilities'
        ➜ Explicit dependency on target 'third-party-IsAppEncrypted' in project 'GoogleUtilities'
        ➜ Explicit dependency on target 'GoogleUtilities-Environment' in project 'GoogleUtilities'
        ➜ Explicit dependency on target 'GoogleUtilities-Logger' in project 'GoogleUtilities'
    Target 'GoogleUtilities-MethodSwizzler' in project 'GoogleUtilities'
        ➜ Explicit dependency on target 'GoogleUtilities_GoogleUtilities-MethodSwizzler' in project 'GoogleUtilities'
        ➜ Explicit dependency on target 'third-party-IsAppEncrypted' in project 'GoogleUtilities'
        ➜ Explicit dependency on target 'GoogleUtilities-Environment' in project 'GoogleUtilities'
        ➜ Explicit dependency on target 'GoogleUtilities-Logger' in project 'GoogleUtilities'
    Target 'GoogleUtilities_GoogleUtilities-MethodSwizzler' in project 'GoogleUtilities' (no dependencies)
    Target 'GULAppDelegateSwizzler' in project 'GoogleUtilities'
        ➜ Explicit dependency on target 'GoogleUtilities-AppDelegateSwizzler' in project 'GoogleUtilities'
        ➜ Explicit dependency on target 'GoogleUtilities_GoogleUtilities-AppDelegateSwizzler' in project 'GoogleUtilities'
        ➜ Explicit dependency on target 'third-party-IsAppEncrypted' in project 'GoogleUtilities'
        ➜ Explicit dependency on target 'GoogleUtilities-Environment' in project 'GoogleUtilities'
        ➜ Explicit dependency on target 'GoogleUtilities-Logger' in project 'GoogleUtilities'
        ➜ Explicit dependency on target 'GoogleUtilities-NSData' in project 'GoogleUtilities'
        ➜ Explicit dependency on target 'GoogleUtilities-Reachability' in project 'GoogleUtilities'
        ➜ Explicit dependency on target 'GoogleUtilities-Network' in project 'GoogleUtilities'
    Target 'GoogleUtilities-AppDelegateSwizzler' in project 'GoogleUtilities'
        ➜ Explicit dependency on target 'GoogleUtilities_GoogleUtilities-AppDelegateSwizzler' in project 'GoogleUtilities'
        ➜ Explicit dependency on target 'third-party-IsAppEncrypted' in project 'GoogleUtilities'
        ➜ Explicit dependency on target 'GoogleUtilities-Environment' in project 'GoogleUtilities'
        ➜ Explicit dependency on target 'GoogleUtilities-Logger' in project 'GoogleUtilities'
        ➜ Explicit dependency on target 'GoogleUtilities-NSData' in project 'GoogleUtilities'
        ➜ Explicit dependency on target 'GoogleUtilities-Reachability' in project 'GoogleUtilities'
        ➜ Explicit dependency on target 'GoogleUtilities-Network' in project 'GoogleUtilities'
    Target 'GoogleUtilities-Network' in project 'GoogleUtilities'
        ➜ Explicit dependency on target 'GoogleUtilities_GoogleUtilities-Network' in project 'GoogleUtilities'
        ➜ Explicit dependency on target 'third-party-IsAppEncrypted' in project 'GoogleUtilities'
        ➜ Explicit dependency on target 'GoogleUtilities-Environment' in project 'GoogleUtilities'
        ➜ Explicit dependency on target 'GoogleUtilities-Logger' in project 'GoogleUtilities'
        ➜ Explicit dependency on target 'GoogleUtilities-NSData' in project 'GoogleUtilities'
        ➜ Explicit dependency on target 'GoogleUtilities-Reachability' in project 'GoogleUtilities'
    Target 'GoogleUtilities_GoogleUtilities-Network' in project 'GoogleUtilities' (no dependencies)
    Target 'GoogleUtilities-Reachability' in project 'GoogleUtilities'
        ➜ Explicit dependency on target 'GoogleUtilities_GoogleUtilities-Reachability' in project 'GoogleUtilities'
        ➜ Explicit dependency on target 'third-party-IsAppEncrypted' in project 'GoogleUtilities'
        ➜ Explicit dependency on target 'GoogleUtilities-Environment' in project 'GoogleUtilities'
        ➜ Explicit dependency on target 'GoogleUtilities-Logger' in project 'GoogleUtilities'
    Target 'GoogleUtilities_GoogleUtilities-Reachability' in project 'GoogleUtilities' (no dependencies)
    Target 'GoogleUtilities_GoogleUtilities-AppDelegateSwizzler' in project 'GoogleUtilities' (no dependencies)
    Target 'FirebaseInstallations' in project 'Firebase'
        ➜ Explicit dependency on target 'Firebase_FirebaseInstallations' in project 'Firebase'
        ➜ Explicit dependency on target 'Firebase' in project 'Firebase'
        ➜ Explicit dependency on target 'FirebaseCoreInternal' in project 'Firebase'
        ➜ Explicit dependency on target 'FirebaseCore' in project 'Firebase'
        ➜ Explicit dependency on target 'GULNSData' in project 'GoogleUtilities'
        ➜ Explicit dependency on target 'GULEnvironment' in project 'GoogleUtilities'
        ➜ Explicit dependency on target 'GULLogger' in project 'GoogleUtilities'
        ➜ Explicit dependency on target 'FBLPromises' in project 'Promises'
        ➜ Explicit dependency on target 'GULUserDefaults' in project 'GoogleUtilities'
    Target 'GULUserDefaults' in project 'GoogleUtilities'
        ➜ Explicit dependency on target 'GoogleUtilities-UserDefaults' in project 'GoogleUtilities'
        ➜ Explicit dependency on target 'GoogleUtilities_GoogleUtilities-UserDefaults' in project 'GoogleUtilities'
        ➜ Explicit dependency on target 'third-party-IsAppEncrypted' in project 'GoogleUtilities'
        ➜ Explicit dependency on target 'GoogleUtilities-Environment' in project 'GoogleUtilities'
        ➜ Explicit dependency on target 'GoogleUtilities-Logger' in project 'GoogleUtilities'
    Target 'GoogleUtilities-UserDefaults' in project 'GoogleUtilities'
        ➜ Explicit dependency on target 'GoogleUtilities_GoogleUtilities-UserDefaults' in project 'GoogleUtilities'
        ➜ Explicit dependency on target 'third-party-IsAppEncrypted' in project 'GoogleUtilities'
        ➜ Explicit dependency on target 'GoogleUtilities-Environment' in project 'GoogleUtilities'
        ➜ Explicit dependency on target 'GoogleUtilities-Logger' in project 'GoogleUtilities'
    Target 'GoogleUtilities_GoogleUtilities-UserDefaults' in project 'GoogleUtilities' (no dependencies)
    Target 'FBLPromises' in project 'Promises'
        ➜ Explicit dependency on target 'FBLPromises' in project 'Promises'
        ➜ Explicit dependency on target 'Promises_FBLPromises' in project 'Promises'
    Target 'FBLPromises' in project 'Promises'
        ➜ Explicit dependency on target 'Promises_FBLPromises' in project 'Promises'
    Target 'Promises_FBLPromises' in project 'Promises' (no dependencies)
    Target 'Firebase_FirebaseInstallations' in project 'Firebase' (no dependencies)
    Target 'FirebaseCore' in project 'Firebase'
        ➜ Explicit dependency on target 'Firebase_FirebaseCore' in project 'Firebase'
        ➜ Explicit dependency on target 'Firebase' in project 'Firebase'
        ➜ Explicit dependency on target 'FirebaseCoreInternal' in project 'Firebase'
        ➜ Explicit dependency on target 'GULNSData' in project 'GoogleUtilities'
        ➜ Explicit dependency on target 'GULEnvironment' in project 'GoogleUtilities'
        ➜ Explicit dependency on target 'GULLogger' in project 'GoogleUtilities'
    Target 'GULLogger' in project 'GoogleUtilities'
        ➜ Explicit dependency on target 'GoogleUtilities-Logger' in project 'GoogleUtilities'
        ➜ Explicit dependency on target 'GoogleUtilities_GoogleUtilities-Logger' in project 'GoogleUtilities'
        ➜ Explicit dependency on target 'third-party-IsAppEncrypted' in project 'GoogleUtilities'
        ➜ Explicit dependency on target 'GoogleUtilities-Environment' in project 'GoogleUtilities'
    Target 'GoogleUtilities-Logger' in project 'GoogleUtilities'
        ➜ Explicit dependency on target 'GoogleUtilities_GoogleUtilities-Logger' in project 'GoogleUtilities'
        ➜ Explicit dependency on target 'third-party-IsAppEncrypted' in project 'GoogleUtilities'
        ➜ Explicit dependency on target 'GoogleUtilities-Environment' in project 'GoogleUtilities'
    Target 'GoogleUtilities_GoogleUtilities-Logger' in project 'GoogleUtilities' (no dependencies)
    Target 'GULEnvironment' in project 'GoogleUtilities'
        ➜ Explicit dependency on target 'GoogleUtilities-Environment' in project 'GoogleUtilities'
        ➜ Explicit dependency on target 'GoogleUtilities_GoogleUtilities-Environment' in project 'GoogleUtilities'
        ➜ Explicit dependency on target 'third-party-IsAppEncrypted' in project 'GoogleUtilities'
    Target 'GoogleUtilities-Environment' in project 'GoogleUtilities'
        ➜ Explicit dependency on target 'GoogleUtilities_GoogleUtilities-Environment' in project 'GoogleUtilities'
        ➜ Explicit dependency on target 'third-party-IsAppEncrypted' in project 'GoogleUtilities'
    Target 'third-party-IsAppEncrypted' in project 'GoogleUtilities' (no dependencies)
    Target 'GoogleUtilities_GoogleUtilities-Environment' in project 'GoogleUtilities' (no dependencies)
    Target 'Firebase_FirebaseCore' in project 'Firebase' (no dependencies)
    Target 'FirebaseCoreInternal' in project 'Firebase'
        ➜ Explicit dependency on target 'Firebase_FirebaseCoreInternal' in project 'Firebase'
        ➜ Explicit dependency on target 'GULNSData' in project 'GoogleUtilities'
    Target 'GULNSData' in project 'GoogleUtilities'
        ➜ Explicit dependency on target 'GoogleUtilities-NSData' in project 'GoogleUtilities'
        ➜ Explicit dependency on target 'GoogleUtilities_GoogleUtilities-NSData' in project 'GoogleUtilities'
    Target 'GoogleUtilities-NSData' in project 'GoogleUtilities'
        ➜ Explicit dependency on target 'GoogleUtilities_GoogleUtilities-NSData' in project 'GoogleUtilities'
    Target 'GoogleUtilities_GoogleUtilities-NSData' in project 'GoogleUtilities' (no dependencies)
    Target 'Firebase_FirebaseCoreInternal' in project 'Firebase' (no dependencies)
    Target 'Firebase' in project 'Firebase' (no dependencies)

GatherProvisioningInputs

CreateBuildDescription

ExecuteExternalTool /Applications/Xcode.app/Contents/Developer/Toolchains/XcodeDefault.xctoolchain/usr/bin/clang -v -E -dM -arch arm64 -isysroot /Applications/Xcode.app/Contents/Developer/Platforms/iPhoneSimulator.platform/Developer/SDKs/iPhoneSimulator26.1.sdk -x objective-c -c /dev/null

ExecuteExternalTool /Applications/Xcode.app/Contents/Developer/Toolchains/XcodeDefault.xctoolchain/usr/bin/swiftc --version

ExecuteExternalTool /Applications/Xcode.app/Contents/Developer/Toolchains/XcodeDefault.xctoolchain/usr/bin/clang -v -E -dM -isysroot /Applications/Xcode.app/Contents/Developer/Platforms/iPhoneSimulator.platform/Developer/SDKs/iPhoneSimulator26.1.sdk -x c -c /dev/null

ExecuteExternalTool /Applications/Xcode.app/Contents/Developer/usr/bin/actool --print-asset-tag-combinations --output-format xml1 /Users/nam/projects/subgallery/SubGallery/Resources/Assets.xcassets

ExecuteExternalTool /Applications/Xcode.app/Contents/Developer/usr/bin/actool --version --output-format xml1

ExecuteExternalTool /Applications/Xcode.app/Contents/Developer/Toolchains/XcodeDefault.xctoolchain/usr/bin/clang -v -E -dM -arch arm64 -isysroot /Applications/Xcode.app/Contents/Developer/Platforms/iPhoneSimulator.platform/Developer/SDKs/iPhoneSimulator26.1.sdk -x c -c /dev/null

ExecuteExternalTool /Applications/Xcode.app/Contents/Developer/Toolchains/XcodeDefault.xctoolchain/usr/bin/ld -version_details

Build description signature: 87b2a20468ff722c041da65d74801560
Build description path: /Users/nam/projects/subgallery/store-assets/DerivedData/Build/Intermediates.noindex/XCBuildData/87b2a20468ff722c041da65d74801560.xcbuilddata
ClangStatCache /Applications/Xcode.app/Contents/Developer/Toolchains/XcodeDefault.xctoolchain/usr/bin/clang-stat-cache /Applications/Xcode.app/Contents/Developer/Platforms/iPhoneSimulator.platform/Developer/SDKs/iPhoneSimulator26.1.sdk /Users/nam/projects/subgallery/store-assets/DerivedData/SDKStatCaches.noindex/iphonesimulator26.1-23B77-90cf18a4295e390e64c810bc6bd7acbc.sdkstatcache
    cd /Users/nam/projects/subgallery/SubGallery.xcodeproj
    /Applications/Xcode.app/Contents/Developer/Toolchains/XcodeDefault.xctoolchain/usr/bin/clang-stat-cache /Applications/Xcode.app/Contents/Developer/Platforms/iPhoneSimulator.platform/Developer/SDKs/iPhoneSimulator26.1.sdk -o /Users/nam/projects/subgallery/store-assets/DerivedData/SDKStatCaches.noindex/iphonesimulator26.1-23B77-90cf18a4295e390e64c810bc6bd7acbc.sdkstatcache

CreateBuildDirectory /Users/nam/projects/subgallery/store-assets/DerivedData/Build/Products
    cd /Users/nam/projects/subgallery/SubGallery.xcodeproj
    builtin-create-build-directory /Users/nam/projects/subgallery/store-assets/DerivedData/Build/Products

CreateBuildDirectory /Users/nam/projects/subgallery/store-assets/DerivedData/Build/Intermediates.noindex
    cd /Users/nam/projects/subgallery/SubGallery.xcodeproj
    builtin-create-build-directory /Users/nam/projects/subgallery/store-assets/DerivedData/Build/Intermediates.noindex

CreateBuildDirectory /Users/nam/projects/subgallery/store-assets/DerivedData/Build/Intermediates.noindex/SwiftExplicitPrecompiledModules
    cd /Users/nam/projects/subgallery/SubGallery.xcodeproj
    builtin-create-build-directory /Users/nam/projects/subgallery/store-assets/DerivedData/Build/Intermediates.noindex/SwiftExplicitPrecompiledModules

CreateBuildDirectory /Users/nam/projects/subgallery/store-assets/DerivedData/Build/Intermediates.noindex/ExplicitPrecompiledModules
    cd /Users/nam/projects/subgallery/SubGallery.xcodeproj
    builtin-create-build-directory /Users/nam/projects/subgallery/store-assets/DerivedData/Build/Intermediates.noindex/ExplicitPrecompiledModules

CreateBuildDirectory /Users/nam/projects/subgallery/store-assets/DerivedData/Build/Products/Release-iphonesimulator
    cd /Users/nam/projects/subgallery/SubGallery.xcodeproj
    builtin-create-build-directory /Users/nam/projects/subgallery/store-assets/DerivedData/Build/Products/Release-iphonesimulator

CreateBuildDirectory /Users/nam/projects/subgallery/store-assets/DerivedData/Build/Intermediates.noindex/EagerLinkingTBDs/Release-iphonesimulator
    cd /Users/nam/projects/subgallery/SubGallery.xcodeproj
    builtin-create-build-directory /Users/nam/projects/subgallery/store-assets/DerivedData/Build/Intermediates.noindex/EagerLinkingTBDs/Release-iphonesimulator

WriteAuxiliaryFile /Users/nam/projects/subgallery/store-assets/DerivedData/Build/Intermediates.noindex/SubGallery.build/Release-iphonesimulator/SubGallery-7b864280548c24233a0fdcdb5a2d4ab4-VFS-iphonesimulator/all-product-headers.yaml
    cd /Users/nam/projects/subgallery/SubGallery.xcodeproj
    write-file /Users/nam/projects/subgallery/store-assets/DerivedData/Build/Intermediates.noindex/SubGallery.build/Release-iphonesimulator/SubGallery-7b864280548c24233a0fdcdb5a2d4ab4-VFS-iphonesimulator/all-product-headers.yaml

CreateBuildDirectory /Users/nam/projects/subgallery/store-assets/DerivedData/Build/Products/Release-iphonesimulator/PackageFrameworks
    cd /Users/nam/projects/subgallery/SubGallery.xcodeproj
    builtin-create-build-directory /Users/nam/projects/subgallery/store-assets/DerivedData/Build/Products/Release-iphonesimulator/PackageFrameworks

MkDir /Users/nam/projects/subgallery/store-assets/DerivedData/Build/Products/Release-iphonesimulator/Promises_FBLPromises.bundle (in target 'Promises_FBLPromises' from project 'Promises')
    cd /Users/nam/projects/subgallery/store-assets/DerivedData/SourcePackages/checkouts/promises
    /bin/mkdir -p /Users/nam/projects/subgallery/store-assets/DerivedData/Build/Products/Release-iphonesimulator/Promises_FBLPromises.bundle

MkDir /Users/nam/projects/subgallery/store-assets/DerivedData/Build/Products/Release-iphonesimulator/GoogleUtilities_GoogleUtilities-NSData.bundle (in target 'GoogleUtilities_GoogleUtilities-NSData' from project 'GoogleUtilities')
    cd /Users/nam/projects/subgallery/store-assets/DerivedData/SourcePackages/checkouts/GoogleUtilities
    /bin/mkdir -p /Users/nam/projects/subgallery/store-assets/DerivedData/Build/Products/Release-iphonesimulator/GoogleUtilities_GoogleUtilities-NSData.bundle

WriteAuxiliaryFile /Users/nam/projects/subgallery/store-assets/DerivedData/Build/Intermediates.noindex/Promises.build/Release-iphonesimulator/Promises_FBLPromises.build/Promises_FBLPromises.DependencyMetadataFileList (in target 'Promises_FBLPromises' from project 'Promises')
    cd /Users/nam/projects/subgallery/store-assets/DerivedData/SourcePackages/checkouts/promises
    write-file /Users/nam/projects/subgallery/store-assets/DerivedData/Build/Intermediates.noindex/Promises.build/Release-iphonesimulator/Promises_FBLPromises.build/Promises_FBLPromises.DependencyMetadataFileList

WriteAuxiliaryFile /Users/nam/projects/subgallery/store-assets/DerivedData/Build/Intermediates.noindex/Promises.build/Release-iphonesimulator/Promises_FBLPromises.build/Promises_FBLPromises.DependencyStaticMetadataFileList (in target 'Promises_FBLPromises' from project 'Promises')
    cd /Users/nam/projects/subgallery/store-assets/DerivedData/SourcePackages/checkouts/promises
    write-file /Users/nam/projects/subgallery/store-assets/DerivedData/Build/Intermediates.noindex/Promises.build/Release-iphonesimulator/Promises_FBLPromises.build/Promises_FBLPromises.DependencyStaticMetadataFileList

WriteAuxiliaryFile /Users/nam/projects/subgallery/store-assets/DerivedData/Build/Intermediates.noindex/Promises.build/Release-iphonesimulator/Promises_FBLPromises.build/empty-Promises_FBLPromises.plist (in target 'Promises_FBLPromises' from project 'Promises')
    cd /Users/nam/projects/subgallery/store-assets/DerivedData/SourcePackages/checkouts/promises
    write-file /Users/nam/projects/subgallery/store-assets/DerivedData/Build/Intermediates.noindex/Promises.build/Release-iphonesimulator/Promises_FBLPromises.build/empty-Promises_FBLPromises.plist

WriteAuxiliaryFile /Users/nam/projects/subgallery/store-assets/DerivedData/Build/Intermediates.noindex/GoogleUtilities.build/Release-iphonesimulator/GoogleUtilities_GoogleUtilities-NSData.build/empty-GoogleUtilities_GoogleUtilities-NSData.plist (in target 'GoogleUtilities_GoogleUtilities-NSData' from project 'GoogleUtilities')
    cd /Users/nam/projects/subgallery/store-assets/DerivedData/SourcePackages/checkouts/GoogleUtilities
    write-file /Users/nam/projects/subgallery/store-assets/DerivedData/Build/Intermediates.noindex/GoogleUtilities.build/Release-iphonesimulator/GoogleUtilities_GoogleUtilities-NSData.build/empty-GoogleUtilities_GoogleUtilities-NSData.plist

WriteAuxiliaryFile /Users/nam/projects/subgallery/store-assets/DerivedData/Build/Intermediates.noindex/GoogleUtilities.build/Release-iphonesimulator/GoogleUtilities_GoogleUtilities-NSData.build/GoogleUtilities_GoogleUtilities-NSData.DependencyMetadataFileList (in target 'GoogleUtilities_GoogleUtilities-NSData' from project 'GoogleUtilities')
    cd /Users/nam/projects/subgallery/store-assets/DerivedData/SourcePackages/checkouts/GoogleUtilities
    write-file /Users/nam/projects/subgallery/store-assets/DerivedData/Build/Intermediates.noindex/GoogleUtilities.build/Release-iphonesimulator/GoogleUtilities_GoogleUtilities-NSData.build/GoogleUtilities_GoogleUtilities-NSData.DependencyMetadataFileList

WriteAuxiliaryFile /Users/nam/projects/subgallery/store-assets/DerivedData/Build/Intermediates.noindex/GoogleUtilities.build/Release-iphonesimulator/GoogleUtilities_GoogleUtilities-NSData.build/GoogleUtilities_GoogleUtilities-NSData.DependencyStaticMetadataFileList (in target 'GoogleUtilities_GoogleUtilities-NSData' from project 'GoogleUtilities')
    cd /Users/nam/projects/subgallery/store-assets/DerivedData/SourcePackages/checkouts/GoogleUtilities
    write-file /Users/nam/projects/subgallery/store-assets/DerivedData/Build/Intermediates.noindex/GoogleUtilities.build/Release-iphonesimulator/GoogleUtilities_GoogleUtilities-NSData.build/GoogleUtilities_GoogleUtilities-NSData.DependencyStaticMetadataFileList

WriteAuxiliaryFile /Users/nam/projects/subgallery/store-assets/DerivedData/Build/Intermediates.noindex/nanopb.build/Release-iphonesimulator/nanopb_nanopb.build/nanopb_nanopb.DependencyStaticMetadataFileList (in target 'nanopb_nanopb' from project 'nanopb')
    cd /Users/nam/projects/subgallery/store-assets/DerivedData/SourcePackages/checkouts/nanopb
    write-file /Users/nam/projects/subgallery/store-assets/DerivedData/Build/Intermediates.noindex/nanopb.build/Release-iphonesimulator/nanopb_nanopb.build/nanopb_nanopb.DependencyStaticMetadataFileList

WriteAuxiliaryFile /Users/nam/projects/subgallery/store-assets/DerivedData/Build/Intermediates.noindex/GoogleUtilities.build/Release-iphonesimulator/third-party-IsAppEncrypted.build/third-party-IsAppEncrypted.modulemap (in target 'third-party-IsAppEncrypted' from project 'GoogleUtilities')
    cd /Users/nam/projects/subgallery/store-assets/DerivedData/SourcePackages/checkouts/GoogleUtilities
    write-file /Users/nam/projects/subgallery/store-assets/DerivedData/Build/Intermediates.noindex/GoogleUtilities.build/Release-iphonesimulator/third-party-IsAppEncrypted.build/third-party-IsAppEncrypted.modulemap

WriteAuxiliaryFile /Users/nam/projects/subgallery/store-assets/DerivedData/Build/Intermediates.noindex/GoogleUtilities.build/Release-iphonesimulator/third-party-IsAppEncrypted.build/third-party-IsAppEncrypted.DependencyStaticMetadataFileList (in target 'third-party-IsAppEncrypted' from project 'GoogleUtilities')
    cd /Users/nam/projects/subgallery/store-assets/DerivedData/SourcePackages/checkouts/GoogleUtilities
    write-file /Users/nam/projects/subgallery/store-assets/DerivedData/Build/Intermediates.noindex/GoogleUtilities.build/Release-iphonesimulator/third-party-IsAppEncrypted.build/third-party-IsAppEncrypted.DependencyStaticMetadataFileList

WriteAuxiliaryFile /Users/nam/projects/subgallery/store-assets/DerivedData/Build/Intermediates.noindex/GoogleUtilities.build/Release-iphonesimulator/third-party-IsAppEncrypted.build/third-party-IsAppEncrypted.DependencyMetadataFileList (in target 'third-party-IsAppEncrypted' from project 'GoogleUtilities')
    cd /Users/nam/projects/subgallery/store-assets/DerivedData/SourcePackages/checkouts/GoogleUtilities
    write-file /Users/nam/projects/subgallery/store-assets/DerivedData/Build/Intermediates.noindex/GoogleUtilities.build/Release-iphonesimulator/third-party-IsAppEncrypted.build/third-party-IsAppEncrypted.DependencyMetadataFileList

WriteAuxiliaryFile /Users/nam/projects/subgallery/store-assets/DerivedData/Build/Intermediates.noindex/nanopb.build/Release-iphonesimulator/nanopb_nanopb.build/nanopb_nanopb.DependencyMetadataFileList (in target 'nanopb_nanopb' from project 'nanopb')
    cd /Users/nam/projects/subgallery/store-assets/DerivedData/SourcePackages/checkouts/nanopb
    write-file /Users/nam/projects/subgallery/store-assets/DerivedData/Build/Intermediates.noindex/nanopb.build/Release-iphonesimulator/nanopb_nanopb.build/nanopb_nanopb.DependencyMetadataFileList

WriteAuxiliaryFile /Users/nam/projects/subgallery/store-assets/DerivedData/Build/Intermediates.noindex/nanopb.build/Release-iphonesimulator/nanopb_nanopb.build/empty-nanopb_nanopb.plist (in target 'nanopb_nanopb' from project 'nanopb')
    cd /Users/nam/projects/subgallery/store-assets/DerivedData/SourcePackages/checkouts/nanopb
    write-file /Users/nam/projects/subgallery/store-assets/DerivedData/Build/Intermediates.noindex/nanopb.build/Release-iphonesimulator/nanopb_nanopb.build/empty-nanopb_nanopb.plist

WriteAuxiliaryFile /Users/nam/projects/subgallery/store-assets/DerivedData/Build/Intermediates.noindex/GoogleUtilities.build/Release-iphonesimulator/third-party-IsAppEncrypted.build/Objects-normal/arm64/third-party-IsAppEncrypted.LinkFileList (in target 'third-party-IsAppEncrypted' from project 'GoogleUtilities')
    cd /Users/nam/projects/subgallery/store-assets/DerivedData/SourcePackages/checkouts/GoogleUtilities
    write-file /Users/nam/projects/subgallery/store-assets/DerivedData/Build/Intermediates.noindex/GoogleUtilities.build/Release-iphonesimulator/third-party-IsAppEncrypted.build/Objects-normal/arm64/third-party-IsAppEncrypted.LinkFileList

WriteAuxiliaryFile /Users/nam/projects/subgallery/store-assets/DerivedData/Build/Intermediates.noindex/GoogleUtilities.build/Release-iphonesimulator/third-party-IsAppEncrypted.build/Objects-normal/arm64/e6072d4f65d7061329687fe24e3d63a7-common-args.resp (in target 'third-party-IsAppEncrypted' from project 'GoogleUtilities')
    cd /Users/nam/projects/subgallery/store-assets/DerivedData/SourcePackages/checkouts/GoogleUtilities
    write-file /Users/nam/projects/subgallery/store-assets/DerivedData/Build/Intermediates.noindex/GoogleUtilities.build/Release-iphonesimulator/third-party-IsAppEncrypted.build/Objects-normal/arm64/e6072d4f65d7061329687fe24e3d63a7-common-args.resp
-target arm64-apple-ios12.0-simulator '-std=c99' -fobjc-arc -fmodules -gmodules '-fmodules-cache-path=/Users/nam/projects/subgallery/store-assets/DerivedData/ModuleCache.noindex' '-fmodule-name=third_party_IsAppEncrypted' -fpascal-strings -Os -DSWIFT_PACKAGE '-DOBJC_OLD_DISPATCH_PROTOTYPES=1' -isysroot /Applications/Xcode.app/Contents/Developer/Platforms/iPhoneSimulator.platform/Developer/SDKs/iPhoneSimulator26.1.sdk -g '-fobjc-abi-version=2' -fobjc-legacy-dispatch -I/Users/nam/projects/subgallery/store-assets/DerivedData/Build/Products/Release-iphonesimulator/include -I/Users/nam/projects/subgallery/store-assets/DerivedData/SourcePackages/checkouts/GoogleUtilities/third_party/IsAppEncrypted/Public -I/Users/nam/projects/subgallery/store-assets/DerivedData/SourcePackages/checkouts/GoogleUtilities -I/Users/nam/projects/subgallery/store-assets/DerivedData/Build/Intermediates.noindex/GoogleUtilities.build/Release-iphonesimulator/third-party-IsAppEncrypted.build/DerivedSources-normal/arm64 -I/Users/nam/projects/subgallery/store-assets/DerivedData/Build/Intermediates.noindex/GoogleUtilities.build/Release-iphonesimulator/third-party-IsAppEncrypted.build/DerivedSources/arm64 -I/Users/nam/projects/subgallery/store-assets/DerivedData/Build/Intermediates.noindex/GoogleUtilities.build/Release-iphonesimulator/third-party-IsAppEncrypted.build/DerivedSources -F/Users/nam/projects/subgallery/store-assets/DerivedData/Build/Products/Release-iphonesimulator -iframework /Applications/Xcode.app/Contents/Developer/Platforms/iPhoneSimulator.platform/Developer/Library/Frameworks -iframework /Applications/Xcode.app/Contents/Developer/Platforms/iPhoneSimulator.platform/Developer/SDKs/iPhoneSimulator26.1.sdk/Developer/Library/Frameworks -DXcode

WriteAuxiliaryFile /Users/nam/projects/subgallery/store-assets/DerivedData/Build/Intermediates.noindex/nanopb.build/Release-iphonesimulator/nanopb.build/nanopb.DependencyStaticMetadataFileList (in target 'nanopb' from project 'nanopb')
    cd /Users/nam/projects/subgallery/store-assets/DerivedData/SourcePackages/checkouts/nanopb
    write-file /Users/nam/projects/subgallery/store-assets/DerivedData/Build/Intermediates.noindex/nanopb.build/Release-iphonesimulator/nanopb.build/nanopb.DependencyStaticMetadataFileList

WriteAuxiliaryFile /Users/nam/projects/subgallery/store-assets/DerivedData/Build/Intermediates.noindex/nanopb.build/Release-iphonesimulator/nanopb.build/nanopb.modulemap (in target 'nanopb' from project 'nanopb')
    cd /Users/nam/projects/subgallery/store-assets/DerivedData/SourcePackages/checkouts/nanopb
    write-file /Users/nam/projects/subgallery/store-assets/DerivedData/Build/Intermediates.noindex/nanopb.build/Release-iphonesimulator/nanopb.build/nanopb.modulemap

WriteAuxiliaryFile /Users/nam/projects/subgallery/store-assets/DerivedData/Build/Intermediates.noindex/nanopb.build/Release-iphonesimulator/nanopb.build/nanopb.DependencyMetadataFileList (in target 'nanopb' from project 'nanopb')
    cd /Users/nam/projects/subgallery/store-assets/DerivedData/SourcePackages/checkouts/nanopb
    write-file /Users/nam/projects/subgallery/store-assets/DerivedData/Build/Intermediates.noindex/nanopb.build/Release-iphonesimulator/nanopb.build/nanopb.DependencyMetadataFileList

WriteAuxiliaryFile /Users/nam/projects/subgallery/store-assets/DerivedData/Build/Intermediates.noindex/nanopb.build/Release-iphonesimulator/nanopb.build/Objects-normal/arm64/nanopb.LinkFileList (in target 'nanopb' from project 'nanopb')
    cd /Users/nam/projects/subgallery/store-assets/DerivedData/SourcePackages/checkouts/nanopb
    write-file /Users/nam/projects/subgallery/store-assets/DerivedData/Build/Intermediates.noindex/nanopb.build/Release-iphonesimulator/nanopb.build/Objects-normal/arm64/nanopb.LinkFileList

WriteAuxiliaryFile /Users/nam/projects/subgallery/store-assets/DerivedData/Build/Intermediates.noindex/nanopb.build/Release-iphonesimulator/nanopb.build/Objects-normal/arm64/e6072d4f65d7061329687fe24e3d63a7-common-args.resp (in target 'nanopb' from project 'nanopb')
    cd /Users/nam/projects/subgallery/store-assets/DerivedData/SourcePackages/checkouts/nanopb
    write-file /Users/nam/projects/subgallery/store-assets/DerivedData/Build/Intermediates.noindex/nanopb.build/Release-iphonesimulator/nanopb.build/Objects-normal/arm64/e6072d4f65d7061329687fe24e3d63a7-common-args.resp
-target arm64-apple-ios12.0-simulator -fobjc-arc -fmodules -gmodules '-fmodules-cache-path=/Users/nam/projects/subgallery/store-assets/DerivedData/ModuleCache.noindex' '-fmodule-name=nanopb' -fpascal-strings -Os -DSWIFT_PACKAGE '-DPB_FIELD_32BIT=1' '-DPB_NO_PACKED_STRUCTS=1' '-DPB_ENABLE_MALLOC=1' '-DOBJC_OLD_DISPATCH_PROTOTYPES=1' -isysroot /Applications/Xcode.app/Contents/Developer/Platforms/iPhoneSimulator.platform/Developer/SDKs/iPhoneSimulator26.1.sdk -g '-fobjc-abi-version=2' -fobjc-legacy-dispatch -I/Users/nam/projects/subgallery/store-assets/DerivedData/Build/Products/Release-iphonesimulator/include -I/Users/nam/projects/subgallery/store-assets/DerivedData/SourcePackages/checkouts/nanopb/spm_headers -I/Users/nam/projects/subgallery/store-assets/DerivedData/Build/Intermediates.noindex/nanopb.build/Release-iphonesimulator/nanopb.build/DerivedSources-normal/arm64 -I/Users/nam/projects/subgallery/store-assets/DerivedData/Build/Intermediates.noindex/nanopb.build/Release-iphonesimulator/nanopb.build/DerivedSources/arm64 -I/Users/nam/projects/subgallery/store-assets/DerivedData/Build/Intermediates.noindex/nanopb.build/Release-iphonesimulator/nanopb.build/DerivedSources -F/Users/nam/projects/subgallery/store-assets/DerivedData/Build/Products/Release-iphonesimulator -iframework /Applications/Xcode.app/Contents/Developer/Platforms/iPhoneSimulator.platform/Developer/Library/Frameworks -iframework /Applications/Xcode.app/Contents/Developer/Platforms/iPhoneSimulator.platform/Developer/SDKs/iPhoneSimulator26.1.sdk/Developer/Library/Frameworks -DXcode

WriteAuxiliaryFile /Users/nam/projects/subgallery/store-assets/DerivedData/Build/Intermediates.noindex/nanopb.build/Release-iphonesimulator/nanopb.build/Objects-normal/arm64/7187679823f38a2a940e0043cdf9d637-common-args.resp (in target 'nanopb' from project 'nanopb')
    cd /Users/nam/projects/subgallery/store-assets/DerivedData/SourcePackages/checkouts/nanopb
    write-file /Users/nam/projects/subgallery/store-assets/DerivedData/Build/Intermediates.noindex/nanopb.build/Release-iphonesimulator/nanopb.build/Objects-normal/arm64/7187679823f38a2a940e0043cdf9d637-common-args.resp
-target arm64-apple-ios12.0-simulator -fmodules -gmodules '-fmodules-cache-path=/Users/nam/projects/subgallery/store-assets/DerivedData/ModuleCache.noindex' '-fmodule-name=nanopb' -fpascal-strings -Os -DSWIFT_PACKAGE '-DPB_FIELD_32BIT=1' '-DPB_NO_PACKED_STRUCTS=1' '-DPB_ENABLE_MALLOC=1' -isysroot /Applications/Xcode.app/Contents/Developer/Platforms/iPhoneSimulator.platform/Developer/SDKs/iPhoneSimulator26.1.sdk -g -I/Users/nam/projects/subgallery/store-assets/DerivedData/Build/Products/Release-iphonesimulator/include -I/Users/nam/projects/subgallery/store-assets/DerivedData/SourcePackages/checkouts/nanopb/spm_headers -I/Users/nam/projects/subgallery/store-assets/DerivedData/Build/Intermediates.noindex/nanopb.build/Release-iphonesimulator/nanopb.build/DerivedSources-normal/arm64 -I/Users/nam/projects/subgallery/store-assets/DerivedData/Build/Intermediates.noindex/nanopb.build/Release-iphonesimulator/nanopb.build/DerivedSources/arm64 -I/Users/nam/projects/subgallery/store-assets/DerivedData/Build/Intermediates.noindex/nanopb.build/Release-iphonesimulator/nanopb.build/DerivedSources -F/Users/nam/projects/subgallery/store-assets/DerivedData/Build/Products/Release-iphonesimulator -iframework /Applications/Xcode.app/Contents/Developer/Platforms/iPhoneSimulator.platform/Developer/Library/Frameworks -iframework /Applications/Xcode.app/Contents/Developer/Platforms/iPhoneSimulator.platform/Developer/SDKs/iPhoneSimulator26.1.sdk/Developer/Library/Frameworks -DXcode

WriteAuxiliaryFile /Users/nam/projects/subgallery/store-assets/DerivedData/Build/Intermediates.noindex/nanopb.build/Release-iphonesimulator/nanopb.build/DerivedSources/resource_bundle_accessor.h (in target 'nanopb' from project 'nanopb')
    cd /Users/nam/projects/subgallery/store-assets/DerivedData/SourcePackages/checkouts/nanopb
    write-file /Users/nam/projects/subgallery/store-assets/DerivedData/Build/Intermediates.noindex/nanopb.build/Release-iphonesimulator/nanopb.build/DerivedSources/resource_bundle_accessor.h

WriteAuxiliaryFile /Users/nam/projects/subgallery/store-assets/DerivedData/Build/Intermediates.noindex/GoogleUtilities.build/Release-iphonesimulator/GoogleUtilities_GoogleUtilities-UserDefaults.build/GoogleUtilities_GoogleUtilities-UserDefaults.DependencyStaticMetadataFileList (in target 'GoogleUtilities_GoogleUtilities-UserDefaults' from project 'GoogleUtilities')
    cd /Users/nam/projects/subgallery/store-assets/DerivedData/SourcePackages/checkouts/GoogleUtilities
    write-file /Users/nam/projects/subgallery/store-assets/DerivedData/Build/Intermediates.noindex/GoogleUtilities.build/Release-iphonesimulator/GoogleUtilities_GoogleUtilities-UserDefaults.build/GoogleUtilities_GoogleUtilities-UserDefaults.DependencyStaticMetadataFileList

WriteAuxiliaryFile /Users/nam/projects/subgallery/store-assets/DerivedData/Build/Intermediates.noindex/GoogleUtilities.build/Release-iphonesimulator/GoogleUtilities_GoogleUtilities-UserDefaults.build/empty-GoogleUtilities_GoogleUtilities-UserDefaults.plist (in target 'GoogleUtilities_GoogleUtilities-UserDefaults' from project 'GoogleUtilities')
    cd /Users/nam/projects/subgallery/store-assets/DerivedData/SourcePackages/checkouts/GoogleUtilities
    write-file /Users/nam/projects/subgallery/store-assets/DerivedData/Build/Intermediates.noindex/GoogleUtilities.build/Release-iphonesimulator/GoogleUtilities_GoogleUtilities-UserDefaults.build/empty-GoogleUtilities_GoogleUtilities-UserDefaults.plist

WriteAuxiliaryFile /Users/nam/projects/subgallery/store-assets/DerivedData/Build/Intermediates.noindex/nanopb.build/Release-iphonesimulator/nanopb.build/DerivedSources/resource_bundle_accessor.m (in target 'nanopb' from project 'nanopb')
    cd /Users/nam/projects/subgallery/store-assets/DerivedData/SourcePackages/checkouts/nanopb
    write-file /Users/nam/projects/subgallery/store-assets/DerivedData/Build/Intermediates.noindex/nanopb.build/Release-iphonesimulator/nanopb.build/DerivedSources/resource_bundle_accessor.m

WriteAuxiliaryFile /Users/nam/projects/subgallery/store-assets/DerivedData/Build/Intermediates.noindex/GoogleUtilities.build/Release-iphonesimulator/GoogleUtilities_GoogleUtilities-UserDefaults.build/GoogleUtilities_GoogleUtilities-UserDefaults.DependencyMetadataFileList (in target 'GoogleUtilities_GoogleUtilities-UserDefaults' from project 'GoogleUtilities')
    cd /Users/nam/projects/subgallery/store-assets/DerivedData/SourcePackages/checkouts/GoogleUtilities
    write-file /Users/nam/projects/subgallery/store-assets/DerivedData/Build/Intermediates.noindex/GoogleUtilities.build/Release-iphonesimulator/GoogleUtilities_GoogleUtilities-UserDefaults.build/GoogleUtilities_GoogleUtilities-UserDefaults.DependencyMetadataFileList

WriteAuxiliaryFile /Users/nam/projects/subgallery/store-assets/DerivedData/Build/Intermediates.noindex/GoogleUtilities.build/Release-iphonesimulator/GoogleUtilities_GoogleUtilities-Reachability.build/GoogleUtilities_GoogleUtilities-Reachability.DependencyStaticMetadataFileList (in target 'GoogleUtilities_GoogleUtilities-Reachability' from project 'GoogleUtilities')
    cd /Users/nam/projects/subgallery/store-assets/DerivedData/SourcePackages/checkouts/GoogleUtilities
    write-file /Users/nam/projects/subgallery/store-assets/DerivedData/Build/Intermediates.noindex/GoogleUtilities.build/Release-iphonesimulator/GoogleUtilities_GoogleUtilities-Reachability.build/GoogleUtilities_GoogleUtilities-Reachability.DependencyStaticMetadataFileList

WriteAuxiliaryFile /Users/nam/projects/subgallery/store-assets/DerivedData/Build/Intermediates.noindex/GoogleUtilities.build/Release-iphonesimulator/GoogleUtilities_GoogleUtilities-Reachability.build/empty-GoogleUtilities_GoogleUtilities-Reachability.plist (in target 'GoogleUtilities_GoogleUtilities-Reachability' from project 'GoogleUtilities')
    cd /Users/nam/projects/subgallery/store-assets/DerivedData/SourcePackages/checkouts/GoogleUtilities
    write-file /Users/nam/projects/subgallery/store-assets/DerivedData/Build/Intermediates.noindex/GoogleUtilities.build/Release-iphonesimulator/GoogleUtilities_GoogleUtilities-Reachability.build/empty-GoogleUtilities_GoogleUtilities-Reachability.plist

WriteAuxiliaryFile /Users/nam/projects/subgallery/store-assets/DerivedData/Build/Intermediates.noindex/GoogleUtilities.build/Release-iphonesimulator/GoogleUtilities_GoogleUtilities-Reachability.build/GoogleUtilities_GoogleUtilities-Reachability.DependencyMetadataFileList (in target 'GoogleUtilities_GoogleUtilities-Reachability' from project 'GoogleUtilities')
    cd /Users/nam/projects/subgallery/store-assets/DerivedData/SourcePackages/checkouts/GoogleUtilities
    write-file /Users/nam/projects/subgallery/store-assets/DerivedData/Build/Intermediates.noindex/GoogleUtilities.build/Release-iphonesimulator/GoogleUtilities_GoogleUtilities-Reachability.build/GoogleUtilities_GoogleUtilities-Reachability.DependencyMetadataFileList

WriteAuxiliaryFile /Users/nam/projects/subgallery/store-assets/DerivedData/Build/Intermediates.noindex/GoogleUtilities.build/Release-iphonesimulator/GoogleUtilities_GoogleUtilities-Network.build/empty-GoogleUtilities_GoogleUtilities-Network.plist (in target 'GoogleUtilities_GoogleUtilities-Network' from project 'GoogleUtilities')
    cd /Users/nam/projects/subgallery/store-assets/DerivedData/SourcePackages/checkouts/GoogleUtilities
    write-file /Users/nam/projects/subgallery/store-assets/DerivedData/Build/Intermediates.noindex/GoogleUtilities.build/Release-iphonesimulator/GoogleUtilities_GoogleUtilities-Network.build/empty-GoogleUtilities_GoogleUtilities-Network.plist

WriteAuxiliaryFile /Users/nam/projects/subgallery/store-assets/DerivedData/Build/Intermediates.noindex/GoogleUtilities.build/Release-iphonesimulator/GoogleUtilities_GoogleUtilities-Network.build/GoogleUtilities_GoogleUtilities-Network.DependencyStaticMetadataFileList (in target 'GoogleUtilities_GoogleUtilities-Network' from project 'GoogleUtilities')
    cd /Users/nam/projects/subgallery/store-assets/DerivedData/SourcePackages/checkouts/GoogleUtilities
    write-file /Users/nam/projects/subgallery/store-assets/DerivedData/Build/Intermediates.noindex/GoogleUtilities.build/Release-iphonesimulator/GoogleUtilities_GoogleUtilities-Network.build/GoogleUtilities_GoogleUtilities-Network.DependencyStaticMetadataFileList

WriteAuxiliaryFile /Users/nam/projects/subgallery/store-assets/DerivedData/Build/Intermediates.noindex/GoogleUtilities.build/Release-iphonesimulator/GoogleUtilities_GoogleUtilities-Network.build/GoogleUtilities_GoogleUtilities-Network.DependencyMetadataFileList (in target 'GoogleUtilities_GoogleUtilities-Network' from project 'GoogleUtilities')
    cd /Users/nam/projects/subgallery/store-assets/DerivedData/SourcePackages/checkouts/GoogleUtilities
    write-file /Users/nam/projects/subgallery/store-assets/DerivedData/Build/Intermediates.noindex/GoogleUtilities.build/Release-iphonesimulator/GoogleUtilities_GoogleUtilities-Network.build/GoogleUtilities_GoogleUtilities-Network.DependencyMetadataFileList

WriteAuxiliaryFile /Users/nam/projects/subgallery/store-assets/DerivedData/Build/Intermediates.noindex/GoogleUtilities.build/Release-iphonesimulator/GoogleUtilities_GoogleUtilities-MethodSwizzler.build/GoogleUtilities_GoogleUtilities-MethodSwizzler.DependencyStaticMetadataFileList (in target 'GoogleUtilities_GoogleUtilities-MethodSwizzler' from project 'GoogleUtilities')
    cd /Users/nam/projects/subgallery/store-assets/DerivedData/SourcePackages/checkouts/GoogleUtilities
    write-file /Users/nam/projects/subgallery/store-assets/DerivedData/Build/Intermediates.noindex/GoogleUtilities.build/Release-iphonesimulator/GoogleUtilities_GoogleUtilities-MethodSwizzler.build/GoogleUtilities_GoogleUtilities-MethodSwizzler.DependencyStaticMetadataFileList

WriteAuxiliaryFile /Users/nam/projects/subgallery/store-assets/DerivedData/Build/Intermediates.noindex/GoogleUtilities.build/Release-iphonesimulator/GoogleUtilities_GoogleUtilities-MethodSwizzler.build/empty-GoogleUtilities_GoogleUtilities-MethodSwizzler.plist (in target 'GoogleUtilities_GoogleUtilities-MethodSwizzler' from project 'GoogleUtilities')
    cd /Users/nam/projects/subgallery/store-assets/DerivedData/SourcePackages/checkouts/GoogleUtilities
    write-file /Users/nam/projects/subgallery/store-assets/DerivedData/Build/Intermediates.noindex/GoogleUtilities.build/Release-iphonesimulator/GoogleUtilities_GoogleUtilities-MethodSwizzler.build/empty-GoogleUtilities_GoogleUtilities-MethodSwizzler.plist

Copy /Users/nam/projects/subgallery/store-assets/DerivedData/Build/Intermediates.noindex/GeneratedModuleMaps-iphonesimulator/third-party-IsAppEncrypted.modulemap /Users/nam/projects/subgallery/store-assets/DerivedData/Build/Intermediates.noindex/GoogleUtilities.build/Release-iphonesimulator/third-party-IsAppEncrypted.build/third-party-IsAppEncrypted.modulemap (in target 'third-party-IsAppEncrypted' from project 'GoogleUtilities')
    cd /Users/nam/projects/subgallery/store-assets/DerivedData/SourcePackages/checkouts/GoogleUtilities
    builtin-copy -exclude .DS_Store -exclude CVS -exclude .svn -exclude .git -exclude .hg -strip-unsigned-binaries -strip-deterministic -strip-tool /Applications/Xcode.app/Contents/Developer/Toolchains/XcodeDefault.xctoolchain/usr/bin/strip -resolve-src-symlinks /Users/nam/projects/subgallery/store-assets/DerivedData/Build/Intermediates.noindex/GoogleUtilities.build/Release-iphonesimulator/third-party-IsAppEncrypted.build/third-party-IsAppEncrypted.modulemap /Users/nam/projects/subgallery/store-assets/DerivedData/Build/Intermediates.noindex/GeneratedModuleMaps-iphonesimulator

Copy /Users/nam/projects/subgallery/store-assets/DerivedData/Build/Intermediates.noindex/GeneratedModuleMaps-iphonesimulator/nanopb.modulemap /Users/nam/projects/subgallery/store-assets/DerivedData/Build/Intermediates.noindex/nanopb.build/Release-iphonesimulator/nanopb.build/nanopb.modulemap (in target 'nanopb' from project 'nanopb')
    cd /Users/nam/projects/subgallery/store-assets/DerivedData/SourcePackages/checkouts/nanopb
    builtin-copy -exclude .DS_Store -exclude CVS -exclude .svn -exclude .git -exclude .hg -strip-unsigned-binaries -strip-deterministic -strip-tool /Applications/Xcode.app/Contents/Developer/Toolchains/XcodeDefault.xctoolchain/usr/bin/strip -resolve-src-symlinks /Users/nam/projects/subgallery/store-assets/DerivedData/Build/Intermediates.noindex/nanopb.build/Release-iphonesimulator/nanopb.build/nanopb.modulemap /Users/nam/projects/subgallery/store-assets/DerivedData/Build/Intermediates.noindex/GeneratedModuleMaps-iphonesimulator

WriteAuxiliaryFile /Users/nam/projects/subgallery/store-assets/DerivedData/Build/Intermediates.noindex/GoogleUtilities.build/Release-iphonesimulator/GoogleUtilities_GoogleUtilities-MethodSwizzler.build/GoogleUtilities_GoogleUtilities-MethodSwizzler.DependencyMetadataFileList (in target 'GoogleUtilities_GoogleUtilities-MethodSwizzler' from project 'GoogleUtilities')
    cd /Users/nam/projects/subgallery/store-assets/DerivedData/SourcePackages/checkouts/GoogleUtilities
    write-file /Users/nam/projects/subgallery/store-assets/DerivedData/Build/Intermediates.noindex/GoogleUtilities.build/Release-iphonesimulator/GoogleUtilities_GoogleUtilities-MethodSwizzler.build/GoogleUtilities_GoogleUtilities-MethodSwizzler.DependencyMetadataFileList

WriteAuxiliaryFile /Users/nam/projects/subgallery/store-assets/DerivedData/Build/Intermediates.noindex/GoogleUtilities.build/Release-iphonesimulator/GoogleUtilities_GoogleUtilities-Logger.build/empty-GoogleUtilities_GoogleUtilities-Logger.plist (in target 'GoogleUtilities_GoogleUtilities-Logger' from project 'GoogleUtilities')
    cd /Users/nam/projects/subgallery/store-assets/DerivedData/SourcePackages/checkouts/GoogleUtilities
    write-file /Users/nam/projects/subgallery/store-assets/DerivedData/Build/Intermediates.noindex/GoogleUtilities.build/Release-iphonesimulator/GoogleUtilities_GoogleUtilities-Logger.build/empty-GoogleUtilities_GoogleUtilities-Logger.plist

WriteAuxiliaryFile /Users/nam/projects/subgallery/store-assets/DerivedData/Build/Intermediates.noindex/GoogleUtilities.build/Release-iphonesimulator/GoogleUtilities_GoogleUtilities-Logger.build/GoogleUtilities_GoogleUtilities-Logger.DependencyStaticMetadataFileList (in target 'GoogleUtilities_GoogleUtilities-Logger' from project 'GoogleUtilities')
    cd /Users/nam/projects/subgallery/store-assets/DerivedData/SourcePackages/checkouts/GoogleUtilities
    write-file /Users/nam/projects/subgallery/store-assets/DerivedData/Build/Intermediates.noindex/GoogleUtilities.build/Release-iphonesimulator/GoogleUtilities_GoogleUtilities-Logger.build/GoogleUtilities_GoogleUtilities-Logger.DependencyStaticMetadataFileList

WriteAuxiliaryFile /Users/nam/projects/subgallery/store-assets/DerivedData/Build/Intermediates.noindex/GoogleUtilities.build/Release-iphonesimulator/GoogleUtilities_GoogleUtilities-Logger.build/GoogleUtilities_GoogleUtilities-Logger.DependencyMetadataFileList (in target 'GoogleUtilities_GoogleUtilities-Logger' from project 'GoogleUtilities')
    cd /Users/nam/projects/subgallery/store-assets/DerivedData/SourcePackages/checkouts/GoogleUtilities
    write-file /Users/nam/projects/subgallery/store-assets/DerivedData/Build/Intermediates.noindex/GoogleUtilities.build/Release-iphonesimulator/GoogleUtilities_GoogleUtilities-Logger.build/GoogleUtilities_GoogleUtilities-Logger.DependencyMetadataFileList

WriteAuxiliaryFile /Users/nam/projects/subgallery/store-assets/DerivedData/Build/Intermediates.noindex/GoogleUtilities.build/Release-iphonesimulator/GoogleUtilities_GoogleUtilities-Environment.build/empty-GoogleUtilities_GoogleUtilities-Environment.plist (in target 'GoogleUtilities_GoogleUtilities-Environment' from project 'GoogleUtilities')
    cd /Users/nam/projects/subgallery/store-assets/DerivedData/SourcePackages/checkouts/GoogleUtilities
    write-file /Users/nam/projects/subgallery/store-assets/DerivedData/Build/Intermediates.noindex/GoogleUtilities.build/Release-iphonesimulator/GoogleUtilities_GoogleUtilities-Environment.build/empty-GoogleUtilities_GoogleUtilities-Environment.plist

WriteAuxiliaryFile /Users/nam/projects/subgallery/store-assets/DerivedData/Build/Intermediates.noindex/GoogleUtilities.build/Release-iphonesimulator/GoogleUtilities_GoogleUtilities-Environment.build/GoogleUtilities_GoogleUtilities-Environment.DependencyStaticMetadataFileList (in target 'GoogleUtilities_GoogleUtilities-Environment' from project 'GoogleUtilities')
    cd /Users/nam/projects/subgallery/store-assets/DerivedData/SourcePackages/checkouts/GoogleUtilities
    write-file /Users/nam/projects/subgallery/store-assets/DerivedData/Build/Intermediates.noindex/GoogleUtilities.build/Release-iphonesimulator/GoogleUtilities_GoogleUtilities-Environment.build/GoogleUtilities_GoogleUtilities-Environment.DependencyStaticMetadataFileList

WriteAuxiliaryFile /Users/nam/projects/subgallery/store-assets/DerivedData/Build/Intermediates.noindex/GoogleUtilities.build/Release-iphonesimulator/GoogleUtilities_GoogleUtilities-Environment.build/GoogleUtilities_GoogleUtilities-Environment.DependencyMetadataFileList (in target 'GoogleUtilities_GoogleUtilities-Environment' from project 'GoogleUtilities')
    cd /Users/nam/projects/subgallery/store-assets/DerivedData/SourcePackages/checkouts/GoogleUtilities
    write-file /Users/nam/projects/subgallery/store-assets/DerivedData/Build/Intermediates.noindex/GoogleUtilities.build/Release-iphonesimulator/GoogleUtilities_GoogleUtilities-Environment.build/GoogleUtilities_GoogleUtilities-Environment.DependencyMetadataFileList

WriteAuxiliaryFile /Users/nam/projects/subgallery/store-assets/DerivedData/Build/Intermediates.noindex/GoogleUtilities.build/Release-iphonesimulator/GoogleUtilities_GoogleUtilities-AppDelegateSwizzler.build/empty-GoogleUtilities_GoogleUtilities-AppDelegateSwizzler.plist (in target 'GoogleUtilities_GoogleUtilities-AppDelegateSwizzler' from project 'GoogleUtilities')
    cd /Users/nam/projects/subgallery/store-assets/DerivedData/SourcePackages/checkouts/GoogleUtilities
    write-file /Users/nam/projects/subgallery/store-assets/DerivedData/Build/Intermediates.noindex/GoogleUtilities.build/Release-iphonesimulator/GoogleUtilities_GoogleUtilities-AppDelegateSwizzler.build/empty-GoogleUtilities_GoogleUtilities-AppDelegateSwizzler.plist

WriteAuxiliaryFile /Users/nam/projects/subgallery/store-assets/DerivedData/Build/Intermediates.noindex/GoogleUtilities.build/Release-iphonesimulator/GoogleUtilities_GoogleUtilities-AppDelegateSwizzler.build/GoogleUtilities_GoogleUtilities-AppDelegateSwizzler.DependencyStaticMetadataFileList (in target 'GoogleUtilities_GoogleUtilities-AppDelegateSwizzler' from project 'GoogleUtilities')
    cd /Users/nam/projects/subgallery/store-assets/DerivedData/SourcePackages/checkouts/GoogleUtilities
    write-file /Users/nam/projects/subgallery/store-assets/DerivedData/Build/Intermediates.noindex/GoogleUtilities.build/Release-iphonesimulator/GoogleUtilities_GoogleUtilities-AppDelegateSwizzler.build/GoogleUtilities_GoogleUtilities-AppDelegateSwizzler.DependencyStaticMetadataFileList

WriteAuxiliaryFile /Users/nam/projects/subgallery/store-assets/DerivedData/Build/Intermediates.noindex/GoogleUtilities.build/Release-iphonesimulator/GoogleUtilities_GoogleUtilities-AppDelegateSwizzler.build/GoogleUtilities_GoogleUtilities-AppDelegateSwizzler.DependencyMetadataFileList (in target 'GoogleUtilities_GoogleUtilities-AppDelegateSwizzler' from project 'GoogleUtilities')
    cd /Users/nam/projects/subgallery/store-assets/DerivedData/SourcePackages/checkouts/GoogleUtilities
    write-file /Users/nam/projects/subgallery/store-assets/DerivedData/Build/Intermediates.noindex/GoogleUtilities.build/Release-iphonesimulator/GoogleUtilities_GoogleUtilities-AppDelegateSwizzler.build/GoogleUtilities_GoogleUtilities-AppDelegateSwizzler.DependencyMetadataFileList

WriteAuxiliaryFile /Users/nam/projects/subgallery/store-assets/DerivedData/Build/Intermediates.noindex/GoogleUtilities.build/Release-iphonesimulator/GoogleUtilities-UserDefaults.build/Objects-normal/arm64/e6072d4f65d7061329687fe24e3d63a7-common-args.resp (in target 'GoogleUtilities-UserDefaults' from project 'GoogleUtilities')
    cd /Users/nam/projects/subgallery/store-assets/DerivedData/SourcePackages/checkouts/GoogleUtilities
    write-file /Users/nam/projects/subgallery/store-assets/DerivedData/Build/Intermediates.noindex/GoogleUtilities.build/Release-iphonesimulator/GoogleUtilities-UserDefaults.build/Objects-normal/arm64/e6072d4f65d7061329687fe24e3d63a7-common-args.resp
-target arm64-apple-ios12.0-simulator '-std=c99' -fobjc-arc -fmodules -gmodules '-fmodules-cache-path=/Users/nam/projects/subgallery/store-assets/DerivedData/ModuleCache.noindex' '-fmodule-name=GoogleUtilities_UserDefaults' -fpascal-strings -Os -DSWIFT_PACKAGE '-DOBJC_OLD_DISPATCH_PROTOTYPES=1' -isysroot /Applications/Xcode.app/Contents/Developer/Platforms/iPhoneSimulator.platform/Developer/SDKs/iPhoneSimulator26.1.sdk -g '-fobjc-abi-version=2' -fobjc-legacy-dispatch -I/Users/nam/projects/subgallery/store-assets/DerivedData/SourcePackages/checkouts/GoogleUtilities/GoogleUtilities/Logger/Public -I/Users/nam/projects/subgallery/store-assets/DerivedData/SourcePackages/checkouts/GoogleUtilities/GoogleUtilities/Environment/Public -I/Users/nam/projects/subgallery/store-assets/DerivedData/SourcePackages/checkouts/GoogleUtilities/third_party/IsAppEncrypted/Public -I/Users/nam/projects/subgallery/store-assets/DerivedData/Build/Products/Release-iphonesimulator/include -I/Users/nam/projects/subgallery/store-assets/DerivedData/SourcePackages/checkouts/GoogleUtilities/GoogleUtilities/UserDefaults/Public -I/Users/nam/projects/subgallery/store-assets/DerivedData/SourcePackages/checkouts/GoogleUtilities -I/Users/nam/projects/subgallery/store-assets/DerivedData/Build/Intermediates.noindex/GoogleUtilities.build/Release-iphonesimulator/GoogleUtilities-UserDefaults.build/DerivedSources-normal/arm64 -I/Users/nam/projects/subgallery/store-assets/DerivedData/Build/Intermediates.noindex/GoogleUtilities.build/Release-iphonesimulator/GoogleUtilities-UserDefaults.build/DerivedSources/arm64 -I/Users/nam/projects/subgallery/store-assets/DerivedData/Build/Intermediates.noindex/GoogleUtilities.build/Release-iphonesimulator/GoogleUtilities-UserDefaults.build/DerivedSources -F/Users/nam/projects/subgallery/store-assets/DerivedData/Build/Products/Release-iphonesimulator/PackageFrameworks -F/Users/nam/projects/subgallery/store-assets/DerivedData/Build/Products/Release-iphonesimulator/PackageFrameworks -F/Users/nam/projects/subgallery/store-assets/DerivedData/Build/Products/Release-iphonesimulator/PackageFrameworks -F/Users/nam/projects/subgallery/store-assets/DerivedData/Build/Products/Release-iphonesimulator -iframework /Applications/Xcode.app/Contents/Developer/Platforms/iPhoneSimulator.platform/Developer/Library/Frameworks -iframework /Applications/Xcode.app/Contents/Developer/Platforms/iPhoneSimulator.platform/Developer/SDKs/iPhoneSimulator26.1.sdk/Developer/Library/Frameworks '-fmodule-map-file=/Users/nam/projects/subgallery/store-assets/DerivedData/Build/Intermediates.noindex/GeneratedModuleMaps-iphonesimulator/GoogleUtilities-Logger.modulemap' '-fmodule-map-file=/Users/nam/projects/subgallery/store-assets/DerivedData/Build/Intermediates.noindex/GeneratedModuleMaps-iphonesimulator/GoogleUtilities-Environment.modulemap' '-fmodule-map-file=/Users/nam/projects/subgallery/store-assets/DerivedData/Build/Intermediates.noindex/GeneratedModuleMaps-iphonesimulator/third-party-IsAppEncrypted.modulemap' -DXcode

WriteAuxiliaryFile /Users/nam/projects/subgallery/store-assets/DerivedData/Build/Intermediates.noindex/GoogleUtilities.build/Release-iphonesimulator/GoogleUtilities-UserDefaults.build/Objects-normal/arm64/GoogleUtilities-UserDefaults.LinkFileList (in target 'GoogleUtilities-UserDefaults' from project 'GoogleUtilities')
    cd /Users/nam/projects/subgallery/store-assets/DerivedData/SourcePackages/checkouts/GoogleUtilities
    write-file /Users/nam/projects/subgallery/store-assets/DerivedData/Build/Intermediates.noindex/GoogleUtilities.build/Release-iphonesimulator/GoogleUtilities-UserDefaults.build/Objects-normal/arm64/GoogleUtilities-UserDefaults.LinkFileList

WriteAuxiliaryFile /Users/nam/projects/subgallery/store-assets/DerivedData/Build/Intermediates.noindex/GoogleUtilities.build/Release-iphonesimulator/GoogleUtilities-UserDefaults.build/GoogleUtilities-UserDefaults.modulemap (in target 'GoogleUtilities-UserDefaults' from project 'GoogleUtilities')
    cd /Users/nam/projects/subgallery/store-assets/DerivedData/SourcePackages/checkouts/GoogleUtilities
    write-file /Users/nam/projects/subgallery/store-assets/DerivedData/Build/Intermediates.noindex/GoogleUtilities.build/Release-iphonesimulator/GoogleUtilities-UserDefaults.build/GoogleUtilities-UserDefaults.modulemap

WriteAuxiliaryFile /Users/nam/projects/subgallery/store-assets/DerivedData/Build/Intermediates.noindex/GoogleUtilities.build/Release-iphonesimulator/GoogleUtilities-UserDefaults.build/GoogleUtilities-UserDefaults.DependencyStaticMetadataFileList (in target 'GoogleUtilities-UserDefaults' from project 'GoogleUtilities')
    cd /Users/nam/projects/subgallery/store-assets/DerivedData/SourcePackages/checkouts/GoogleUtilities
    write-file /Users/nam/projects/subgallery/store-assets/DerivedData/Build/Intermediates.noindex/GoogleUtilities.build/Release-iphonesimulator/GoogleUtilities-UserDefaults.build/GoogleUtilities-UserDefaults.DependencyStaticMetadataFileList

WriteAuxiliaryFile /Users/nam/projects/subgallery/store-assets/DerivedData/Build/Intermediates.noindex/GoogleUtilities.build/Release-iphonesimulator/GoogleUtilities-UserDefaults.build/GoogleUtilities-UserDefaults.DependencyMetadataFileList (in target 'GoogleUtilities-UserDefaults' from project 'GoogleUtilities')
    cd /Users/nam/projects/subgallery/store-assets/DerivedData/SourcePackages/checkouts/GoogleUtilities
    write-file /Users/nam/projects/subgallery/store-assets/DerivedData/Build/Intermediates.noindex/GoogleUtilities.build/Release-iphonesimulator/GoogleUtilities-UserDefaults.build/GoogleUtilities-UserDefaults.DependencyMetadataFileList

WriteAuxiliaryFile /Users/nam/projects/subgallery/store-assets/DerivedData/Build/Intermediates.noindex/GoogleUtilities.build/Release-iphonesimulator/GoogleUtilities-UserDefaults.build/DerivedSources/resource_bundle_accessor.h (in target 'GoogleUtilities-UserDefaults' from project 'GoogleUtilities')
    cd /Users/nam/projects/subgallery/store-assets/DerivedData/SourcePackages/checkouts/GoogleUtilities
    write-file /Users/nam/projects/subgallery/store-assets/DerivedData/Build/Intermediates.noindex/GoogleUtilities.build/Release-iphonesimulator/GoogleUtilities-UserDefaults.build/DerivedSources/resource_bundle_accessor.h

WriteAuxiliaryFile /Users/nam/projects/subgallery/store-assets/DerivedData/Build/Intermediates.noindex/GoogleUtilities.build/Release-iphonesimulator/GoogleUtilities-UserDefaults.build/DerivedSources/resource_bundle_accessor.m (in target 'GoogleUtilities-UserDefaults' from project 'GoogleUtilities')
    cd /Users/nam/projects/subgallery/store-assets/DerivedData/SourcePackages/checkouts/GoogleUtilities
    write-file /Users/nam/projects/subgallery/store-assets/DerivedData/Build/Intermediates.noindex/GoogleUtilities.build/Release-iphonesimulator/GoogleUtilities-UserDefaults.build/DerivedSources/resource_bundle_accessor.m

WriteAuxiliaryFile /Users/nam/projects/subgallery/store-assets/DerivedData/Build/Intermediates.noindex/GoogleUtilities.build/Release-iphonesimulator/GoogleUtilities-Reachability.build/GoogleUtilities-Reachability.modulemap (in target 'GoogleUtilities-Reachability' from project 'GoogleUtilities')
    cd /Users/nam/projects/subgallery/store-assets/DerivedData/SourcePackages/checkouts/GoogleUtilities
    write-file /Users/nam/projects/subgallery/store-assets/DerivedData/Build/Intermediates.noindex/GoogleUtilities.build/Release-iphonesimulator/GoogleUtilities-Reachability.build/GoogleUtilities-Reachability.modulemap

WriteAuxiliaryFile /Users/nam/projects/subgallery/store-assets/DerivedData/Build/Intermediates.noindex/GoogleUtilities.build/Release-iphonesimulator/GoogleUtilities-Reachability.build/Objects-normal/arm64/e6072d4f65d7061329687fe24e3d63a7-common-args.resp (in target 'GoogleUtilities-Reachability' from project 'GoogleUtilities')
    cd /Users/nam/projects/subgallery/store-assets/DerivedData/SourcePackages/checkouts/GoogleUtilities
    write-file /Users/nam/projects/subgallery/store-assets/DerivedData/Build/Intermediates.noindex/GoogleUtilities.build/Release-iphonesimulator/GoogleUtilities-Reachability.build/Objects-normal/arm64/e6072d4f65d7061329687fe24e3d63a7-common-args.resp
-target arm64-apple-ios12.0-simulator '-std=c99' -fobjc-arc -fmodules -gmodules '-fmodules-cache-path=/Users/nam/projects/subgallery/store-assets/DerivedData/ModuleCache.noindex' '-fmodule-name=GoogleUtilities_Reachability' -fpascal-strings -Os -DSWIFT_PACKAGE '-DOBJC_OLD_DISPATCH_PROTOTYPES=1' -isysroot /Applications/Xcode.app/Contents/Developer/Platforms/iPhoneSimulator.platform/Developer/SDKs/iPhoneSimulator26.1.sdk -g '-fobjc-abi-version=2' -fobjc-legacy-dispatch -I/Users/nam/projects/subgallery/store-assets/DerivedData/SourcePackages/checkouts/GoogleUtilities/GoogleUtilities/Logger/Public -I/Users/nam/projects/subgallery/store-assets/DerivedData/SourcePackages/checkouts/GoogleUtilities/GoogleUtilities/Environment/Public -I/Users/nam/projects/subgallery/store-assets/DerivedData/SourcePackages/checkouts/GoogleUtilities/third_party/IsAppEncrypted/Public -I/Users/nam/projects/subgallery/store-assets/DerivedData/Build/Products/Release-iphonesimulator/include -I/Users/nam/projects/subgallery/store-assets/DerivedData/SourcePackages/checkouts/GoogleUtilities/GoogleUtilities/Reachability/Public -I/Users/nam/projects/subgallery/store-assets/DerivedData/SourcePackages/checkouts/GoogleUtilities -I/Users/nam/projects/subgallery/store-assets/DerivedData/Build/Intermediates.noindex/GoogleUtilities.build/Release-iphonesimulator/GoogleUtilities-Reachability.build/DerivedSources-normal/arm64 -I/Users/nam/projects/subgallery/store-assets/DerivedData/Build/Intermediates.noindex/GoogleUtilities.build/Release-iphonesimulator/GoogleUtilities-Reachability.build/DerivedSources/arm64 -I/Users/nam/projects/subgallery/store-assets/DerivedData/Build/Intermediates.noindex/GoogleUtilities.build/Release-iphonesimulator/GoogleUtilities-Reachability.build/DerivedSources -F/Users/nam/projects/subgallery/store-assets/DerivedData/Build/Products/Release-iphonesimulator/PackageFrameworks -F/Users/nam/projects/subgallery/store-assets/DerivedData/Build/Products/Release-iphonesimulator/PackageFrameworks -F/Users/nam/projects/subgallery/store-assets/DerivedData/Build/Products/Release-iphonesimulator/PackageFrameworks -F/Users/nam/projects/subgallery/store-assets/DerivedData/Build/Products/Release-iphonesimulator -iframework /Applications/Xcode.app/Contents/Developer/Platforms/iPhoneSimulator.platform/Developer/Library/Frameworks -iframework /Applications/Xcode.app/Contents/Developer/Platforms/iPhoneSimulator.platform/Developer/SDKs/iPhoneSimulator26.1.sdk/Developer/Library/Frameworks '-fmodule-map-file=/Users/nam/projects/subgallery/store-assets/DerivedData/Build/Intermediates.noindex/GeneratedModuleMaps-iphonesimulator/GoogleUtilities-Logger.modulemap' '-fmodule-map-file=/Users/nam/projects/subgallery/store-assets/DerivedData/Build/Intermediates.noindex/GeneratedModuleMaps-iphonesimulator/GoogleUtilities-Environment.modulemap' '-fmodule-map-file=/Users/nam/projects/subgallery/store-assets/DerivedData/Build/Intermediates.noindex/GeneratedModuleMaps-iphonesimulator/third-party-IsAppEncrypted.modulemap' -DXcode

WriteAuxiliaryFile /Users/nam/projects/subgallery/store-assets/DerivedData/Build/Intermediates.noindex/GoogleUtilities.build/Release-iphonesimulator/GoogleUtilities-Reachability.build/Objects-normal/arm64/GoogleUtilities-Reachability.LinkFileList (in target 'GoogleUtilities-Reachability' from project 'GoogleUtilities')
    cd /Users/nam/projects/subgallery/store-assets/DerivedData/SourcePackages/checkouts/GoogleUtilities
    write-file /Users/nam/projects/subgallery/store-assets/DerivedData/Build/Intermediates.noindex/GoogleUtilities.build/Release-iphonesimulator/GoogleUtilities-Reachability.build/Objects-normal/arm64/GoogleUtilities-Reachability.LinkFileList

Copy /Users/nam/projects/subgallery/store-assets/DerivedData/Build/Intermediates.noindex/GeneratedModuleMaps-iphonesimulator/GoogleUtilities-UserDefaults.modulemap /Users/nam/projects/subgallery/store-assets/DerivedData/Build/Intermediates.noindex/GoogleUtilities.build/Release-iphonesimulator/GoogleUtilities-UserDefaults.build/GoogleUtilities-UserDefaults.modulemap (in target 'GoogleUtilities-UserDefaults' from project 'GoogleUtilities')
    cd /Users/nam/projects/subgallery/store-assets/DerivedData/SourcePackages/checkouts/GoogleUtilities
    builtin-copy -exclude .DS_Store -exclude CVS -exclude .svn -exclude .git -exclude .hg -strip-unsigned-binaries -strip-deterministic -strip-tool /Applications/Xcode.app/Contents/Developer/Toolchains/XcodeDefault.xctoolchain/usr/bin/strip -resolve-src-symlinks /Users/nam/projects/subgallery/store-assets/DerivedData/Build/Intermediates.noindex/GoogleUtilities.build/Release-iphonesimulator/GoogleUtilities-UserDefaults.build/GoogleUtilities-UserDefaults.modulemap /Users/nam/projects/subgallery/store-assets/DerivedData/Build/Intermediates.noindex/GeneratedModuleMaps-iphonesimulator

WriteAuxiliaryFile /Users/nam/projects/subgallery/store-assets/DerivedData/Build/Intermediates.noindex/GoogleUtilities.build/Release-iphonesimulator/GoogleUtilities-Reachability.build/GoogleUtilities-Reachability.DependencyStaticMetadataFileList (in target 'GoogleUtilities-Reachability' from project 'GoogleUtilities')
    cd /Users/nam/projects/subgallery/store-assets/DerivedData/SourcePackages/checkouts/GoogleUtilities
    write-file /Users/nam/projects/subgallery/store-assets/DerivedData/Build/Intermediates.noindex/GoogleUtilities.build/Release-iphonesimulator/GoogleUtilities-Reachability.build/GoogleUtilities-Reachability.DependencyStaticMetadataFileList

WriteAuxiliaryFile /Users/nam/projects/subgallery/store-assets/DerivedData/Build/Intermediates.noindex/GoogleUtilities.build/Release-iphonesimulator/GoogleUtilities-Reachability.build/GoogleUtilities-Reachability.DependencyMetadataFileList (in target 'GoogleUtilities-Reachability' from project 'GoogleUtilities')
    cd /Users/nam/projects/subgallery/store-assets/DerivedData/SourcePackages/checkouts/GoogleUtilities
    write-file /Users/nam/projects/subgallery/store-assets/DerivedData/Build/Intermediates.noindex/GoogleUtilities.build/Release-iphonesimulator/GoogleUtilities-Reachability.build/GoogleUtilities-Reachability.DependencyMetadataFileList

WriteAuxiliaryFile /Users/nam/projects/subgallery/store-assets/DerivedData/Build/Intermediates.noindex/GoogleUtilities.build/Release-iphonesimulator/GoogleUtilities-Reachability.build/DerivedSources/resource_bundle_accessor.m (in target 'GoogleUtilities-Reachability' from project 'GoogleUtilities')
    cd /Users/nam/projects/subgallery/store-assets/DerivedData/SourcePackages/checkouts/GoogleUtilities
    write-file /Users/nam/projects/subgallery/store-assets/DerivedData/Build/Intermediates.noindex/GoogleUtilities.build/Release-iphonesimulator/GoogleUtilities-Reachability.build/DerivedSources/resource_bundle_accessor.m

WriteAuxiliaryFile /Users/nam/projects/subgallery/store-assets/DerivedData/Build/Intermediates.noindex/GoogleUtilities.build/Release-iphonesimulator/GoogleUtilities-Reachability.build/DerivedSources/resource_bundle_accessor.h (in target 'GoogleUtilities-Reachability' from project 'GoogleUtilities')
    cd /Users/nam/projects/subgallery/store-assets/DerivedData/SourcePackages/checkouts/GoogleUtilities
    write-file /Users/nam/projects/subgallery/store-assets/DerivedData/Build/Intermediates.noindex/GoogleUtilities.build/Release-iphonesimulator/GoogleUtilities-Reachability.build/DerivedSources/resource_bundle_accessor.h

Copy /Users/nam/projects/subgallery/store-assets/DerivedData/Build/Intermediates.noindex/GeneratedModuleMaps-iphonesimulator/GoogleUtilities-Reachability.modulemap /Users/nam/projects/subgallery/store-assets/DerivedData/Build/Intermediates.noindex/GoogleUtilities.build/Release-iphonesimulator/GoogleUtilities-Reachability.build/GoogleUtilities-Reachability.modulemap (in target 'GoogleUtilities-Reachability' from project 'GoogleUtilities')
    cd /Users/nam/projects/subgallery/store-assets/DerivedData/SourcePackages/checkouts/GoogleUtilities
    builtin-copy -exclude .DS_Store -exclude CVS -exclude .svn -exclude .git -exclude .hg -strip-unsigned-binaries -strip-deterministic -strip-tool /Applications/Xcode.app/Contents/Developer/Toolchains/XcodeDefault.xctoolchain/usr/bin/strip -resolve-src-symlinks /Users/nam/projects/subgallery/store-assets/DerivedData/Build/Intermediates.noindex/GoogleUtilities.build/Release-iphonesimulator/GoogleUtilities-Reachability.build/GoogleUtilities-Reachability.modulemap /Users/nam/projects/subgallery/store-assets/DerivedData/Build/Intermediates.noindex/GeneratedModuleMaps-iphonesimulator

WriteAuxiliaryFile /Users/nam/projects/subgallery/store-assets/DerivedData/Build/Intermediates.noindex/GoogleUtilities.build/Release-iphonesimulator/GoogleUtilities-Network.build/Objects-normal/arm64/e6072d4f65d7061329687fe24e3d63a7-common-args.resp (in target 'GoogleUtilities-Network' from project 'GoogleUtilities')
    cd /Users/nam/projects/subgallery/store-assets/DerivedData/SourcePackages/checkouts/GoogleUtilities
    write-file /Users/nam/projects/subgallery/store-assets/DerivedData/Build/Intermediates.noindex/GoogleUtilities.build/Release-iphonesimulator/GoogleUtilities-Network.build/Objects-normal/arm64/e6072d4f65d7061329687fe24e3d63a7-common-args.resp
-target arm64-apple-ios12.0-simulator '-std=c99' -fobjc-arc -fmodules -gmodules '-fmodules-cache-path=/Users/nam/projects/subgallery/store-assets/DerivedData/ModuleCache.noindex' '-fmodule-name=GoogleUtilities_Network' -fpascal-strings -Os -DSWIFT_PACKAGE '-DOBJC_OLD_DISPATCH_PROTOTYPES=1' -isysroot /Applications/Xcode.app/Contents/Developer/Platforms/iPhoneSimulator.platform/Developer/SDKs/iPhoneSimulator26.1.sdk -g '-fobjc-abi-version=2' -fobjc-legacy-dispatch -I/Users/nam/projects/subgallery/store-assets/DerivedData/SourcePackages/checkouts/GoogleUtilities/GoogleUtilities/Reachability/Public -I/Users/nam/projects/subgallery/store-assets/DerivedData/SourcePackages/checkouts/GoogleUtilities/GoogleUtilities/NSData+zlib/Public -I/Users/nam/projects/subgallery/store-assets/DerivedData/SourcePackages/checkouts/GoogleUtilities/GoogleUtilities/Logger/Public -I/Users/nam/projects/subgallery/store-assets/DerivedData/SourcePackages/checkouts/GoogleUtilities/GoogleUtilities/Environment/Public -I/Users/nam/projects/subgallery/store-assets/DerivedData/SourcePackages/checkouts/GoogleUtilities/third_party/IsAppEncrypted/Public -I/Users/nam/projects/subgallery/store-assets/DerivedData/Build/Products/Release-iphonesimulator/include -I/Users/nam/projects/subgallery/store-assets/DerivedData/SourcePackages/checkouts/GoogleUtilities/GoogleUtilities/Network/Public -I/Users/nam/projects/subgallery/store-assets/DerivedData/SourcePackages/checkouts/GoogleUtilities -I/Users/nam/projects/subgallery/store-assets/DerivedData/Build/Intermediates.noindex/GoogleUtilities.build/Release-iphonesimulator/GoogleUtilities-Network.build/DerivedSources-normal/arm64 -I/Users/nam/projects/subgallery/store-assets/DerivedData/Build/Intermediates.noindex/GoogleUtilities.build/Release-iphonesimulator/GoogleUtilities-Network.build/DerivedSources/arm64 -I/Users/nam/projects/subgallery/store-assets/DerivedData/Build/Intermediates.noindex/GoogleUtilities.build/Release-iphonesimulator/GoogleUtilities-Network.build/DerivedSources -F/Users/nam/projects/subgallery/store-assets/DerivedData/Build/Products/Release-iphonesimulator/PackageFrameworks -F/Users/nam/projects/subgallery/store-assets/DerivedData/Build/Products/Release-iphonesimulator/PackageFrameworks -F/Users/nam/projects/subgallery/store-assets/DerivedData/Build/Products/Release-iphonesimulator/PackageFrameworks -F/Users/nam/projects/subgallery/store-assets/DerivedData/Build/Products/Release-iphonesimulator/PackageFrameworks -F/Users/nam/projects/subgallery/store-assets/DerivedData/Build/Products/Release-iphonesimulator/PackageFrameworks -F/Users/nam/projects/subgallery/store-assets/DerivedData/Build/Products/Release-iphonesimulator -iframework /Applications/Xcode.app/Contents/Developer/Platforms/iPhoneSimulator.platform/Developer/Library/Frameworks -iframework /Applications/Xcode.app/Contents/Developer/Platforms/iPhoneSimulator.platform/Developer/SDKs/iPhoneSimulator26.1.sdk/Developer/Library/Frameworks '-fmodule-map-file=/Users/nam/projects/subgallery/store-assets/DerivedData/Build/Intermediates.noindex/GeneratedModuleMaps-iphonesimulator/GoogleUtilities-Reachability.modulemap' '-fmodule-map-file=/Users/nam/projects/subgallery/store-assets/DerivedData/Build/Intermediates.noindex/GeneratedModuleMaps-iphonesimulator/GoogleUtilities-NSData.modulemap' '-fmodule-map-file=/Users/nam/projects/subgallery/store-assets/DerivedData/Build/Intermediates.noindex/GeneratedModuleMaps-iphonesimulator/GoogleUtilities-Logger.modulemap' '-fmodule-map-file=/Users/nam/projects/subgallery/store-assets/DerivedData/Build/Intermediates.noindex/GeneratedModuleMaps-iphonesimulator/GoogleUtilities-Environment.modulemap' '-fmodule-map-file=/Users/nam/projects/subgallery/store-assets/DerivedData/Build/Intermediates.noindex/GeneratedModuleMaps-iphonesimulator/third-party-IsAppEncrypted.modulemap' -DXcode

WriteAuxiliaryFile /Users/nam/projects/subgallery/store-assets/DerivedData/Build/Intermediates.noindex/GoogleUtilities.build/Release-iphonesimulator/GoogleUtilities-Network.build/Objects-normal/arm64/GoogleUtilities-Network.LinkFileList (in target 'GoogleUtilities-Network' from project 'GoogleUtilities')
    cd /Users/nam/projects/subgallery/store-assets/DerivedData/SourcePackages/checkouts/GoogleUtilities
    write-file /Users/nam/projects/subgallery/store-assets/DerivedData/Build/Intermediates.noindex/GoogleUtilities.build/Release-iphonesimulator/GoogleUtilities-Network.build/Objects-normal/arm64/GoogleUtilities-Network.LinkFileList

WriteAuxiliaryFile /Users/nam/projects/subgallery/store-assets/DerivedData/Build/Intermediates.noindex/GoogleUtilities.build/Release-iphonesimulator/GoogleUtilities-Network.build/GoogleUtilities-Network.DependencyMetadataFileList (in target 'GoogleUtilities-Network' from project 'GoogleUtilities')
    cd /Users/nam/projects/subgallery/store-assets/DerivedData/SourcePackages/checkouts/GoogleUtilities
    write-file /Users/nam/projects/subgallery/store-assets/DerivedData/Build/Intermediates.noindex/GoogleUtilities.build/Release-iphonesimulator/GoogleUtilities-Network.build/GoogleUtilities-Network.DependencyMetadataFileList

WriteAuxiliaryFile /Users/nam/projects/subgallery/store-assets/DerivedData/Build/Intermediates.noindex/GoogleUtilities.build/Release-iphonesimulator/GoogleUtilities-Network.build/GoogleUtilities-Network.modulemap (in target 'GoogleUtilities-Network' from project 'GoogleUtilities')
    cd /Users/nam/projects/subgallery/store-assets/DerivedData/SourcePackages/checkouts/GoogleUtilities
    write-file /Users/nam/projects/subgallery/store-assets/DerivedData/Build/Intermediates.noindex/GoogleUtilities.build/Release-iphonesimulator/GoogleUtilities-Network.build/GoogleUtilities-Network.modulemap

WriteAuxiliaryFile /Users/nam/projects/subgallery/store-assets/DerivedData/Build/Intermediates.noindex/GoogleUtilities.build/Release-iphonesimulator/GoogleUtilities-Network.build/GoogleUtilities-Network.DependencyStaticMetadataFileList (in target 'GoogleUtilities-Network' from project 'GoogleUtilities')
    cd /Users/nam/projects/subgallery/store-assets/DerivedData/SourcePackages/checkouts/GoogleUtilities
    write-file /Users/nam/projects/subgallery/store-assets/DerivedData/Build/Intermediates.noindex/GoogleUtilities.build/Release-iphonesimulator/GoogleUtilities-Network.build/GoogleUtilities-Network.DependencyStaticMetadataFileList

WriteAuxiliaryFile /Users/nam/projects/subgallery/store-assets/DerivedData/Build/Intermediates.noindex/GoogleUtilities.build/Release-iphonesimulator/GoogleUtilities-Network.build/DerivedSources/resource_bundle_accessor.h (in target 'GoogleUtilities-Network' from project 'GoogleUtilities')
    cd /Users/nam/projects/subgallery/store-assets/DerivedData/SourcePackages/checkouts/GoogleUtilities
    write-file /Users/nam/projects/subgallery/store-assets/DerivedData/Build/Intermediates.noindex/GoogleUtilities.build/Release-iphonesimulator/GoogleUtilities-Network.build/DerivedSources/resource_bundle_accessor.h

WriteAuxiliaryFile /Users/nam/projects/subgallery/store-assets/DerivedData/Build/Intermediates.noindex/GoogleUtilities.build/Release-iphonesimulator/GoogleUtilities-Network.build/DerivedSources/resource_bundle_accessor.m (in target 'GoogleUtilities-Network' from project 'GoogleUtilities')
    cd /Users/nam/projects/subgallery/store-assets/DerivedData/SourcePackages/checkouts/GoogleUtilities
    write-file /Users/nam/projects/subgallery/store-assets/DerivedData/Build/Intermediates.noindex/GoogleUtilities.build/Release-iphonesimulator/GoogleUtilities-Network.build/DerivedSources/resource_bundle_accessor.m

WriteAuxiliaryFile /Users/nam/projects/subgallery/store-assets/DerivedData/Build/Intermediates.noindex/GoogleUtilities.build/Release-iphonesimulator/GoogleUtilities-NSData.build/Objects-normal/arm64/e6072d4f65d7061329687fe24e3d63a7-common-args.resp (in target 'GoogleUtilities-NSData' from project 'GoogleUtilities')
    cd /Users/nam/projects/subgallery/store-assets/DerivedData/SourcePackages/checkouts/GoogleUtilities
    write-file /Users/nam/projects/subgallery/store-assets/DerivedData/Build/Intermediates.noindex/GoogleUtilities.build/Release-iphonesimulator/GoogleUtilities-NSData.build/Objects-normal/arm64/e6072d4f65d7061329687fe24e3d63a7-common-args.resp
-target arm64-apple-ios12.0-simulator '-std=c99' -fobjc-arc -fmodules -gmodules '-fmodules-cache-path=/Users/nam/projects/subgallery/store-assets/DerivedData/ModuleCache.noindex' '-fmodule-name=GoogleUtilities_NSData' -fpascal-strings -Os -DSWIFT_PACKAGE '-DOBJC_OLD_DISPATCH_PROTOTYPES=1' -isysroot /Applications/Xcode.app/Contents/Developer/Platforms/iPhoneSimulator.platform/Developer/SDKs/iPhoneSimulator26.1.sdk -g '-fobjc-abi-version=2' -fobjc-legacy-dispatch -I/Users/nam/projects/subgallery/store-assets/DerivedData/Build/Products/Release-iphonesimulator/include -I/Users/nam/projects/subgallery/store-assets/DerivedData/SourcePackages/checkouts/GoogleUtilities/GoogleUtilities/NSData+zlib/Public -I/Users/nam/projects/subgallery/store-assets/DerivedData/SourcePackages/checkouts/GoogleUtilities -I/Users/nam/projects/subgallery/store-assets/DerivedData/Build/Intermediates.noindex/GoogleUtilities.build/Release-iphonesimulator/GoogleUtilities-NSData.build/DerivedSources-normal/arm64 -I/Users/nam/projects/subgallery/store-assets/DerivedData/Build/Intermediates.noindex/GoogleUtilities.build/Release-iphonesimulator/GoogleUtilities-NSData.build/DerivedSources/arm64 -I/Users/nam/projects/subgallery/store-assets/DerivedData/Build/Intermediates.noindex/GoogleUtilities.build/Release-iphonesimulator/GoogleUtilities-NSData.build/DerivedSources -F/Users/nam/projects/subgallery/store-assets/DerivedData/Build/Products/Release-iphonesimulator -iframework /Applications/Xcode.app/Contents/Developer/Platforms/iPhoneSimulator.platform/Developer/Library/Frameworks -iframework /Applications/Xcode.app/Contents/Developer/Platforms/iPhoneSimulator.platform/Developer/SDKs/iPhoneSimulator26.1.sdk/Developer/Library/Frameworks -DXcode

WriteAuxiliaryFile /Users/nam/projects/subgallery/store-assets/DerivedData/Build/Intermediates.noindex/GoogleUtilities.build/Release-iphonesimulator/GoogleUtilities-NSData.build/Objects-normal/arm64/GoogleUtilities-NSData.LinkFileList (in target 'GoogleUtilities-NSData' from project 'GoogleUtilities')
    cd /Users/nam/projects/subgallery/store-assets/DerivedData/SourcePackages/checkouts/GoogleUtilities
    write-file /Users/nam/projects/subgallery/store-assets/DerivedData/Build/Intermediates.noindex/GoogleUtilities.build/Release-iphonesimulator/GoogleUtilities-NSData.build/Objects-normal/arm64/GoogleUtilities-NSData.LinkFileList

WriteAuxiliaryFile /Users/nam/projects/subgallery/store-assets/DerivedData/Build/Intermediates.noindex/GoogleUtilities.build/Release-iphonesimulator/GoogleUtilities-NSData.build/GoogleUtilities-NSData.modulemap (in target 'GoogleUtilities-NSData' from project 'GoogleUtilities')
    cd /Users/nam/projects/subgallery/store-assets/DerivedData/SourcePackages/checkouts/GoogleUtilities
    write-file /Users/nam/projects/subgallery/store-assets/DerivedData/Build/Intermediates.noindex/GoogleUtilities.build/Release-iphonesimulator/GoogleUtilities-NSData.build/GoogleUtilities-NSData.modulemap

WriteAuxiliaryFile /Users/nam/projects/subgallery/store-assets/DerivedData/Build/Intermediates.noindex/GoogleUtilities.build/Release-iphonesimulator/GoogleUtilities-NSData.build/GoogleUtilities-NSData.DependencyStaticMetadataFileList (in target 'GoogleUtilities-NSData' from project 'GoogleUtilities')
    cd /Users/nam/projects/subgallery/store-assets/DerivedData/SourcePackages/checkouts/GoogleUtilities
    write-file /Users/nam/projects/subgallery/store-assets/DerivedData/Build/Intermediates.noindex/GoogleUtilities.build/Release-iphonesimulator/GoogleUtilities-NSData.build/GoogleUtilities-NSData.DependencyStaticMetadataFileList

WriteAuxiliaryFile /Users/nam/projects/subgallery/store-assets/DerivedData/Build/Intermediates.noindex/GoogleUtilities.build/Release-iphonesimulator/GoogleUtilities-NSData.build/GoogleUtilities-NSData.DependencyMetadataFileList (in target 'GoogleUtilities-NSData' from project 'GoogleUtilities')
    cd /Users/nam/projects/subgallery/store-assets/DerivedData/SourcePackages/checkouts/GoogleUtilities
    write-file /Users/nam/projects/subgallery/store-assets/DerivedData/Build/Intermediates.noindex/GoogleUtilities.build/Release-iphonesimulator/GoogleUtilities-NSData.build/GoogleUtilities-NSData.DependencyMetadataFileList

Copy /Users/nam/projects/subgallery/store-assets/DerivedData/Build/Intermediates.noindex/GeneratedModuleMaps-iphonesimulator/GoogleUtilities-Network.modulemap /Users/nam/projects/subgallery/store-assets/DerivedData/Build/Intermediates.noindex/GoogleUtilities.build/Release-iphonesimulator/GoogleUtilities-Network.build/GoogleUtilities-Network.modulemap (in target 'GoogleUtilities-Network' from project 'GoogleUtilities')
    cd /Users/nam/projects/subgallery/store-assets/DerivedData/SourcePackages/checkouts/GoogleUtilities
    builtin-copy -exclude .DS_Store -exclude CVS -exclude .svn -exclude .git -exclude .hg -strip-unsigned-binaries -strip-deterministic -strip-tool /Applications/Xcode.app/Contents/Developer/Toolchains/XcodeDefault.xctoolchain/usr/bin/strip -resolve-src-symlinks /Users/nam/projects/subgallery/store-assets/DerivedData/Build/Intermediates.noindex/GoogleUtilities.build/Release-iphonesimulator/GoogleUtilities-Network.build/GoogleUtilities-Network.modulemap /Users/nam/projects/subgallery/store-assets/DerivedData/Build/Intermediates.noindex/GeneratedModuleMaps-iphonesimulator

WriteAuxiliaryFile /Users/nam/projects/subgallery/store-assets/DerivedData/Build/Intermediates.noindex/GoogleUtilities.build/Release-iphonesimulator/GoogleUtilities-NSData.build/DerivedSources/resource_bundle_accessor.m (in target 'GoogleUtilities-NSData' from project 'GoogleUtilities')
    cd /Users/nam/projects/subgallery/store-assets/DerivedData/SourcePackages/checkouts/GoogleUtilities
    write-file /Users/nam/projects/subgallery/store-assets/DerivedData/Build/Intermediates.noindex/GoogleUtilities.build/Release-iphonesimulator/GoogleUtilities-NSData.build/DerivedSources/resource_bundle_accessor.m

WriteAuxiliaryFile /Users/nam/projects/subgallery/store-assets/DerivedData/Build/Intermediates.noindex/GoogleUtilities.build/Release-iphonesimulator/GoogleUtilities-NSData.build/DerivedSources/resource_bundle_accessor.h (in target 'GoogleUtilities-NSData' from project 'GoogleUtilities')
    cd /Users/nam/projects/subgallery/store-assets/DerivedData/SourcePackages/checkouts/GoogleUtilities
    write-file /Users/nam/projects/subgallery/store-assets/DerivedData/Build/Intermediates.noindex/GoogleUtilities.build/Release-iphonesimulator/GoogleUtilities-NSData.build/DerivedSources/resource_bundle_accessor.h

WriteAuxiliaryFile /Users/nam/projects/subgallery/store-assets/DerivedData/Build/Intermediates.noindex/GoogleUtilities.build/Release-iphonesimulator/GoogleUtilities-MethodSwizzler.build/Objects-normal/arm64/e6072d4f65d7061329687fe24e3d63a7-common-args.resp (in target 'GoogleUtilities-MethodSwizzler' from project 'GoogleUtilities')
    cd /Users/nam/projects/subgallery/store-assets/DerivedData/SourcePackages/checkouts/GoogleUtilities
    write-file /Users/nam/projects/subgallery/store-assets/DerivedData/Build/Intermediates.noindex/GoogleUtilities.build/Release-iphonesimulator/GoogleUtilities-MethodSwizzler.build/Objects-normal/arm64/e6072d4f65d7061329687fe24e3d63a7-common-args.resp
-target arm64-apple-ios12.0-simulator '-std=c99' -fobjc-arc -fmodules -gmodules '-fmodules-cache-path=/Users/nam/projects/subgallery/store-assets/DerivedData/ModuleCache.noindex' '-fmodule-name=GoogleUtilities_MethodSwizzler' -fpascal-strings -Os -DSWIFT_PACKAGE '-DOBJC_OLD_DISPATCH_PROTOTYPES=1' -isysroot /Applications/Xcode.app/Contents/Developer/Platforms/iPhoneSimulator.platform/Developer/SDKs/iPhoneSimulator26.1.sdk -g '-fobjc-abi-version=2' -fobjc-legacy-dispatch -I/Users/nam/projects/subgallery/store-assets/DerivedData/SourcePackages/checkouts/GoogleUtilities/GoogleUtilities/Logger/Public -I/Users/nam/projects/subgallery/store-assets/DerivedData/SourcePackages/checkouts/GoogleUtilities/GoogleUtilities/Environment/Public -I/Users/nam/projects/subgallery/store-assets/DerivedData/SourcePackages/checkouts/GoogleUtilities/third_party/IsAppEncrypted/Public -I/Users/nam/projects/subgallery/store-assets/DerivedData/Build/Products/Release-iphonesimulator/include -I/Users/nam/projects/subgallery/store-assets/DerivedData/SourcePackages/checkouts/GoogleUtilities/GoogleUtilities/MethodSwizzler/Public -I/Users/nam/projects/subgallery/store-assets/DerivedData/SourcePackages/checkouts/GoogleUtilities -I/Users/nam/projects/subgallery/store-assets/DerivedData/Build/Intermediates.noindex/GoogleUtilities.build/Release-iphonesimulator/GoogleUtilities-MethodSwizzler.build/DerivedSources-normal/arm64 -I/Users/nam/projects/subgallery/store-assets/DerivedData/Build/Intermediates.noindex/GoogleUtilities.build/Release-iphonesimulator/GoogleUtilities-MethodSwizzler.build/DerivedSources/arm64 -I/Users/nam/projects/subgallery/store-assets/DerivedData/Build/Intermediates.noindex/GoogleUtilities.build/Release-iphonesimulator/GoogleUtilities-MethodSwizzler.build/DerivedSources -F/Users/nam/projects/subgallery/store-assets/DerivedData/Build/Products/Release-iphonesimulator/PackageFrameworks -F/Users/nam/projects/subgallery/store-assets/DerivedData/Build/Products/Release-iphonesimulator/PackageFrameworks -F/Users/nam/projects/subgallery/store-assets/DerivedData/Build/Products/Release-iphonesimulator/PackageFrameworks -F/Users/nam/projects/subgallery/store-assets/DerivedData/Build/Products/Release-iphonesimulator -iframework /Applications/Xcode.app/Contents/Developer/Platforms/iPhoneSimulator.platform/Developer/Library/Frameworks -iframework /Applications/Xcode.app/Contents/Developer/Platforms/iPhoneSimulator.platform/Developer/SDKs/iPhoneSimulator26.1.sdk/Developer/Library/Frameworks '-fmodule-map-file=/Users/nam/projects/subgallery/store-assets/DerivedData/Build/Intermediates.noindex/GeneratedModuleMaps-iphonesimulator/GoogleUtilities-Logger.modulemap' '-fmodule-map-file=/Users/nam/projects/subgallery/store-assets/DerivedData/Build/Intermediates.noindex/GeneratedModuleMaps-iphonesimulator/GoogleUtilities-Environment.modulemap' '-fmodule-map-file=/Users/nam/projects/subgallery/store-assets/DerivedData/Build/Intermediates.noindex/GeneratedModuleMaps-iphonesimulator/third-party-IsAppEncrypted.modulemap' -DXcode

WriteAuxiliaryFile /Users/nam/projects/subgallery/store-assets/DerivedData/Build/Intermediates.noindex/GoogleUtilities.build/Release-iphonesimulator/GoogleUtilities-MethodSwizzler.build/Objects-normal/arm64/GoogleUtilities-MethodSwizzler.LinkFileList (in target 'GoogleUtilities-MethodSwizzler' from project 'GoogleUtilities')
    cd /Users/nam/projects/subgallery/store-assets/DerivedData/SourcePackages/checkouts/GoogleUtilities
    write-file /Users/nam/projects/subgallery/store-assets/DerivedData/Build/Intermediates.noindex/GoogleUtilities.build/Release-iphonesimulator/GoogleUtilities-MethodSwizzler.build/Objects-normal/arm64/GoogleUtilities-MethodSwizzler.LinkFileList

WriteAuxiliaryFile /Users/nam/projects/subgallery/store-assets/DerivedData/Build/Intermediates.noindex/GoogleUtilities.build/Release-iphonesimulator/GoogleUtilities-MethodSwizzler.build/GoogleUtilities-MethodSwizzler.modulemap (in target 'GoogleUtilities-MethodSwizzler' from project 'GoogleUtilities')
    cd /Users/nam/projects/subgallery/store-assets/DerivedData/SourcePackages/checkouts/GoogleUtilities
    write-file /Users/nam/projects/subgallery/store-assets/DerivedData/Build/Intermediates.noindex/GoogleUtilities.build/Release-iphonesimulator/GoogleUtilities-MethodSwizzler.build/GoogleUtilities-MethodSwizzler.modulemap

WriteAuxiliaryFile /Users/nam/projects/subgallery/store-assets/DerivedData/Build/Intermediates.noindex/GoogleUtilities.build/Release-iphonesimulator/GoogleUtilities-MethodSwizzler.build/GoogleUtilities-MethodSwizzler.DependencyStaticMetadataFileList (in target 'GoogleUtilities-MethodSwizzler' from project 'GoogleUtilities')
    cd /Users/nam/projects/subgallery/store-assets/DerivedData/SourcePackages/checkouts/GoogleUtilities
    write-file /Users/nam/projects/subgallery/store-assets/DerivedData/Build/Intermediates.noindex/GoogleUtilities.build/Release-iphonesimulator/GoogleUtilities-MethodSwizzler.build/GoogleUtilities-MethodSwizzler.DependencyStaticMetadataFileList

Copy /Users/nam/projects/subgallery/store-assets/DerivedData/Build/Intermediates.noindex/GeneratedModuleMaps-iphonesimulator/GoogleUtilities-NSData.modulemap /Users/nam/projects/subgallery/store-assets/DerivedData/Build/Intermediates.noindex/GoogleUtilities.build/Release-iphonesimulator/GoogleUtilities-NSData.build/GoogleUtilities-NSData.modulemap (in target 'GoogleUtilities-NSData' from project 'GoogleUtilities')
    cd /Users/nam/projects/subgallery/store-assets/DerivedData/SourcePackages/checkouts/GoogleUtilities
    builtin-copy -exclude .DS_Store -exclude CVS -exclude .svn -exclude .git -exclude .hg -strip-unsigned-binaries -strip-deterministic -strip-tool /Applications/Xcode.app/Contents/Developer/Toolchains/XcodeDefault.xctoolchain/usr/bin/strip -resolve-src-symlinks /Users/nam/projects/subgallery/store-assets/DerivedData/Build/Intermediates.noindex/GoogleUtilities.build/Release-iphonesimulator/GoogleUtilities-NSData.build/GoogleUtilities-NSData.modulemap /Users/nam/projects/subgallery/store-assets/DerivedData/Build/Intermediates.noindex/GeneratedModuleMaps-iphonesimulator

WriteAuxiliaryFile /Users/nam/projects/subgallery/store-assets/DerivedData/Build/Intermediates.noindex/GoogleUtilities.build/Release-iphonesimulator/GoogleUtilities-MethodSwizzler.build/GoogleUtilities-MethodSwizzler.DependencyMetadataFileList (in target 'GoogleUtilities-MethodSwizzler' from project 'GoogleUtilities')
    cd /Users/nam/projects/subgallery/store-assets/DerivedData/SourcePackages/checkouts/GoogleUtilities
    write-file /Users/nam/projects/subgallery/store-assets/DerivedData/Build/Intermediates.noindex/GoogleUtilities.build/Release-iphonesimulator/GoogleUtilities-MethodSwizzler.build/GoogleUtilities-MethodSwizzler.DependencyMetadataFileList

WriteAuxiliaryFile /Users/nam/projects/subgallery/store-assets/DerivedData/Build/Intermediates.noindex/GoogleUtilities.build/Release-iphonesimulator/GoogleUtilities-MethodSwizzler.build/DerivedSources/resource_bundle_accessor.m (in target 'GoogleUtilities-MethodSwizzler' from project 'GoogleUtilities')
    cd /Users/nam/projects/subgallery/store-assets/DerivedData/SourcePackages/checkouts/GoogleUtilities
    write-file /Users/nam/projects/subgallery/store-assets/DerivedData/Build/Intermediates.noindex/GoogleUtilities.build/Release-iphonesimulator/GoogleUtilities-MethodSwizzler.build/DerivedSources/resource_bundle_accessor.m

WriteAuxiliaryFile /Users/nam/projects/subgallery/store-assets/DerivedData/Build/Intermediates.noindex/GoogleUtilities.build/Release-iphonesimulator/GoogleUtilities-MethodSwizzler.build/DerivedSources/resource_bundle_accessor.h (in target 'GoogleUtilities-MethodSwizzler' from project 'GoogleUtilities')
    cd /Users/nam/projects/subgallery/store-assets/DerivedData/SourcePackages/checkouts/GoogleUtilities
    write-file /Users/nam/projects/subgallery/store-assets/DerivedData/Build/Intermediates.noindex/GoogleUtilities.build/Release-iphonesimulator/GoogleUtilities-MethodSwizzler.build/DerivedSources/resource_bundle_accessor.h

WriteAuxiliaryFile /Users/nam/projects/subgallery/store-assets/DerivedData/Build/Intermediates.noindex/GoogleUtilities.build/Release-iphonesimulator/GoogleUtilities-Logger.build/Objects-normal/arm64/GoogleUtilities-Logger.LinkFileList (in target 'GoogleUtilities-Logger' from project 'GoogleUtilities')
    cd /Users/nam/projects/subgallery/store-assets/DerivedData/SourcePackages/checkouts/GoogleUtilities
    write-file /Users/nam/projects/subgallery/store-assets/DerivedData/Build/Intermediates.noindex/GoogleUtilities.build/Release-iphonesimulator/GoogleUtilities-Logger.build/Objects-normal/arm64/GoogleUtilities-Logger.LinkFileList

WriteAuxiliaryFile /Users/nam/projects/subgallery/store-assets/DerivedData/Build/Intermediates.noindex/GoogleUtilities.build/Release-iphonesimulator/GoogleUtilities-Logger.build/Objects-normal/arm64/e6072d4f65d7061329687fe24e3d63a7-common-args.resp (in target 'GoogleUtilities-Logger' from project 'GoogleUtilities')
    cd /Users/nam/projects/subgallery/store-assets/DerivedData/SourcePackages/checkouts/GoogleUtilities
    write-file /Users/nam/projects/subgallery/store-assets/DerivedData/Build/Intermediates.noindex/GoogleUtilities.build/Release-iphonesimulator/GoogleUtilities-Logger.build/Objects-normal/arm64/e6072d4f65d7061329687fe24e3d63a7-common-args.resp
-target arm64-apple-ios12.0-simulator '-std=c99' -fobjc-arc -fmodules -gmodules '-fmodules-cache-path=/Users/nam/projects/subgallery/store-assets/DerivedData/ModuleCache.noindex' '-fmodule-name=GoogleUtilities_Logger' -fpascal-strings -Os -DSWIFT_PACKAGE '-DOBJC_OLD_DISPATCH_PROTOTYPES=1' -isysroot /Applications/Xcode.app/Contents/Developer/Platforms/iPhoneSimulator.platform/Developer/SDKs/iPhoneSimulator26.1.sdk -g '-fobjc-abi-version=2' -fobjc-legacy-dispatch -I/Users/nam/projects/subgallery/store-assets/DerivedData/SourcePackages/checkouts/GoogleUtilities/GoogleUtilities/Environment/Public -I/Users/nam/projects/subgallery/store-assets/DerivedData/SourcePackages/checkouts/GoogleUtilities/third_party/IsAppEncrypted/Public -I/Users/nam/projects/subgallery/store-assets/DerivedData/Build/Products/Release-iphonesimulator/include -I/Users/nam/projects/subgallery/store-assets/DerivedData/SourcePackages/checkouts/GoogleUtilities/GoogleUtilities/Logger/Public -I/Users/nam/projects/subgallery/store-assets/DerivedData/SourcePackages/checkouts/GoogleUtilities -I/Users/nam/projects/subgallery/store-assets/DerivedData/Build/Intermediates.noindex/GoogleUtilities.build/Release-iphonesimulator/GoogleUtilities-Logger.build/DerivedSources-normal/arm64 -I/Users/nam/projects/subgallery/store-assets/DerivedData/Build/Intermediates.noindex/GoogleUtilities.build/Release-iphonesimulator/GoogleUtilities-Logger.build/DerivedSources/arm64 -I/Users/nam/projects/subgallery/store-assets/DerivedData/Build/Intermediates.noindex/GoogleUtilities.build/Release-iphonesimulator/GoogleUtilities-Logger.build/DerivedSources -F/Users/nam/projects/subgallery/store-assets/DerivedData/Build/Products/Release-iphonesimulator/PackageFrameworks -F/Users/nam/projects/subgallery/store-assets/DerivedData/Build/Products/Release-iphonesimulator/PackageFrameworks -F/Users/nam/projects/subgallery/store-assets/DerivedData/Build/Products/Release-iphonesimulator -iframework /Applications/Xcode.app/Contents/Developer/Platforms/iPhoneSimulator.platform/Developer/Library/Frameworks -iframework /Applications/Xcode.app/Contents/Developer/Platforms/iPhoneSimulator.platform/Developer/SDKs/iPhoneSimulator26.1.sdk/Developer/Library/Frameworks '-fmodule-map-file=/Users/nam/projects/subgallery/store-assets/DerivedData/Build/Intermediates.noindex/GeneratedModuleMaps-iphonesimulator/GoogleUtilities-Environment.modulemap' '-fmodule-map-file=/Users/nam/projects/subgallery/store-assets/DerivedData/Build/Intermediates.noindex/GeneratedModuleMaps-iphonesimulator/third-party-IsAppEncrypted.modulemap' -DXcode

WriteAuxiliaryFile /Users/nam/projects/subgallery/store-assets/DerivedData/Build/Intermediates.noindex/GoogleUtilities.build/Release-iphonesimulator/GoogleUtilities-Logger.build/GoogleUtilities-Logger.modulemap (in target 'GoogleUtilities-Logger' from project 'GoogleUtilities')
    cd /Users/nam/projects/subgallery/store-assets/DerivedData/SourcePackages/checkouts/GoogleUtilities
    write-file /Users/nam/projects/subgallery/store-assets/DerivedData/Build/Intermediates.noindex/GoogleUtilities.build/Release-iphonesimulator/GoogleUtilities-Logger.build/GoogleUtilities-Logger.modulemap

WriteAuxiliaryFile /Users/nam/projects/subgallery/store-assets/DerivedData/Build/Intermediates.noindex/GoogleUtilities.build/Release-iphonesimulator/GoogleUtilities-Logger.build/GoogleUtilities-Logger.DependencyStaticMetadataFileList (in target 'GoogleUtilities-Logger' from project 'GoogleUtilities')
    cd /Users/nam/projects/subgallery/store-assets/DerivedData/SourcePackages/checkouts/GoogleUtilities
    write-file /Users/nam/projects/subgallery/store-assets/DerivedData/Build/Intermediates.noindex/GoogleUtilities.build/Release-iphonesimulator/GoogleUtilities-Logger.build/GoogleUtilities-Logger.DependencyStaticMetadataFileList

Copy /Users/nam/projects/subgallery/store-assets/DerivedData/Build/Intermediates.noindex/GeneratedModuleMaps-iphonesimulator/GoogleUtilities-MethodSwizzler.modulemap /Users/nam/projects/subgallery/store-assets/DerivedData/Build/Intermediates.noindex/GoogleUtilities.build/Release-iphonesimulator/GoogleUtilities-MethodSwizzler.build/GoogleUtilities-MethodSwizzler.modulemap (in target 'GoogleUtilities-MethodSwizzler' from project 'GoogleUtilities')
    cd /Users/nam/projects/subgallery/store-assets/DerivedData/SourcePackages/checkouts/GoogleUtilities
    builtin-copy -exclude .DS_Store -exclude CVS -exclude .svn -exclude .git -exclude .hg -strip-unsigned-binaries -strip-deterministic -strip-tool /Applications/Xcode.app/Contents/Developer/Toolchains/XcodeDefault.xctoolchain/usr/bin/strip -resolve-src-symlinks /Users/nam/projects/subgallery/store-assets/DerivedData/Build/Intermediates.noindex/GoogleUtilities.build/Release-iphonesimulator/GoogleUtilities-MethodSwizzler.build/GoogleUtilities-MethodSwizzler.modulemap /Users/nam/projects/subgallery/store-assets/DerivedData/Build/Intermediates.noindex/GeneratedModuleMaps-iphonesimulator

WriteAuxiliaryFile /Users/nam/projects/subgallery/store-assets/DerivedData/Build/Intermediates.noindex/GoogleUtilities.build/Release-iphonesimulator/GoogleUtilities-Logger.build/GoogleUtilities-Logger.DependencyMetadataFileList (in target 'GoogleUtilities-Logger' from project 'GoogleUtilities')
    cd /Users/nam/projects/subgallery/store-assets/DerivedData/SourcePackages/checkouts/GoogleUtilities
    write-file /Users/nam/projects/subgallery/store-assets/DerivedData/Build/Intermediates.noindex/GoogleUtilities.build/Release-iphonesimulator/GoogleUtilities-Logger.build/GoogleUtilities-Logger.DependencyMetadataFileList

WriteAuxiliaryFile /Users/nam/projects/subgallery/store-assets/DerivedData/Build/Intermediates.noindex/GoogleUtilities.build/Release-iphonesimulator/GoogleUtilities-Logger.build/DerivedSources/resource_bundle_accessor.h (in target 'GoogleUtilities-Logger' from project 'GoogleUtilities')
    cd /Users/nam/projects/subgallery/store-assets/DerivedData/SourcePackages/checkouts/GoogleUtilities
    write-file /Users/nam/projects/subgallery/store-assets/DerivedData/Build/Intermediates.noindex/GoogleUtilities.build/Release-iphonesimulator/GoogleUtilities-Logger.build/DerivedSources/resource_bundle_accessor.h

WriteAuxiliaryFile /Users/nam/projects/subgallery/store-assets/DerivedData/Build/Intermediates.noindex/GoogleUtilities.build/Release-iphonesimulator/GoogleUtilities-Logger.build/DerivedSources/resource_bundle_accessor.m (in target 'GoogleUtilities-Logger' from project 'GoogleUtilities')
    cd /Users/nam/projects/subgallery/store-assets/DerivedData/SourcePackages/checkouts/GoogleUtilities
    write-file /Users/nam/projects/subgallery/store-assets/DerivedData/Build/Intermediates.noindex/GoogleUtilities.build/Release-iphonesimulator/GoogleUtilities-Logger.build/DerivedSources/resource_bundle_accessor.m

WriteAuxiliaryFile /Users/nam/projects/subgallery/store-assets/DerivedData/Build/Intermediates.noindex/GoogleUtilities.build/Release-iphonesimulator/GoogleUtilities-Environment.build/Objects-normal/arm64/GoogleUtilities-Environment.LinkFileList (in target 'GoogleUtilities-Environment' from project 'GoogleUtilities')
    cd /Users/nam/projects/subgallery/store-assets/DerivedData/SourcePackages/checkouts/GoogleUtilities
    write-file /Users/nam/projects/subgallery/store-assets/DerivedData/Build/Intermediates.noindex/GoogleUtilities.build/Release-iphonesimulator/GoogleUtilities-Environment.build/Objects-normal/arm64/GoogleUtilities-Environment.LinkFileList

WriteAuxiliaryFile /Users/nam/projects/subgallery/store-assets/DerivedData/Build/Intermediates.noindex/GoogleUtilities.build/Release-iphonesimulator/GoogleUtilities-Environment.build/Objects-normal/arm64/e6072d4f65d7061329687fe24e3d63a7-common-args.resp (in target 'GoogleUtilities-Environment' from project 'GoogleUtilities')
    cd /Users/nam/projects/subgallery/store-assets/DerivedData/SourcePackages/checkouts/GoogleUtilities
    write-file /Users/nam/projects/subgallery/store-assets/DerivedData/Build/Intermediates.noindex/GoogleUtilities.build/Release-iphonesimulator/GoogleUtilities-Environment.build/Objects-normal/arm64/e6072d4f65d7061329687fe24e3d63a7-common-args.resp
-target arm64-apple-ios12.0-simulator '-std=c99' -fobjc-arc -fmodules -gmodules '-fmodules-cache-path=/Users/nam/projects/subgallery/store-assets/DerivedData/ModuleCache.noindex' '-fmodule-name=GoogleUtilities_Environment' -fpascal-strings -Os -DSWIFT_PACKAGE '-DOBJC_OLD_DISPATCH_PROTOTYPES=1' -isysroot /Applications/Xcode.app/Contents/Developer/Platforms/iPhoneSimulator.platform/Developer/SDKs/iPhoneSimulator26.1.sdk -g '-fobjc-abi-version=2' -fobjc-legacy-dispatch -I/Users/nam/projects/subgallery/store-assets/DerivedData/SourcePackages/checkouts/GoogleUtilities/third_party/IsAppEncrypted/Public -I/Users/nam/projects/subgallery/store-assets/DerivedData/Build/Products/Release-iphonesimulator/include -I/Users/nam/projects/subgallery/store-assets/DerivedData/SourcePackages/checkouts/GoogleUtilities/GoogleUtilities/Environment/Public -I/Users/nam/projects/subgallery/store-assets/DerivedData/SourcePackages/checkouts/GoogleUtilities -I/Users/nam/projects/subgallery/store-assets/DerivedData/Build/Intermediates.noindex/GoogleUtilities.build/Release-iphonesimulator/GoogleUtilities-Environment.build/DerivedSources-normal/arm64 -I/Users/nam/projects/subgallery/store-assets/DerivedData/Build/Intermediates.noindex/GoogleUtilities.build/Release-iphonesimulator/GoogleUtilities-Environment.build/DerivedSources/arm64 -I/Users/nam/projects/subgallery/store-assets/DerivedData/Build/Intermediates.noindex/GoogleUtilities.build/Release-iphonesimulator/GoogleUtilities-Environment.build/DerivedSources -F/Users/nam/projects/subgallery/store-assets/DerivedData/Build/Products/Release-iphonesimulator/PackageFrameworks -F/Users/nam/projects/subgallery/store-assets/DerivedData/Build/Products/Release-iphonesimulator -iframework /Applications/Xcode.app/Contents/Developer/Platforms/iPhoneSimulator.platform/Developer/Library/Frameworks -iframework /Applications/Xcode.app/Contents/Developer/Platforms/iPhoneSimulator.platform/Developer/SDKs/iPhoneSimulator26.1.sdk/Developer/Library/Frameworks '-fmodule-map-file=/Users/nam/projects/subgallery/store-assets/DerivedData/Build/Intermediates.noindex/GeneratedModuleMaps-iphonesimulator/third-party-IsAppEncrypted.modulemap' -DXcode

WriteAuxiliaryFile /Users/nam/projects/subgallery/store-assets/DerivedData/Build/Intermediates.noindex/GoogleUtilities.build/Release-iphonesimulator/GoogleUtilities-Environment.build/GoogleUtilities-Environment.modulemap (in target 'GoogleUtilities-Environment' from project 'GoogleUtilities')
    cd /Users/nam/projects/subgallery/store-assets/DerivedData/SourcePackages/checkouts/GoogleUtilities
    write-file /Users/nam/projects/subgallery/store-assets/DerivedData/Build/Intermediates.noindex/GoogleUtilities.build/Release-iphonesimulator/GoogleUtilities-Environment.build/GoogleUtilities-Environment.modulemap

WriteAuxiliaryFile /Users/nam/projects/subgallery/store-assets/DerivedData/Build/Intermediates.noindex/GoogleUtilities.build/Release-iphonesimulator/GoogleUtilities-Environment.build/GoogleUtilities-Environment.DependencyStaticMetadataFileList (in target 'GoogleUtilities-Environment' from project 'GoogleUtilities')
    cd /Users/nam/projects/subgallery/store-assets/DerivedData/SourcePackages/checkouts/GoogleUtilities
    write-file /Users/nam/projects/subgallery/store-assets/DerivedData/Build/Intermediates.noindex/GoogleUtilities.build/Release-iphonesimulator/GoogleUtilities-Environment.build/GoogleUtilities-Environment.DependencyStaticMetadataFileList

WriteAuxiliaryFile /Users/nam/projects/subgallery/store-assets/DerivedData/Build/Intermediates.noindex/GoogleUtilities.build/Release-iphonesimulator/GoogleUtilities-Environment.build/GoogleUtilities-Environment.DependencyMetadataFileList (in target 'GoogleUtilities-Environment' from project 'GoogleUtilities')
    cd /Users/nam/projects/subgallery/store-assets/DerivedData/SourcePackages/checkouts/GoogleUtilities
    write-file /Users/nam/projects/subgallery/store-assets/DerivedData/Build/Intermediates.noindex/GoogleUtilities.build/Release-iphonesimulator/GoogleUtilities-Environment.build/GoogleUtilities-Environment.DependencyMetadataFileList

Copy /Users/nam/projects/subgallery/store-assets/DerivedData/Build/Intermediates.noindex/GeneratedModuleMaps-iphonesimulator/GoogleUtilities-Logger.modulemap /Users/nam/projects/subgallery/store-assets/DerivedData/Build/Intermediates.noindex/GoogleUtilities.build/Release-iphonesimulator/GoogleUtilities-Logger.build/GoogleUtilities-Logger.modulemap (in target 'GoogleUtilities-Logger' from project 'GoogleUtilities')
    cd /Users/nam/projects/subgallery/store-assets/DerivedData/SourcePackages/checkouts/GoogleUtilities
    builtin-copy -exclude .DS_Store -exclude CVS -exclude .svn -exclude .git -exclude .hg -strip-unsigned-binaries -strip-deterministic -strip-tool /Applications/Xcode.app/Contents/Developer/Toolchains/XcodeDefault.xctoolchain/usr/bin/strip -resolve-src-symlinks /Users/nam/projects/subgallery/store-assets/DerivedData/Build/Intermediates.noindex/GoogleUtilities.build/Release-iphonesimulator/GoogleUtilities-Logger.build/GoogleUtilities-Logger.modulemap /Users/nam/projects/subgallery/store-assets/DerivedData/Build/Intermediates.noindex/GeneratedModuleMaps-iphonesimulator

WriteAuxiliaryFile /Users/nam/projects/subgallery/store-assets/DerivedData/Build/Intermediates.noindex/GoogleUtilities.build/Release-iphonesimulator/GoogleUtilities-Environment.build/DerivedSources/resource_bundle_accessor.m (in target 'GoogleUtilities-Environment' from project 'GoogleUtilities')
    cd /Users/nam/projects/subgallery/store-assets/DerivedData/SourcePackages/checkouts/GoogleUtilities
    write-file /Users/nam/projects/subgallery/store-assets/DerivedData/Build/Intermediates.noindex/GoogleUtilities.build/Release-iphonesimulator/GoogleUtilities-Environment.build/DerivedSources/resource_bundle_accessor.m

WriteAuxiliaryFile /Users/nam/projects/subgallery/store-assets/DerivedData/Build/Intermediates.noindex/GoogleUtilities.build/Release-iphonesimulator/GoogleUtilities-Environment.build/DerivedSources/resource_bundle_accessor.h (in target 'GoogleUtilities-Environment' from project 'GoogleUtilities')
    cd /Users/nam/projects/subgallery/store-assets/DerivedData/SourcePackages/checkouts/GoogleUtilities
    write-file /Users/nam/projects/subgallery/store-assets/DerivedData/Build/Intermediates.noindex/GoogleUtilities.build/Release-iphonesimulator/GoogleUtilities-Environment.build/DerivedSources/resource_bundle_accessor.h

WriteAuxiliaryFile /Users/nam/projects/subgallery/store-assets/DerivedData/Build/Intermediates.noindex/GoogleUtilities.build/Release-iphonesimulator/GoogleUtilities-AppDelegateSwizzler.build/Objects-normal/arm64/e6072d4f65d7061329687fe24e3d63a7-common-args.resp (in target 'GoogleUtilities-AppDelegateSwizzler' from project 'GoogleUtilities')
    cd /Users/nam/projects/subgallery/store-assets/DerivedData/SourcePackages/checkouts/GoogleUtilities
    write-file /Users/nam/projects/subgallery/store-assets/DerivedData/Build/Intermediates.noindex/GoogleUtilities.build/Release-iphonesimulator/GoogleUtilities-AppDelegateSwizzler.build/Objects-normal/arm64/e6072d4f65d7061329687fe24e3d63a7-common-args.resp
-target arm64-apple-ios12.0-simulator '-std=c99' -fobjc-arc -fmodules -gmodules '-fmodules-cache-path=/Users/nam/projects/subgallery/store-assets/DerivedData/ModuleCache.noindex' '-fmodule-name=GoogleUtilities_AppDelegateSwizzler' -fpascal-strings -Os -DSWIFT_PACKAGE '-DOBJC_OLD_DISPATCH_PROTOTYPES=1' -isysroot /Applications/Xcode.app/Contents/Developer/Platforms/iPhoneSimulator.platform/Developer/SDKs/iPhoneSimulator26.1.sdk -g '-fobjc-abi-version=2' -fobjc-legacy-dispatch -I/Users/nam/projects/subgallery/store-assets/DerivedData/SourcePackages/checkouts/GoogleUtilities/GoogleUtilities/Network/Public -I/Users/nam/projects/subgallery/store-assets/DerivedData/SourcePackages/checkouts/GoogleUtilities/GoogleUtilities/Reachability/Public -I/Users/nam/projects/subgallery/store-assets/DerivedData/SourcePackages/checkouts/GoogleUtilities/GoogleUtilities/NSData+zlib/Public -I/Users/nam/projects/subgallery/store-assets/DerivedData/SourcePackages/checkouts/GoogleUtilities/GoogleUtilities/Logger/Public -I/Users/nam/projects/subgallery/store-assets/DerivedData/SourcePackages/checkouts/GoogleUtilities/GoogleUtilities/Environment/Public -I/Users/nam/projects/subgallery/store-assets/DerivedData/SourcePackages/checkouts/GoogleUtilities/third_party/IsAppEncrypted/Public -I/Users/nam/projects/subgallery/store-assets/DerivedData/Build/Products/Release-iphonesimulator/include -I/Users/nam/projects/subgallery/store-assets/DerivedData/SourcePackages/checkouts/GoogleUtilities/GoogleUtilities/AppDelegateSwizzler/Public -I/Users/nam/projects/subgallery/store-assets/DerivedData/SourcePackages/checkouts/GoogleUtilities -I/Users/nam/projects/subgallery/store-assets/DerivedData/Build/Intermediates.noindex/GoogleUtilities.build/Release-iphonesimulator/GoogleUtilities-AppDelegateSwizzler.build/DerivedSources-normal/arm64 -I/Users/nam/projects/subgallery/store-assets/DerivedData/Build/Intermediates.noindex/GoogleUtilities.build/Release-iphonesimulator/GoogleUtilities-AppDelegateSwizzler.build/DerivedSources/arm64 -I/Users/nam/projects/subgallery/store-assets/DerivedData/Build/Intermediates.noindex/GoogleUtilities.build/Release-iphonesimulator/GoogleUtilities-AppDelegateSwizzler.build/DerivedSources -F/Users/nam/projects/subgallery/store-assets/DerivedData/Build/Products/Release-iphonesimulator/PackageFrameworks -F/Users/nam/projects/subgallery/store-assets/DerivedData/Build/Products/Release-iphonesimulator/PackageFrameworks -F/Users/nam/projects/subgallery/store-assets/DerivedData/Build/Products/Release-iphonesimulator/PackageFrameworks -F/Users/nam/projects/subgallery/store-assets/DerivedData/Build/Products/Release-iphonesimulator/PackageFrameworks -F/Users/nam/projects/subgallery/store-assets/DerivedData/Build/Products/Release-iphonesimulator/PackageFrameworks -F/Users/nam/projects/subgallery/store-assets/DerivedData/Build/Products/Release-iphonesimulator/PackageFrameworks -F/Users/nam/projects/subgallery/store-assets/DerivedData/Build/Products/Release-iphonesimulator -iframework /Applications/Xcode.app/Contents/Developer/Platforms/iPhoneSimulator.platform/Developer/Library/Frameworks -iframework /Applications/Xcode.app/Contents/Developer/Platforms/iPhoneSimulator.platform/Developer/SDKs/iPhoneSimulator26.1.sdk/Developer/Library/Frameworks '-fmodule-map-file=/Users/nam/projects/subgallery/store-assets/DerivedData/Build/Intermediates.noindex/GeneratedModuleMaps-iphonesimulator/GoogleUtilities-Network.modulemap' '-fmodule-map-file=/Users/nam/projects/subgallery/store-assets/DerivedData/Build/Intermediates.noindex/GeneratedModuleMaps-iphonesimulator/GoogleUtilities-Reachability.modulemap' '-fmodule-map-file=/Users/nam/projects/subgallery/store-assets/DerivedData/Build/Intermediates.noindex/GeneratedModuleMaps-iphonesimulator/GoogleUtilities-NSData.modulemap' '-fmodule-map-file=/Users/nam/projects/subgallery/store-assets/DerivedData/Build/Intermediates.noindex/GeneratedModuleMaps-iphonesimulator/GoogleUtilities-Logger.modulemap' '-fmodule-map-file=/Users/nam/projects/subgallery/store-assets/DerivedData/Build/Intermediates.noindex/GeneratedModuleMaps-iphonesimulator/GoogleUtilities-Environment.modulemap' '-fmodule-map-file=/Users/nam/projects/subgallery/store-assets/DerivedData/Build/Intermediates.noindex/GeneratedModuleMaps-iphonesimulator/third-party-IsAppEncrypted.modulemap' -DXcode

WriteAuxiliaryFile /Users/nam/projects/subgallery/store-assets/DerivedData/Build/Intermediates.noindex/GoogleUtilities.build/Release-iphonesimulator/GoogleUtilities-AppDelegateSwizzler.build/Objects-normal/arm64/GoogleUtilities-AppDelegateSwizzler.LinkFileList (in target 'GoogleUtilities-AppDelegateSwizzler' from project 'GoogleUtilities')
    cd /Users/nam/projects/subgallery/store-assets/DerivedData/SourcePackages/checkouts/GoogleUtilities
    write-file /Users/nam/projects/subgallery/store-assets/DerivedData/Build/Intermediates.noindex/GoogleUtilities.build/Release-iphonesimulator/GoogleUtilities-AppDelegateSwizzler.build/Objects-normal/arm64/GoogleUtilities-AppDelegateSwizzler.LinkFileList

WriteAuxiliaryFile /Users/nam/projects/subgallery/store-assets/DerivedData/Build/Intermediates.noindex/GoogleUtilities.build/Release-iphonesimulator/GoogleUtilities-AppDelegateSwizzler.build/GoogleUtilities-AppDelegateSwizzler.modulemap (in target 'GoogleUtilities-AppDelegateSwizzler' from project 'GoogleUtilities')
    cd /Users/nam/projects/subgallery/store-assets/DerivedData/SourcePackages/checkouts/GoogleUtilities
    write-file /Users/nam/projects/subgallery/store-assets/DerivedData/Build/Intermediates.noindex/GoogleUtilities.build/Release-iphonesimulator/GoogleUtilities-AppDelegateSwizzler.build/GoogleUtilities-AppDelegateSwizzler.modulemap

WriteAuxiliaryFile /Users/nam/projects/subgallery/store-assets/DerivedData/Build/Intermediates.noindex/GoogleUtilities.build/Release-iphonesimulator/GoogleUtilities-AppDelegateSwizzler.build/GoogleUtilities-AppDelegateSwizzler.DependencyStaticMetadataFileList (in target 'GoogleUtilities-AppDelegateSwizzler' from project 'GoogleUtilities')
    cd /Users/nam/projects/subgallery/store-assets/DerivedData/SourcePackages/checkouts/GoogleUtilities
    write-file /Users/nam/projects/subgallery/store-assets/DerivedData/Build/Intermediates.noindex/GoogleUtilities.build/Release-iphonesimulator/GoogleUtilities-AppDelegateSwizzler.build/GoogleUtilities-AppDelegateSwizzler.DependencyStaticMetadataFileList

Copy /Users/nam/projects/subgallery/store-assets/DerivedData/Build/Intermediates.noindex/GeneratedModuleMaps-iphonesimulator/GoogleUtilities-Environment.modulemap /Users/nam/projects/subgallery/store-assets/DerivedData/Build/Intermediates.noindex/GoogleUtilities.build/Release-iphonesimulator/GoogleUtilities-Environment.build/GoogleUtilities-Environment.modulemap (in target 'GoogleUtilities-Environment' from project 'GoogleUtilities')
    cd /Users/nam/projects/subgallery/store-assets/DerivedData/SourcePackages/checkouts/GoogleUtilities
    builtin-copy -exclude .DS_Store -exclude CVS -exclude .svn -exclude .git -exclude .hg -strip-unsigned-binaries -strip-deterministic -strip-tool /Applications/Xcode.app/Contents/Developer/Toolchains/XcodeDefault.xctoolchain/usr/bin/strip -resolve-src-symlinks /Users/nam/projects/subgallery/store-assets/DerivedData/Build/Intermediates.noindex/GoogleUtilities.build/Release-iphonesimulator/GoogleUtilities-Environment.build/GoogleUtilities-Environment.modulemap /Users/nam/projects/subgallery/store-assets/DerivedData/Build/Intermediates.noindex/GeneratedModuleMaps-iphonesimulator

WriteAuxiliaryFile /Users/nam/projects/subgallery/store-assets/DerivedData/Build/Intermediates.noindex/GoogleUtilities.build/Release-iphonesimulator/GoogleUtilities-AppDelegateSwizzler.build/GoogleUtilities-AppDelegateSwizzler.DependencyMetadataFileList (in target 'GoogleUtilities-AppDelegateSwizzler' from project 'GoogleUtilities')
    cd /Users/nam/projects/subgallery/store-assets/DerivedData/SourcePackages/checkouts/GoogleUtilities
    write-file /Users/nam/projects/subgallery/store-assets/DerivedData/Build/Intermediates.noindex/GoogleUtilities.build/Release-iphonesimulator/GoogleUtilities-AppDelegateSwizzler.build/GoogleUtilities-AppDelegateSwizzler.DependencyMetadataFileList

WriteAuxiliaryFile /Users/nam/projects/subgallery/store-assets/DerivedData/Build/Intermediates.noindex/GoogleUtilities.build/Release-iphonesimulator/GoogleUtilities-AppDelegateSwizzler.build/DerivedSources/resource_bundle_accessor.m (in target 'GoogleUtilities-AppDelegateSwizzler' from project 'GoogleUtilities')
    cd /Users/nam/projects/subgallery/store-assets/DerivedData/SourcePackages/checkouts/GoogleUtilities
    write-file /Users/nam/projects/subgallery/store-assets/DerivedData/Build/Intermediates.noindex/GoogleUtilities.build/Release-iphonesimulator/GoogleUtilities-AppDelegateSwizzler.build/DerivedSources/resource_bundle_accessor.m

WriteAuxiliaryFile /Users/nam/projects/subgallery/store-assets/DerivedData/Build/Intermediates.noindex/GoogleUtilities.build/Release-iphonesimulator/GoogleUtilities-AppDelegateSwizzler.build/DerivedSources/resource_bundle_accessor.h (in target 'GoogleUtilities-AppDelegateSwizzler' from project 'GoogleUtilities')
    cd /Users/nam/projects/subgallery/store-assets/DerivedData/SourcePackages/checkouts/GoogleUtilities
    write-file /Users/nam/projects/subgallery/store-assets/DerivedData/Build/Intermediates.noindex/GoogleUtilities.build/Release-iphonesimulator/GoogleUtilities-AppDelegateSwizzler.build/DerivedSources/resource_bundle_accessor.h

WriteAuxiliaryFile /Users/nam/projects/subgallery/store-assets/DerivedData/Build/Intermediates.noindex/Firebase.build/Release-iphonesimulator/Firebase_FirebaseInstallations.build/empty-Firebase_FirebaseInstallations.plist (in target 'Firebase_FirebaseInstallations' from project 'Firebase')
    cd /Users/nam/projects/subgallery/store-assets/DerivedData/SourcePackages/checkouts/firebase-ios-sdk
    write-file /Users/nam/projects/subgallery/store-assets/DerivedData/Build/Intermediates.noindex/Firebase.build/Release-iphonesimulator/Firebase_FirebaseInstallations.build/empty-Firebase_FirebaseInstallations.plist

WriteAuxiliaryFile /Users/nam/projects/subgallery/store-assets/DerivedData/Build/Intermediates.noindex/Firebase.build/Release-iphonesimulator/Firebase_FirebaseInstallations.build/Firebase_FirebaseInstallations.DependencyStaticMetadataFileList (in target 'Firebase_FirebaseInstallations' from project 'Firebase')
    cd /Users/nam/projects/subgallery/store-assets/DerivedData/SourcePackages/checkouts/firebase-ios-sdk
    write-file /Users/nam/projects/subgallery/store-assets/DerivedData/Build/Intermediates.noindex/Firebase.build/Release-iphonesimulator/Firebase_FirebaseInstallations.build/Firebase_FirebaseInstallations.DependencyStaticMetadataFileList

WriteAuxiliaryFile /Users/nam/projects/subgallery/store-assets/DerivedData/Build/Intermediates.noindex/Firebase.build/Release-iphonesimulator/Firebase_FirebaseInstallations.build/Firebase_FirebaseInstallations.DependencyMetadataFileList (in target 'Firebase_FirebaseInstallations' from project 'Firebase')
    cd /Users/nam/projects/subgallery/store-assets/DerivedData/SourcePackages/checkouts/firebase-ios-sdk
    write-file /Users/nam/projects/subgallery/store-assets/DerivedData/Build/Intermediates.noindex/Firebase.build/Release-iphonesimulator/Firebase_FirebaseInstallations.build/Firebase_FirebaseInstallations.DependencyMetadataFileList

Copy /Users/nam/projects/subgallery/store-assets/DerivedData/Build/Intermediates.noindex/GeneratedModuleMaps-iphonesimulator/GoogleUtilities-AppDelegateSwizzler.modulemap /Users/nam/projects/subgallery/store-assets/DerivedData/Build/Intermediates.noindex/GoogleUtilities.build/Release-iphonesimulator/GoogleUtilities-AppDelegateSwizzler.build/GoogleUtilities-AppDelegateSwizzler.modulemap (in target 'GoogleUtilities-AppDelegateSwizzler' from project 'GoogleUtilities')
    cd /Users/nam/projects/subgallery/store-assets/DerivedData/SourcePackages/checkouts/GoogleUtilities
    builtin-copy -exclude .DS_Store -exclude CVS -exclude .svn -exclude .git -exclude .hg -strip-unsigned-binaries -strip-deterministic -strip-tool /Applications/Xcode.app/Contents/Developer/Toolchains/XcodeDefault.xctoolchain/usr/bin/strip -resolve-src-symlinks /Users/nam/projects/subgallery/store-assets/DerivedData/Build/Intermediates.noindex/GoogleUtilities.build/Release-iphonesimulator/GoogleUtilities-AppDelegateSwizzler.build/GoogleUtilities-AppDelegateSwizzler.modulemap /Users/nam/projects/subgallery/store-assets/DerivedData/Build/Intermediates.noindex/GeneratedModuleMaps-iphonesimulator

WriteAuxiliaryFile /Users/nam/projects/subgallery/store-assets/DerivedData/Build/Intermediates.noindex/Firebase.build/Release-iphonesimulator/Firebase_FirebaseCoreInternal.build/empty-Firebase_FirebaseCoreInternal.plist (in target 'Firebase_FirebaseCoreInternal' from project 'Firebase')
    cd /Users/nam/projects/subgallery/store-assets/DerivedData/SourcePackages/checkouts/firebase-ios-sdk
    write-file /Users/nam/projects/subgallery/store-assets/DerivedData/Build/Intermediates.noindex/Firebase.build/Release-iphonesimulator/Firebase_FirebaseCoreInternal.build/empty-Firebase_FirebaseCoreInternal.plist

WriteAuxiliaryFile /Users/nam/projects/subgallery/store-assets/DerivedData/Build/Intermediates.noindex/Firebase.build/Release-iphonesimulator/Firebase_FirebaseCoreInternal.build/Firebase_FirebaseCoreInternal.DependencyStaticMetadataFileList (in target 'Firebase_FirebaseCoreInternal' from project 'Firebase')
    cd /Users/nam/projects/subgallery/store-assets/DerivedData/SourcePackages/checkouts/firebase-ios-sdk
    write-file /Users/nam/projects/subgallery/store-assets/DerivedData/Build/Intermediates.noindex/Firebase.build/Release-iphonesimulator/Firebase_FirebaseCoreInternal.build/Firebase_FirebaseCoreInternal.DependencyStaticMetadataFileList

WriteAuxiliaryFile /Users/nam/projects/subgallery/store-assets/DerivedData/Build/Intermediates.noindex/Firebase.build/Release-iphonesimulator/Firebase_FirebaseCoreInternal.build/Firebase_FirebaseCoreInternal.DependencyMetadataFileList (in target 'Firebase_FirebaseCoreInternal' from project 'Firebase')
    cd /Users/nam/projects/subgallery/store-assets/DerivedData/SourcePackages/checkouts/firebase-ios-sdk
    write-file /Users/nam/projects/subgallery/store-assets/DerivedData/Build/Intermediates.noindex/Firebase.build/Release-iphonesimulator/Firebase_FirebaseCoreInternal.build/Firebase_FirebaseCoreInternal.DependencyMetadataFileList

WriteAuxiliaryFile /Users/nam/projects/subgallery/store-assets/DerivedData/Build/Intermediates.noindex/Firebase.build/Release-iphonesimulator/Firebase_FirebaseCore.build/Firebase_FirebaseCore.DependencyMetadataFileList (in target 'Firebase_FirebaseCore' from project 'Firebase')
    cd /Users/nam/projects/subgallery/store-assets/DerivedData/SourcePackages/checkouts/firebase-ios-sdk
    write-file /Users/nam/projects/subgallery/store-assets/DerivedData/Build/Intermediates.noindex/Firebase.build/Release-iphonesimulator/Firebase_FirebaseCore.build/Firebase_FirebaseCore.DependencyMetadataFileList

WriteAuxiliaryFile /Users/nam/projects/subgallery/store-assets/DerivedData/Build/Intermediates.noindex/Firebase.build/Release-iphonesimulator/Firebase_FirebaseCore.build/Firebase_FirebaseCore.DependencyStaticMetadataFileList (in target 'Firebase_FirebaseCore' from project 'Firebase')
    cd /Users/nam/projects/subgallery/store-assets/DerivedData/SourcePackages/checkouts/firebase-ios-sdk
    write-file /Users/nam/projects/subgallery/store-assets/DerivedData/Build/Intermediates.noindex/Firebase.build/Release-iphonesimulator/Firebase_FirebaseCore.build/Firebase_FirebaseCore.DependencyStaticMetadataFileList

WriteAuxiliaryFile /Users/nam/projects/subgallery/store-assets/DerivedData/Build/Intermediates.noindex/Firebase.build/Release-iphonesimulator/Firebase_FirebaseCore.build/empty-Firebase_FirebaseCore.plist (in target 'Firebase_FirebaseCore' from project 'Firebase')
    cd /Users/nam/projects/subgallery/store-assets/DerivedData/SourcePackages/checkouts/firebase-ios-sdk
    write-file /Users/nam/projects/subgallery/store-assets/DerivedData/Build/Intermediates.noindex/Firebase.build/Release-iphonesimulator/Firebase_FirebaseCore.build/empty-Firebase_FirebaseCore.plist

WriteAuxiliaryFile /Users/nam/projects/subgallery/store-assets/DerivedData/Build/Intermediates.noindex/Firebase.build/Release-iphonesimulator/FirebaseInstallations.build/Objects-normal/arm64/e6072d4f65d7061329687fe24e3d63a7-common-args.resp (in target 'FirebaseInstallations' from project 'Firebase')
    cd /Users/nam/projects/subgallery/store-assets/DerivedData/SourcePackages/checkouts/firebase-ios-sdk
    write-file /Users/nam/projects/subgallery/store-assets/DerivedData/Build/Intermediates.noindex/Firebase.build/Release-iphonesimulator/FirebaseInstallations.build/Objects-normal/arm64/e6072d4f65d7061329687fe24e3d63a7-common-args.resp
-target arm64-apple-ios15.0-simulator -fobjc-arc -fmodules -gmodules '-fmodules-cache-path=/Users/nam/projects/subgallery/store-assets/DerivedData/ModuleCache.noindex' '-fmodule-name=FirebaseInstallations' -fpascal-strings -Os -DSWIFT_PACKAGE '-DOBJC_OLD_DISPATCH_PROTOTYPES=1' -isysroot /Applications/Xcode.app/Contents/Developer/Platforms/iPhoneSimulator.platform/Developer/SDKs/iPhoneSimulator26.1.sdk -g '-fobjc-abi-version=2' -fobjc-legacy-dispatch -I/Users/nam/projects/subgallery/store-assets/DerivedData/SourcePackages/checkouts/GoogleUtilities/GoogleUtilities/NSData+zlib/Public -I/Users/nam/projects/subgallery/store-assets/DerivedData/SourcePackages/checkouts/promises/Sources/FBLPromises/include -I/Users/nam/projects/subgallery/store-assets/DerivedData/SourcePackages/checkouts/GoogleUtilities/GoogleUtilities/Logger/Public -I/Users/nam/projects/subgallery/store-assets/DerivedData/SourcePackages/checkouts/GoogleUtilities/GoogleUtilities/Environment/Public -I/Users/nam/projects/subgallery/store-assets/DerivedData/SourcePackages/checkouts/GoogleUtilities/third_party/IsAppEncrypted/Public -I/Users/nam/projects/subgallery/store-assets/DerivedData/SourcePackages/checkouts/GoogleUtilities/GoogleUtilities/UserDefaults/Public -I/Users/nam/projects/subgallery/store-assets/DerivedData/SourcePackages/checkouts/firebase-ios-sdk/FirebaseCore/Sources/Public -I/Users/nam/projects/subgallery/store-assets/DerivedData/SourcePackages/checkouts/firebase-ios-sdk/CoreOnly/Sources -I/Users/nam/projects/subgallery/store-assets/DerivedData/Build/Products/Release-iphonesimulator/include -I/Users/nam/projects/subgallery/store-assets/DerivedData/SourcePackages/checkouts/firebase-ios-sdk/FirebaseInstallations/Source/Library/Public -I/Users/nam/projects/subgallery/store-assets/DerivedData/SourcePackages/checkouts/firebase-ios-sdk -I/Users/nam/projects/subgallery/store-assets/DerivedData/Build/Intermediates.noindex/Firebase.build/Release-iphonesimulator/FirebaseInstallations.build/DerivedSources-normal/arm64 -I/Users/nam/projects/subgallery/store-assets/DerivedData/Build/Intermediates.noindex/Firebase.build/Release-iphonesimulator/FirebaseInstallations.build/DerivedSources/arm64 -I/Users/nam/projects/subgallery/store-assets/DerivedData/Build/Intermediates.noindex/Firebase.build/Release-iphonesimulator/FirebaseInstallations.build/DerivedSources -F/Users/nam/projects/subgallery/store-assets/DerivedData/Build/Products/Release-iphonesimulator/PackageFrameworks -F/Users/nam/projects/subgallery/store-assets/DerivedData/Build/Products/Release-iphonesimulator/PackageFrameworks -F/Users/nam/projects/subgallery/store-assets/DerivedData/Build/Products/Release-iphonesimulator/PackageFrameworks -F/Users/nam/projects/subgallery/store-assets/DerivedData/Build/Products/Release-iphonesimulator/PackageFrameworks -F/Users/nam/projects/subgallery/store-assets/DerivedData/Build/Products/Release-iphonesimulator/PackageFrameworks -F/Users/nam/projects/subgallery/store-assets/DerivedData/Build/Products/Release-iphonesimulator/PackageFrameworks -F/Users/nam/projects/subgallery/store-assets/DerivedData/Build/Products/Release-iphonesimulator/PackageFrameworks -F/Users/nam/projects/subgallery/store-assets/DerivedData/Build/Products/Release-iphonesimulator/PackageFrameworks -F/Users/nam/projects/subgallery/store-assets/DerivedData/Build/Products/Release-iphonesimulator/PackageFrameworks -F/Users/nam/projects/subgallery/store-assets/DerivedData/Build/Products/Release-iphonesimulator -iframework /Applications/Xcode.app/Contents/Developer/Platforms/iPhoneSimulator.platform/Developer/Library/Frameworks -iframework /Applications/Xcode.app/Contents/Developer/Platforms/iPhoneSimulator.platform/Developer/SDKs/iPhoneSimulator26.1.sdk/Developer/Library/Frameworks '-fmodule-map-file=/Users/nam/projects/subgallery/store-assets/DerivedData/Build/Intermediates.noindex/GeneratedModuleMaps-iphonesimulator/GoogleUtilities-NSData.modulemap' '-fmodule-map-file=/Users/nam/projects/subgallery/store-assets/DerivedData/Build/Intermediates.noindex/GeneratedModuleMaps-iphonesimulator/GoogleUtilities-Logger.modulemap' '-fmodule-map-file=/Users/nam/projects/subgallery/store-assets/DerivedData/Build/Intermediates.noindex/GeneratedModuleMaps-iphonesimulator/GoogleUtilities-Environment.modulemap' '-fmodule-map-file=/Users/nam/projects/subgallery/store-assets/DerivedData/Build/Intermediates.noindex/GeneratedModuleMaps-iphonesimulator/third-party-IsAppEncrypted.modulemap' '-fmodule-map-file=/Users/nam/projects/subgallery/store-assets/DerivedData/Build/Intermediates.noindex/GeneratedModuleMaps-iphonesimulator/GoogleUtilities-UserDefaults.modulemap' '-fmodule-map-file=/Users/nam/projects/subgallery/store-assets/DerivedData/Build/Intermediates.noindex/GeneratedModuleMaps-iphonesimulator/FirebaseCore.modulemap' '-fmodule-map-file=/Users/nam/projects/subgallery/store-assets/DerivedData/Build/Intermediates.noindex/GeneratedModuleMaps-iphonesimulator/FirebaseCoreInternal.modulemap' -DXcode

WriteAuxiliaryFile /Users/nam/projects/subgallery/store-assets/DerivedData/Build/Intermediates.noindex/Firebase.build/Release-iphonesimulator/FirebaseInstallations.build/Objects-normal/arm64/FirebaseInstallations.LinkFileList (in target 'FirebaseInstallations' from project 'Firebase')
    cd /Users/nam/projects/subgallery/store-assets/DerivedData/SourcePackages/checkouts/firebase-ios-sdk
    write-file /Users/nam/projects/subgallery/store-assets/DerivedData/Build/Intermediates.noindex/Firebase.build/Release-iphonesimulator/FirebaseInstallations.build/Objects-normal/arm64/FirebaseInstallations.LinkFileList

WriteAuxiliaryFile /Users/nam/projects/subgallery/store-assets/DerivedData/Build/Intermediates.noindex/Firebase.build/Release-iphonesimulator/FirebaseInstallations.build/FirebaseInstallations.modulemap (in target 'FirebaseInstallations' from project 'Firebase')
    cd /Users/nam/projects/subgallery/store-assets/DerivedData/SourcePackages/checkouts/firebase-ios-sdk
    write-file /Users/nam/projects/subgallery/store-assets/DerivedData/Build/Intermediates.noindex/Firebase.build/Release-iphonesimulator/FirebaseInstallations.build/FirebaseInstallations.modulemap

WriteAuxiliaryFile /Users/nam/projects/subgallery/store-assets/DerivedData/Build/Intermediates.noindex/Firebase.build/Release-iphonesimulator/FirebaseInstallations.build/FirebaseInstallations.DependencyStaticMetadataFileList (in target 'FirebaseInstallations' from project 'Firebase')
    cd /Users/nam/projects/subgallery/store-assets/DerivedData/SourcePackages/checkouts/firebase-ios-sdk
    write-file /Users/nam/projects/subgallery/store-assets/DerivedData/Build/Intermediates.noindex/Firebase.build/Release-iphonesimulator/FirebaseInstallations.build/FirebaseInstallations.DependencyStaticMetadataFileList

WriteAuxiliaryFile /Users/nam/projects/subgallery/store-assets/DerivedData/Build/Intermediates.noindex/Firebase.build/Release-iphonesimulator/FirebaseInstallations.build/FirebaseInstallations.DependencyMetadataFileList (in target 'FirebaseInstallations' from project 'Firebase')
    cd /Users/nam/projects/subgallery/store-assets/DerivedData/SourcePackages/checkouts/firebase-ios-sdk
    write-file /Users/nam/projects/subgallery/store-assets/DerivedData/Build/Intermediates.noindex/Firebase.build/Release-iphonesimulator/FirebaseInstallations.build/FirebaseInstallations.DependencyMetadataFileList

WriteAuxiliaryFile /Users/nam/projects/subgallery/store-assets/DerivedData/Build/Intermediates.noindex/Firebase.build/Release-iphonesimulator/FirebaseInstallations.build/DerivedSources/resource_bundle_accessor.h (in target 'FirebaseInstallations' from project 'Firebase')
    cd /Users/nam/projects/subgallery/store-assets/DerivedData/SourcePackages/checkouts/firebase-ios-sdk
    write-file /Users/nam/projects/subgallery/store-assets/DerivedData/Build/Intermediates.noindex/Firebase.build/Release-iphonesimulator/FirebaseInstallations.build/DerivedSources/resource_bundle_accessor.h

WriteAuxiliaryFile /Users/nam/projects/subgallery/store-assets/DerivedData/Build/Intermediates.noindex/Firebase.build/Release-iphonesimulator/FirebaseInstallations.build/DerivedSources/resource_bundle_accessor.m (in target 'FirebaseInstallations' from project 'Firebase')
    cd /Users/nam/projects/subgallery/store-assets/DerivedData/SourcePackages/checkouts/firebase-ios-sdk
    write-file /Users/nam/projects/subgallery/store-assets/DerivedData/Build/Intermediates.noindex/Firebase.build/Release-iphonesimulator/FirebaseInstallations.build/DerivedSources/resource_bundle_accessor.m

WriteAuxiliaryFile /Users/nam/projects/subgallery/store-assets/DerivedData/Build/Intermediates.noindex/Firebase.build/Release-iphonesimulator/FirebaseCoreInternal.build/Objects-normal/arm64/FirebaseCoreInternal_const_extract_protocols.json (in target 'FirebaseCoreInternal' from project 'Firebase')
    cd /Users/nam/projects/subgallery/store-assets/DerivedData/SourcePackages/checkouts/firebase-ios-sdk
    write-file /Users/nam/projects/subgallery/store-assets/DerivedData/Build/Intermediates.noindex/Firebase.build/Release-iphonesimulator/FirebaseCoreInternal.build/Objects-normal/arm64/FirebaseCoreInternal_const_extract_protocols.json

WriteAuxiliaryFile /Users/nam/projects/subgallery/store-assets/DerivedData/Build/Intermediates.noindex/Firebase.build/Release-iphonesimulator/FirebaseCoreInternal.build/Objects-normal/arm64/FirebaseCoreInternal.SwiftFileList (in target 'FirebaseCoreInternal' from project 'Firebase')
    cd /Users/nam/projects/subgallery/store-assets/DerivedData/SourcePackages/checkouts/firebase-ios-sdk
    write-file /Users/nam/projects/subgallery/store-assets/DerivedData/Build/Intermediates.noindex/Firebase.build/Release-iphonesimulator/FirebaseCoreInternal.build/Objects-normal/arm64/FirebaseCoreInternal.SwiftFileList

WriteAuxiliaryFile /Users/nam/projects/subgallery/store-assets/DerivedData/Build/Intermediates.noindex/Firebase.build/Release-iphonesimulator/FirebaseCoreInternal.build/Objects-normal/arm64/FirebaseCoreInternal.SwiftConstValuesFileList (in target 'FirebaseCoreInternal' from project 'Firebase')
    cd /Users/nam/projects/subgallery/store-assets/DerivedData/SourcePackages/checkouts/firebase-ios-sdk
    write-file /Users/nam/projects/subgallery/store-assets/DerivedData/Build/Intermediates.noindex/Firebase.build/Release-iphonesimulator/FirebaseCoreInternal.build/Objects-normal/arm64/FirebaseCoreInternal.SwiftConstValuesFileList

WriteAuxiliaryFile /Users/nam/projects/subgallery/store-assets/DerivedData/Build/Intermediates.noindex/Firebase.build/Release-iphonesimulator/FirebaseCoreInternal.build/Objects-normal/arm64/FirebaseCoreInternal.LinkFileList (in target 'FirebaseCoreInternal' from project 'Firebase')
    cd /Users/nam/projects/subgallery/store-assets/DerivedData/SourcePackages/checkouts/firebase-ios-sdk
    write-file /Users/nam/projects/subgallery/store-assets/DerivedData/Build/Intermediates.noindex/Firebase.build/Release-iphonesimulator/FirebaseCoreInternal.build/Objects-normal/arm64/FirebaseCoreInternal.LinkFileList

WriteAuxiliaryFile /Users/nam/projects/subgallery/store-assets/DerivedData/Build/Intermediates.noindex/Firebase.build/Release-iphonesimulator/FirebaseCoreInternal.build/Objects-normal/arm64/FirebaseCoreInternal-OutputFileMap.json (in target 'FirebaseCoreInternal' from project 'Firebase')
    cd /Users/nam/projects/subgallery/store-assets/DerivedData/SourcePackages/checkouts/firebase-ios-sdk
    write-file /Users/nam/projects/subgallery/store-assets/DerivedData/Build/Intermediates.noindex/Firebase.build/Release-iphonesimulator/FirebaseCoreInternal.build/Objects-normal/arm64/FirebaseCoreInternal-OutputFileMap.json

Copy /Users/nam/projects/subgallery/store-assets/DerivedData/Build/Intermediates.noindex/GeneratedModuleMaps-iphonesimulator/FirebaseInstallations.modulemap /Users/nam/projects/subgallery/store-assets/DerivedData/Build/Intermediates.noindex/Firebase.build/Release-iphonesimulator/FirebaseInstallations.build/FirebaseInstallations.modulemap (in target 'FirebaseInstallations' from project 'Firebase')
    cd /Users/nam/projects/subgallery/store-assets/DerivedData/SourcePackages/checkouts/firebase-ios-sdk
    builtin-copy -exclude .DS_Store -exclude CVS -exclude .svn -exclude .git -exclude .hg -strip-unsigned-binaries -strip-deterministic -strip-tool /Applications/Xcode.app/Contents/Developer/Toolchains/XcodeDefault.xctoolchain/usr/bin/strip -resolve-src-symlinks /Users/nam/projects/subgallery/store-assets/DerivedData/Build/Intermediates.noindex/Firebase.build/Release-iphonesimulator/FirebaseInstallations.build/FirebaseInstallations.modulemap /Users/nam/projects/subgallery/store-assets/DerivedData/Build/Intermediates.noindex/GeneratedModuleMaps-iphonesimulator

WriteAuxiliaryFile /Users/nam/projects/subgallery/store-assets/DerivedData/Build/Intermediates.noindex/Firebase.build/Release-iphonesimulator/FirebaseCoreInternal.build/FirebaseCoreInternal.DependencyMetadataFileList (in target 'FirebaseCoreInternal' from project 'Firebase')
    cd /Users/nam/projects/subgallery/store-assets/DerivedData/SourcePackages/checkouts/firebase-ios-sdk
    write-file /Users/nam/projects/subgallery/store-assets/DerivedData/Build/Intermediates.noindex/Firebase.build/Release-iphonesimulator/FirebaseCoreInternal.build/FirebaseCoreInternal.DependencyMetadataFileList

WriteAuxiliaryFile /Users/nam/projects/subgallery/store-assets/DerivedData/Build/Intermediates.noindex/Firebase.build/Release-iphonesimulator/FirebaseCoreInternal.build/FirebaseCoreInternal.DependencyStaticMetadataFileList (in target 'FirebaseCoreInternal' from project 'Firebase')
    cd /Users/nam/projects/subgallery/store-assets/DerivedData/SourcePackages/checkouts/firebase-ios-sdk
    write-file /Users/nam/projects/subgallery/store-assets/DerivedData/Build/Intermediates.noindex/Firebase.build/Release-iphonesimulator/FirebaseCoreInternal.build/FirebaseCoreInternal.DependencyStaticMetadataFileList

WriteAuxiliaryFile /Users/nam/projects/subgallery/store-assets/DerivedData/Build/Intermediates.noindex/Firebase.build/Release-iphonesimulator/FirebaseCoreInternal.build/FirebaseCoreInternal.modulemap (in target 'FirebaseCoreInternal' from project 'Firebase')
    cd /Users/nam/projects/subgallery/store-assets/DerivedData/SourcePackages/checkouts/firebase-ios-sdk
    write-file /Users/nam/projects/subgallery/store-assets/DerivedData/Build/Intermediates.noindex/Firebase.build/Release-iphonesimulator/FirebaseCoreInternal.build/FirebaseCoreInternal.modulemap

WriteAuxiliaryFile /Users/nam/projects/subgallery/store-assets/DerivedData/Build/Intermediates.noindex/Firebase.build/Release-iphonesimulator/FirebaseCoreInternal.build/DerivedSources/resource_bundle_accessor.swift (in target 'FirebaseCoreInternal' from project 'Firebase')
    cd /Users/nam/projects/subgallery/store-assets/DerivedData/SourcePackages/checkouts/firebase-ios-sdk
    write-file /Users/nam/projects/subgallery/store-assets/DerivedData/Build/Intermediates.noindex/Firebase.build/Release-iphonesimulator/FirebaseCoreInternal.build/DerivedSources/resource_bundle_accessor.swift

WriteAuxiliaryFile /Users/nam/projects/subgallery/store-assets/DerivedData/Build/Intermediates.noindex/Firebase.build/Release-iphonesimulator/FirebaseCore.build/Objects-normal/arm64/e6072d4f65d7061329687fe24e3d63a7-common-args.resp (in target 'FirebaseCore' from project 'Firebase')
    cd /Users/nam/projects/subgallery/store-assets/DerivedData/SourcePackages/checkouts/firebase-ios-sdk
    write-file /Users/nam/projects/subgallery/store-assets/DerivedData/Build/Intermediates.noindex/Firebase.build/Release-iphonesimulator/FirebaseCore.build/Objects-normal/arm64/e6072d4f65d7061329687fe24e3d63a7-common-args.resp
-target arm64-apple-ios15.0-simulator -fobjc-arc -fmodules -gmodules '-fmodules-cache-path=/Users/nam/projects/subgallery/store-assets/DerivedData/ModuleCache.noindex' '-fmodule-name=FirebaseCore' -fpascal-strings -Os -DSWIFT_PACKAGE '-DFirebase_VERSION=12.14.0' '-DOBJC_OLD_DISPATCH_PROTOTYPES=1' -isysroot /Applications/Xcode.app/Contents/Developer/Platforms/iPhoneSimulator.platform/Developer/SDKs/iPhoneSimulator26.1.sdk -g '-fobjc-abi-version=2' -fobjc-legacy-dispatch -I/Users/nam/projects/subgallery/store-assets/DerivedData/SourcePackages/checkouts/GoogleUtilities/GoogleUtilities/NSData+zlib/Public -I/Users/nam/projects/subgallery/store-assets/DerivedData/SourcePackages/checkouts/GoogleUtilities/GoogleUtilities/Environment/Public -I/Users/nam/projects/subgallery/store-assets/DerivedData/SourcePackages/checkouts/GoogleUtilities/third_party/IsAppEncrypted/Public -I/Users/nam/projects/subgallery/store-assets/DerivedData/SourcePackages/checkouts/GoogleUtilities/GoogleUtilities/Logger/Public -I/Users/nam/projects/subgallery/store-assets/DerivedData/SourcePackages/checkouts/firebase-ios-sdk/CoreOnly/Sources -I/Users/nam/projects/subgallery/store-assets/DerivedData/Build/Products/Release-iphonesimulator/include -I/Users/nam/projects/subgallery/store-assets/DerivedData/SourcePackages/checkouts/firebase-ios-sdk/FirebaseCore/Sources/Public -I/Users/nam/projects/subgallery/store-assets/DerivedData/SourcePackages/checkouts/firebase-ios-sdk -I/Users/nam/projects/subgallery/store-assets/DerivedData/Build/Intermediates.noindex/Firebase.build/Release-iphonesimulator/FirebaseCore.build/DerivedSources-normal/arm64 -I/Users/nam/projects/subgallery/store-assets/DerivedData/Build/Intermediates.noindex/Firebase.build/Release-iphonesimulator/FirebaseCore.build/DerivedSources/arm64 -I/Users/nam/projects/subgallery/store-assets/DerivedData/Build/Intermediates.noindex/Firebase.build/Release-iphonesimulator/FirebaseCore.build/DerivedSources -F/Users/nam/projects/subgallery/store-assets/DerivedData/Build/Products/Release-iphonesimulator/PackageFrameworks -F/Users/nam/projects/subgallery/store-assets/DerivedData/Build/Products/Release-iphonesimulator/PackageFrameworks -F/Users/nam/projects/subgallery/store-assets/DerivedData/Build/Products/Release-iphonesimulator/PackageFrameworks -F/Users/nam/projects/subgallery/store-assets/DerivedData/Build/Products/Release-iphonesimulator/PackageFrameworks -F/Users/nam/projects/subgallery/store-assets/DerivedData/Build/Products/Release-iphonesimulator/PackageFrameworks -F/Users/nam/projects/subgallery/store-assets/DerivedData/Build/Products/Release-iphonesimulator/PackageFrameworks -F/Users/nam/projects/subgallery/store-assets/DerivedData/Build/Products/Release-iphonesimulator -iframework /Applications/Xcode.app/Contents/Developer/Platforms/iPhoneSimulator.platform/Developer/Library/Frameworks -iframework /Applications/Xcode.app/Contents/Developer/Platforms/iPhoneSimulator.platform/Developer/SDKs/iPhoneSimulator26.1.sdk/Developer/Library/Frameworks '-fmodule-map-file=/Users/nam/projects/subgallery/store-assets/DerivedData/Build/Intermediates.noindex/GeneratedModuleMaps-iphonesimulator/GoogleUtilities-NSData.modulemap' '-fmodule-map-file=/Users/nam/projects/subgallery/store-assets/DerivedData/Build/Intermediates.noindex/GeneratedModuleMaps-iphonesimulator/GoogleUtilities-Environment.modulemap' '-fmodule-map-file=/Users/nam/projects/subgallery/store-assets/DerivedData/Build/Intermediates.noindex/GeneratedModuleMaps-iphonesimulator/third-party-IsAppEncrypted.modulemap' '-fmodule-map-file=/Users/nam/projects/subgallery/store-assets/DerivedData/Build/Intermediates.noindex/GeneratedModuleMaps-iphonesimulator/GoogleUtilities-Logger.modulemap' '-fmodule-map-file=/Users/nam/projects/subgallery/store-assets/DerivedData/Build/Intermediates.noindex/GeneratedModuleMaps-iphonesimulator/FirebaseCoreInternal.modulemap' -DXcode

WriteAuxiliaryFile /Users/nam/projects/subgallery/store-assets/DerivedData/Build/Intermediates.noindex/Firebase.build/Release-iphonesimulator/FirebaseCore.build/Objects-normal/arm64/FirebaseCore.LinkFileList (in target 'FirebaseCore' from project 'Firebase')
    cd /Users/nam/projects/subgallery/store-assets/DerivedData/SourcePackages/checkouts/firebase-ios-sdk
    write-file /Users/nam/projects/subgallery/store-assets/DerivedData/Build/Intermediates.noindex/Firebase.build/Release-iphonesimulator/FirebaseCore.build/Objects-normal/arm64/FirebaseCore.LinkFileList

WriteAuxiliaryFile /Users/nam/projects/subgallery/store-assets/DerivedData/Build/Intermediates.noindex/Firebase.build/Release-iphonesimulator/FirebaseCore.build/FirebaseCore.modulemap (in target 'FirebaseCore' from project 'Firebase')
    cd /Users/nam/projects/subgallery/store-assets/DerivedData/SourcePackages/checkouts/firebase-ios-sdk
    write-file /Users/nam/projects/subgallery/store-assets/DerivedData/Build/Intermediates.noindex/Firebase.build/Release-iphonesimulator/FirebaseCore.build/FirebaseCore.modulemap

WriteAuxiliaryFile /Users/nam/projects/subgallery/store-assets/DerivedData/Build/Intermediates.noindex/Firebase.build/Release-iphonesimulator/FirebaseCore.build/FirebaseCore.DependencyStaticMetadataFileList (in target 'FirebaseCore' from project 'Firebase')
    cd /Users/nam/projects/subgallery/store-assets/DerivedData/SourcePackages/checkouts/firebase-ios-sdk
    write-file /Users/nam/projects/subgallery/store-assets/DerivedData/Build/Intermediates.noindex/Firebase.build/Release-iphonesimulator/FirebaseCore.build/FirebaseCore.DependencyStaticMetadataFileList

WriteAuxiliaryFile /Users/nam/projects/subgallery/store-assets/DerivedData/Build/Intermediates.noindex/Firebase.build/Release-iphonesimulator/FirebaseCore.build/FirebaseCore.DependencyMetadataFileList (in target 'FirebaseCore' from project 'Firebase')
    cd /Users/nam/projects/subgallery/store-assets/DerivedData/SourcePackages/checkouts/firebase-ios-sdk
    write-file /Users/nam/projects/subgallery/store-assets/DerivedData/Build/Intermediates.noindex/Firebase.build/Release-iphonesimulator/FirebaseCore.build/FirebaseCore.DependencyMetadataFileList

Copy /Users/nam/projects/subgallery/store-assets/DerivedData/Build/Intermediates.noindex/GeneratedModuleMaps-iphonesimulator/FirebaseCoreInternal.modulemap /Users/nam/projects/subgallery/store-assets/DerivedData/Build/Intermediates.noindex/Firebase.build/Release-iphonesimulator/FirebaseCoreInternal.build/FirebaseCoreInternal.modulemap (in target 'FirebaseCoreInternal' from project 'Firebase')
    cd /Users/nam/projects/subgallery/store-assets/DerivedData/SourcePackages/checkouts/firebase-ios-sdk
    builtin-copy -exclude .DS_Store -exclude CVS -exclude .svn -exclude .git -exclude .hg -strip-unsigned-binaries -strip-deterministic -strip-tool /Applications/Xcode.app/Contents/Developer/Toolchains/XcodeDefault.xctoolchain/usr/bin/strip -resolve-src-symlinks /Users/nam/projects/subgallery/store-assets/DerivedData/Build/Intermediates.noindex/Firebase.build/Release-iphonesimulator/FirebaseCoreInternal.build/FirebaseCoreInternal.modulemap /Users/nam/projects/subgallery/store-assets/DerivedData/Build/Intermediates.noindex/GeneratedModuleMaps-iphonesimulator

WriteAuxiliaryFile /Users/nam/projects/subgallery/store-assets/DerivedData/Build/Intermediates.noindex/Firebase.build/Release-iphonesimulator/FirebaseCore.build/DerivedSources/resource_bundle_accessor.m (in target 'FirebaseCore' from project 'Firebase')
    cd /Users/nam/projects/subgallery/store-assets/DerivedData/SourcePackages/checkouts/firebase-ios-sdk
    write-file /Users/nam/projects/subgallery/store-assets/DerivedData/Build/Intermediates.noindex/Firebase.build/Release-iphonesimulator/FirebaseCore.build/DerivedSources/resource_bundle_accessor.m

WriteAuxiliaryFile /Users/nam/projects/subgallery/store-assets/DerivedData/Build/Intermediates.noindex/Firebase.build/Release-iphonesimulator/FirebaseCore.build/DerivedSources/resource_bundle_accessor.h (in target 'FirebaseCore' from project 'Firebase')
    cd /Users/nam/projects/subgallery/store-assets/DerivedData/SourcePackages/checkouts/firebase-ios-sdk
    write-file /Users/nam/projects/subgallery/store-assets/DerivedData/Build/Intermediates.noindex/Firebase.build/Release-iphonesimulator/FirebaseCore.build/DerivedSources/resource_bundle_accessor.h

WriteAuxiliaryFile /Users/nam/projects/subgallery/store-assets/DerivedData/Build/Intermediates.noindex/Firebase.build/Release-iphonesimulator/Firebase.build/Objects-normal/arm64/e6072d4f65d7061329687fe24e3d63a7-common-args.resp (in target 'Firebase' from project 'Firebase')
    cd /Users/nam/projects/subgallery/store-assets/DerivedData/SourcePackages/checkouts/firebase-ios-sdk
    write-file /Users/nam/projects/subgallery/store-assets/DerivedData/Build/Intermediates.noindex/Firebase.build/Release-iphonesimulator/Firebase.build/Objects-normal/arm64/e6072d4f65d7061329687fe24e3d63a7-common-args.resp
-target arm64-apple-ios15.0-simulator -fobjc-arc -fmodules -gmodules '-fmodules-cache-path=/Users/nam/projects/subgallery/store-assets/DerivedData/ModuleCache.noindex' '-fmodule-name=Firebase' -fpascal-strings -Os -DSWIFT_PACKAGE '-DOBJC_OLD_DISPATCH_PROTOTYPES=1' -isysroot /Applications/Xcode.app/Contents/Developer/Platforms/iPhoneSimulator.platform/Developer/SDKs/iPhoneSimulator26.1.sdk -g '-fobjc-abi-version=2' -fobjc-legacy-dispatch -I/Users/nam/projects/subgallery/store-assets/DerivedData/Build/Products/Release-iphonesimulator/include -I/Users/nam/projects/subgallery/store-assets/DerivedData/SourcePackages/checkouts/firebase-ios-sdk/CoreOnly/Sources -I/Users/nam/projects/subgallery/store-assets/DerivedData/Build/Intermediates.noindex/Firebase.build/Release-iphonesimulator/Firebase.build/DerivedSources-normal/arm64 -I/Users/nam/projects/subgallery/store-assets/DerivedData/Build/Intermediates.noindex/Firebase.build/Release-iphonesimulator/Firebase.build/DerivedSources/arm64 -I/Users/nam/projects/subgallery/store-assets/DerivedData/Build/Intermediates.noindex/Firebase.build/Release-iphonesimulator/Firebase.build/DerivedSources -F/Users/nam/projects/subgallery/store-assets/DerivedData/Build/Products/Release-iphonesimulator -iframework /Applications/Xcode.app/Contents/Developer/Platforms/iPhoneSimulator.platform/Developer/Library/Frameworks -iframework /Applications/Xcode.app/Contents/Developer/Platforms/iPhoneSimulator.platform/Developer/SDKs/iPhoneSimulator26.1.sdk/Developer/Library/Frameworks -DXcode

WriteAuxiliaryFile /Users/nam/projects/subgallery/store-assets/DerivedData/Build/Intermediates.noindex/Firebase.build/Release-iphonesimulator/Firebase.build/Objects-normal/arm64/Firebase.LinkFileList (in target 'Firebase' from project 'Firebase')
    cd /Users/nam/projects/subgallery/store-assets/DerivedData/SourcePackages/checkouts/firebase-ios-sdk
    write-file /Users/nam/projects/subgallery/store-assets/DerivedData/Build/Intermediates.noindex/Firebase.build/Release-iphonesimulator/Firebase.build/Objects-normal/arm64/Firebase.LinkFileList

WriteAuxiliaryFile /Users/nam/projects/subgallery/store-assets/DerivedData/Build/Intermediates.noindex/Firebase.build/Release-iphonesimulator/Firebase.build/Firebase.DependencyStaticMetadataFileList (in target 'Firebase' from project 'Firebase')
    cd /Users/nam/projects/subgallery/store-assets/DerivedData/SourcePackages/checkouts/firebase-ios-sdk
    write-file /Users/nam/projects/subgallery/store-assets/DerivedData/Build/Intermediates.noindex/Firebase.build/Release-iphonesimulator/Firebase.build/Firebase.DependencyStaticMetadataFileList

WriteAuxiliaryFile /Users/nam/projects/subgallery/store-assets/DerivedData/Build/Intermediates.noindex/Firebase.build/Release-iphonesimulator/Firebase.build/Firebase.DependencyMetadataFileList (in target 'Firebase' from project 'Firebase')
    cd /Users/nam/projects/subgallery/store-assets/DerivedData/SourcePackages/checkouts/firebase-ios-sdk
    write-file /Users/nam/projects/subgallery/store-assets/DerivedData/Build/Intermediates.noindex/Firebase.build/Release-iphonesimulator/Firebase.build/Firebase.DependencyMetadataFileList

Copy /Users/nam/projects/subgallery/store-assets/DerivedData/Build/Intermediates.noindex/GeneratedModuleMaps-iphonesimulator/FirebaseCore.modulemap /Users/nam/projects/subgallery/store-assets/DerivedData/Build/Intermediates.noindex/Firebase.build/Release-iphonesimulator/FirebaseCore.build/FirebaseCore.modulemap (in target 'FirebaseCore' from project 'Firebase')
    cd /Users/nam/projects/subgallery/store-assets/DerivedData/SourcePackages/checkouts/firebase-ios-sdk
    builtin-copy -exclude .DS_Store -exclude CVS -exclude .svn -exclude .git -exclude .hg -strip-unsigned-binaries -strip-deterministic -strip-tool /Applications/Xcode.app/Contents/Developer/Toolchains/XcodeDefault.xctoolchain/usr/bin/strip -resolve-src-symlinks /Users/nam/projects/subgallery/store-assets/DerivedData/Build/Intermediates.noindex/Firebase.build/Release-iphonesimulator/FirebaseCore.build/FirebaseCore.modulemap /Users/nam/projects/subgallery/store-assets/DerivedData/Build/Intermediates.noindex/GeneratedModuleMaps-iphonesimulator

WriteAuxiliaryFile /Users/nam/projects/subgallery/store-assets/DerivedData/Build/Intermediates.noindex/Promises.build/Release-iphonesimulator/FBLPromises.build/Objects-normal/arm64/e6072d4f65d7061329687fe24e3d63a7-common-args.resp (in target 'FBLPromises' from project 'Promises')
    cd /Users/nam/projects/subgallery/store-assets/DerivedData/SourcePackages/checkouts/promises
    write-file /Users/nam/projects/subgallery/store-assets/DerivedData/Build/Intermediates.noindex/Promises.build/Release-iphonesimulator/FBLPromises.build/Objects-normal/arm64/e6072d4f65d7061329687fe24e3d63a7-common-args.resp
-target arm64-apple-ios12.0-simulator -fobjc-arc -fmodules -gmodules '-fmodules-cache-path=/Users/nam/projects/subgallery/store-assets/DerivedData/ModuleCache.noindex' '-fmodule-name=FBLPromises' -fpascal-strings -Os -DSWIFT_PACKAGE '-DOBJC_OLD_DISPATCH_PROTOTYPES=1' -isysroot /Applications/Xcode.app/Contents/Developer/Platforms/iPhoneSimulator.platform/Developer/SDKs/iPhoneSimulator26.1.sdk -g '-fobjc-abi-version=2' -fobjc-legacy-dispatch -I/Users/nam/projects/subgallery/store-assets/DerivedData/Build/Products/Release-iphonesimulator/include -I/Users/nam/projects/subgallery/store-assets/DerivedData/SourcePackages/checkouts/promises/Sources/FBLPromises/include -I/Users/nam/projects/subgallery/store-assets/DerivedData/Build/Intermediates.noindex/Promises.build/Release-iphonesimulator/FBLPromises.build/DerivedSources-normal/arm64 -I/Users/nam/projects/subgallery/store-assets/DerivedData/Build/Intermediates.noindex/Promises.build/Release-iphonesimulator/FBLPromises.build/DerivedSources/arm64 -I/Users/nam/projects/subgallery/store-assets/DerivedData/Build/Intermediates.noindex/Promises.build/Release-iphonesimulator/FBLPromises.build/DerivedSources -F/Users/nam/projects/subgallery/store-assets/DerivedData/Build/Products/Release-iphonesimulator -iframework /Applications/Xcode.app/Contents/Developer/Platforms/iPhoneSimulator.platform/Developer/Library/Frameworks -iframework /Applications/Xcode.app/Contents/Developer/Platforms/iPhoneSimulator.platform/Developer/SDKs/iPhoneSimulator26.1.sdk/Developer/Library/Frameworks -DXcode

WriteAuxiliaryFile /Users/nam/projects/subgallery/store-assets/DerivedData/Build/Intermediates.noindex/Promises.build/Release-iphonesimulator/FBLPromises.build/Objects-normal/arm64/FBLPromises.LinkFileList (in target 'FBLPromises' from project 'Promises')
    cd /Users/nam/projects/subgallery/store-assets/DerivedData/SourcePackages/checkouts/promises
    write-file /Users/nam/projects/subgallery/store-assets/DerivedData/Build/Intermediates.noindex/Promises.build/Release-iphonesimulator/FBLPromises.build/Objects-normal/arm64/FBLPromises.LinkFileList

WriteAuxiliaryFile /Users/nam/projects/subgallery/store-assets/DerivedData/Build/Intermediates.noindex/Promises.build/Release-iphonesimulator/FBLPromises.build/FBLPromises.DependencyStaticMetadataFileList (in target 'FBLPromises' from project 'Promises')
    cd /Users/nam/projects/subgallery/store-assets/DerivedData/SourcePackages/checkouts/promises
    write-file /Users/nam/projects/subgallery/store-assets/DerivedData/Build/Intermediates.noindex/Promises.build/Release-iphonesimulator/FBLPromises.build/FBLPromises.DependencyStaticMetadataFileList

WriteAuxiliaryFile /Users/nam/projects/subgallery/store-assets/DerivedData/Build/Intermediates.noindex/Promises.build/Release-iphonesimulator/FBLPromises.build/FBLPromises.DependencyMetadataFileList (in target 'FBLPromises' from project 'Promises')
    cd /Users/nam/projects/subgallery/store-assets/DerivedData/SourcePackages/checkouts/promises
    write-file /Users/nam/projects/subgallery/store-assets/DerivedData/Build/Intermediates.noindex/Promises.build/Release-iphonesimulator/FBLPromises.build/FBLPromises.DependencyMetadataFileList

WriteAuxiliaryFile /Users/nam/projects/subgallery/store-assets/DerivedData/Build/Intermediates.noindex/Promises.build/Release-iphonesimulator/FBLPromises.build/DerivedSources/resource_bundle_accessor.h (in target 'FBLPromises' from project 'Promises')
    cd /Users/nam/projects/subgallery/store-assets/DerivedData/SourcePackages/checkouts/promises
    write-file /Users/nam/projects/subgallery/store-assets/DerivedData/Build/Intermediates.noindex/Promises.build/Release-iphonesimulator/FBLPromises.build/DerivedSources/resource_bundle_accessor.h

WriteAuxiliaryFile /Users/nam/projects/subgallery/store-assets/DerivedData/Build/Intermediates.noindex/Promises.build/Release-iphonesimulator/FBLPromises.build/DerivedSources/resource_bundle_accessor.m (in target 'FBLPromises' from project 'Promises')
    cd /Users/nam/projects/subgallery/store-assets/DerivedData/SourcePackages/checkouts/promises
    write-file /Users/nam/projects/subgallery/store-assets/DerivedData/Build/Intermediates.noindex/Promises.build/Release-iphonesimulator/FBLPromises.build/DerivedSources/resource_bundle_accessor.m

MkDir /Users/nam/projects/subgallery/store-assets/DerivedData/Build/Products/Release-iphonesimulator/nanopb_nanopb.bundle (in target 'nanopb_nanopb' from project 'nanopb')
    cd /Users/nam/projects/subgallery/store-assets/DerivedData/SourcePackages/checkouts/nanopb
    /bin/mkdir -p /Users/nam/projects/subgallery/store-assets/DerivedData/Build/Products/Release-iphonesimulator/nanopb_nanopb.bundle

MkDir /Users/nam/projects/subgallery/store-assets/DerivedData/Build/Products/Release-iphonesimulator/GoogleUtilities_GoogleUtilities-UserDefaults.bundle (in target 'GoogleUtilities_GoogleUtilities-UserDefaults' from project 'GoogleUtilities')
    cd /Users/nam/projects/subgallery/store-assets/DerivedData/SourcePackages/checkouts/GoogleUtilities
    /bin/mkdir -p /Users/nam/projects/subgallery/store-assets/DerivedData/Build/Products/Release-iphonesimulator/GoogleUtilities_GoogleUtilities-UserDefaults.bundle

MkDir /Users/nam/projects/subgallery/store-assets/DerivedData/Build/Products/Release-iphonesimulator/GoogleUtilities_GoogleUtilities-Reachability.bundle (in target 'GoogleUtilities_GoogleUtilities-Reachability' from project 'GoogleUtilities')
    cd /Users/nam/projects/subgallery/store-assets/DerivedData/SourcePackages/checkouts/GoogleUtilities
    /bin/mkdir -p /Users/nam/projects/subgallery/store-assets/DerivedData/Build/Products/Release-iphonesimulator/GoogleUtilities_GoogleUtilities-Reachability.bundle

MkDir /Users/nam/projects/subgallery/store-assets/DerivedData/Build/Products/Release-iphonesimulator/GoogleUtilities_GoogleUtilities-Network.bundle (in target 'GoogleUtilities_GoogleUtilities-Network' from project 'GoogleUtilities')
    cd /Users/nam/projects/subgallery/store-assets/DerivedData/SourcePackages/checkouts/GoogleUtilities
    /bin/mkdir -p /Users/nam/projects/subgallery/store-assets/DerivedData/Build/Products/Release-iphonesimulator/GoogleUtilities_GoogleUtilities-Network.bundle

MkDir /Users/nam/projects/subgallery/store-assets/DerivedData/Build/Products/Release-iphonesimulator/GoogleUtilities_GoogleUtilities-MethodSwizzler.bundle (in target 'GoogleUtilities_GoogleUtilities-MethodSwizzler' from project 'GoogleUtilities')
    cd /Users/nam/projects/subgallery/store-assets/DerivedData/SourcePackages/checkouts/GoogleUtilities
    /bin/mkdir -p /Users/nam/projects/subgallery/store-assets/DerivedData/Build/Products/Release-iphonesimulator/GoogleUtilities_GoogleUtilities-MethodSwizzler.bundle

MkDir /Users/nam/projects/subgallery/store-assets/DerivedData/Build/Products/Release-iphonesimulator/GoogleUtilities_GoogleUtilities-Logger.bundle (in target 'GoogleUtilities_GoogleUtilities-Logger' from project 'GoogleUtilities')
    cd /Users/nam/projects/subgallery/store-assets/DerivedData/SourcePackages/checkouts/GoogleUtilities
    /bin/mkdir -p /Users/nam/projects/subgallery/store-assets/DerivedData/Build/Products/Release-iphonesimulator/GoogleUtilities_GoogleUtilities-Logger.bundle

MkDir /Users/nam/projects/subgallery/store-assets/DerivedData/Build/Products/Release-iphonesimulator/GoogleUtilities_GoogleUtilities-Environment.bundle (in target 'GoogleUtilities_GoogleUtilities-Environment' from project 'GoogleUtilities')
    cd /Users/nam/projects/subgallery/store-assets/DerivedData/SourcePackages/checkouts/GoogleUtilities
    /bin/mkdir -p /Users/nam/projects/subgallery/store-assets/DerivedData/Build/Products/Release-iphonesimulator/GoogleUtilities_GoogleUtilities-Environment.bundle

MkDir /Users/nam/projects/subgallery/store-assets/DerivedData/Build/Products/Release-iphonesimulator/GoogleUtilities_GoogleUtilities-AppDelegateSwizzler.bundle (in target 'GoogleUtilities_GoogleUtilities-AppDelegateSwizzler' from project 'GoogleUtilities')
    cd /Users/nam/projects/subgallery/store-assets/DerivedData/SourcePackages/checkouts/GoogleUtilities
    /bin/mkdir -p /Users/nam/projects/subgallery/store-assets/DerivedData/Build/Products/Release-iphonesimulator/GoogleUtilities_GoogleUtilities-AppDelegateSwizzler.bundle

MkDir /Users/nam/projects/subgallery/store-assets/DerivedData/Build/Products/Release-iphonesimulator/Firebase_FirebaseInstallations.bundle (in target 'Firebase_FirebaseInstallations' from project 'Firebase')
    cd /Users/nam/projects/subgallery/store-assets/DerivedData/SourcePackages/checkouts/firebase-ios-sdk
    /bin/mkdir -p /Users/nam/projects/subgallery/store-assets/DerivedData/Build/Products/Release-iphonesimulator/Firebase_FirebaseInstallations.bundle

MkDir /Users/nam/projects/subgallery/store-assets/DerivedData/Build/Products/Release-iphonesimulator/Firebase_FirebaseCoreInternal.bundle (in target 'Firebase_FirebaseCoreInternal' from project 'Firebase')
    cd /Users/nam/projects/subgallery/store-assets/DerivedData/SourcePackages/checkouts/firebase-ios-sdk
    /bin/mkdir -p /Users/nam/projects/subgallery/store-assets/DerivedData/Build/Products/Release-iphonesimulator/Firebase_FirebaseCoreInternal.bundle

MkDir /Users/nam/projects/subgallery/store-assets/DerivedData/Build/Products/Release-iphonesimulator/Firebase_FirebaseCore.bundle (in target 'Firebase_FirebaseCore' from project 'Firebase')
    cd /Users/nam/projects/subgallery/store-assets/DerivedData/SourcePackages/checkouts/firebase-ios-sdk
    /bin/mkdir -p /Users/nam/projects/subgallery/store-assets/DerivedData/Build/Products/Release-iphonesimulator/Firebase_FirebaseCore.bundle

ProcessXCFramework /Users/nam/projects/subgallery/store-assets/DerivedData/SourcePackages/artifacts/googleappmeasurement/GoogleAppMeasurement/GoogleAppMeasurement.xcframework /Users/nam/projects/subgallery/store-assets/DerivedData/Build/Products/Release-iphonesimulator/GoogleAppMeasurement.framework ios simulator
    cd /Users/nam/projects/subgallery/SubGallery.xcodeproj
    builtin-process-xcframework --xcframework /Users/nam/projects/subgallery/store-assets/DerivedData/SourcePackages/artifacts/googleappmeasurement/GoogleAppMeasurement/GoogleAppMeasurement.xcframework --platform ios --environment simulator --target-path /Users/nam/projects/subgallery/store-assets/DerivedData/Build/Products/Release-iphonesimulator
/Users/nam/projects/subgallery/store-assets/DerivedData/SourcePackages/artifacts/googleappmeasurement/GoogleAppMeasurement/GoogleAppMeasurement.xcframework:1:1: note: The identity of “GoogleAppMeasurement.xcframework” is not recorded in your project.

ProcessXCFramework /Users/nam/projects/subgallery/store-assets/DerivedData/SourcePackages/artifacts/googleappmeasurement/GoogleAppMeasurementIdentitySupport/GoogleAppMeasurementIdentitySupport.xcframework /Users/nam/projects/subgallery/store-assets/DerivedData/Build/Products/Release-iphonesimulator/GoogleAppMeasurementIdentitySupport.framework ios simulator
    cd /Users/nam/projects/subgallery/SubGallery.xcodeproj
    builtin-process-xcframework --xcframework /Users/nam/projects/subgallery/store-assets/DerivedData/SourcePackages/artifacts/googleappmeasurement/GoogleAppMeasurementIdentitySupport/GoogleAppMeasurementIdentitySupport.xcframework --platform ios --environment simulator --target-path /Users/nam/projects/subgallery/store-assets/DerivedData/Build/Products/Release-iphonesimulator
/Users/nam/projects/subgallery/store-assets/DerivedData/SourcePackages/artifacts/googleappmeasurement/GoogleAppMeasurementIdentitySupport/GoogleAppMeasurementIdentitySupport.xcframework:1:1: note: The identity of “GoogleAppMeasurementIdentitySupport.xcframework” is not recorded in your project.

ProcessXCFramework /Users/nam/projects/subgallery/store-assets/DerivedData/SourcePackages/artifacts/google-ads-on-device-conversion-ios-sdk/GoogleAdsOnDeviceConversion/GoogleAdsOnDeviceConversion.xcframework /Users/nam/projects/subgallery/store-assets/DerivedData/Build/Products/Release-iphonesimulator/GoogleAdsOnDeviceConversion.framework ios simulator
    cd /Users/nam/projects/subgallery/SubGallery.xcodeproj
    builtin-process-xcframework --xcframework /Users/nam/projects/subgallery/store-assets/DerivedData/SourcePackages/artifacts/google-ads-on-device-conversion-ios-sdk/GoogleAdsOnDeviceConversion/GoogleAdsOnDeviceConversion.xcframework --platform ios --environment simulator --target-path /Users/nam/projects/subgallery/store-assets/DerivedData/Build/Products/Release-iphonesimulator
/Users/nam/projects/subgallery/store-assets/DerivedData/SourcePackages/artifacts/google-ads-on-device-conversion-ios-sdk/GoogleAdsOnDeviceConversion/GoogleAdsOnDeviceConversion.xcframework:1:1: note: The identity of “GoogleAdsOnDeviceConversion.xcframework” is not recorded in your project.

ProcessXCFramework /Users/nam/projects/subgallery/store-assets/DerivedData/SourcePackages/artifacts/firebase-ios-sdk/FirebaseAnalytics/FirebaseAnalytics.xcframework /Users/nam/projects/subgallery/store-assets/DerivedData/Build/Products/Release-iphonesimulator/FirebaseAnalytics.framework ios simulator
    cd /Users/nam/projects/subgallery/SubGallery.xcodeproj
    builtin-process-xcframework --xcframework /Users/nam/projects/subgallery/store-assets/DerivedData/SourcePackages/artifacts/firebase-ios-sdk/FirebaseAnalytics/FirebaseAnalytics.xcframework --platform ios --environment simulator --target-path /Users/nam/projects/subgallery/store-assets/DerivedData/Build/Products/Release-iphonesimulator
/Users/nam/projects/subgallery/store-assets/DerivedData/SourcePackages/artifacts/firebase-ios-sdk/FirebaseAnalytics/FirebaseAnalytics.xcframework:1:1: note: The identity of “FirebaseAnalytics.xcframework” is not recorded in your project.

ProcessInfoPlistFile /Users/nam/projects/subgallery/store-assets/DerivedData/Build/Products/Release-iphonesimulator/nanopb_nanopb.bundle/Info.plist /Users/nam/projects/subgallery/store-assets/DerivedData/Build/Intermediates.noindex/nanopb.build/Release-iphonesimulator/nanopb_nanopb.build/empty-nanopb_nanopb.plist (in target 'nanopb_nanopb' from project 'nanopb')
    cd /Users/nam/projects/subgallery/store-assets/DerivedData/SourcePackages/checkouts/nanopb
    builtin-infoPlistUtility /Users/nam/projects/subgallery/store-assets/DerivedData/Build/Intermediates.noindex/nanopb.build/Release-iphonesimulator/nanopb_nanopb.build/empty-nanopb_nanopb.plist -producttype com.apple.product-type.bundle -expandbuildsettings -format binary -platform iphonesimulator -o /Users/nam/projects/subgallery/store-assets/DerivedData/Build/Products/Release-iphonesimulator/nanopb_nanopb.bundle/Info.plist

CpResource /Users/nam/projects/subgallery/store-assets/DerivedData/Build/Products/Release-iphonesimulator/nanopb_nanopb.bundle/PrivacyInfo.xcprivacy /Users/nam/projects/subgallery/store-assets/DerivedData/SourcePackages/checkouts/nanopb/spm_resources/PrivacyInfo.xcprivacy (in target 'nanopb_nanopb' from project 'nanopb')
    cd /Users/nam/projects/subgallery/store-assets/DerivedData/SourcePackages/checkouts/nanopb
    builtin-copy -exclude .DS_Store -exclude CVS -exclude .svn -exclude .git -exclude .hg -strip-unsigned-binaries -strip-deterministic -strip-tool /Applications/Xcode.app/Contents/Developer/Toolchains/XcodeDefault.xctoolchain/usr/bin/strip -resolve-src-symlinks /Users/nam/projects/subgallery/store-assets/DerivedData/SourcePackages/checkouts/nanopb/spm_resources/PrivacyInfo.xcprivacy /Users/nam/projects/subgallery/store-assets/DerivedData/Build/Products/Release-iphonesimulator/nanopb_nanopb.bundle

ProcessInfoPlistFile /Users/nam/projects/subgallery/store-assets/DerivedData/Build/Products/Release-iphonesimulator/Promises_FBLPromises.bundle/Info.plist /Users/nam/projects/subgallery/store-assets/DerivedData/Build/Intermediates.noindex/Promises.build/Release-iphonesimulator/Promises_FBLPromises.build/empty-Promises_FBLPromises.plist (in target 'Promises_FBLPromises' from project 'Promises')
    cd /Users/nam/projects/subgallery/store-assets/DerivedData/SourcePackages/checkouts/promises
    builtin-infoPlistUtility /Users/nam/projects/subgallery/store-assets/DerivedData/Build/Intermediates.noindex/Promises.build/Release-iphonesimulator/Promises_FBLPromises.build/empty-Promises_FBLPromises.plist -producttype com.apple.product-type.bundle -expandbuildsettings -format binary -platform iphonesimulator -o /Users/nam/projects/subgallery/store-assets/DerivedData/Build/Products/Release-iphonesimulator/Promises_FBLPromises.bundle/Info.plist

CpResource /Users/nam/projects/subgallery/store-assets/DerivedData/Build/Products/Release-iphonesimulator/Promises_FBLPromises.bundle/PrivacyInfo.xcprivacy /Users/nam/projects/subgallery/store-assets/DerivedData/SourcePackages/checkouts/promises/Sources/FBLPromises/Resources/PrivacyInfo.xcprivacy (in target 'Promises_FBLPromises' from project 'Promises')
    cd /Users/nam/projects/subgallery/store-assets/DerivedData/SourcePackages/checkouts/promises
    builtin-copy -exclude .DS_Store -exclude CVS -exclude .svn -exclude .git -exclude .hg -strip-unsigned-binaries -strip-deterministic -strip-tool /Applications/Xcode.app/Contents/Developer/Toolchains/XcodeDefault.xctoolchain/usr/bin/strip -resolve-src-symlinks /Users/nam/projects/subgallery/store-assets/DerivedData/SourcePackages/checkouts/promises/Sources/FBLPromises/Resources/PrivacyInfo.xcprivacy /Users/nam/projects/subgallery/store-assets/DerivedData/Build/Products/Release-iphonesimulator/Promises_FBLPromises.bundle

ProcessInfoPlistFile /Users/nam/projects/subgallery/store-assets/DerivedData/Build/Products/Release-iphonesimulator/GoogleUtilities_GoogleUtilities-UserDefaults.bundle/Info.plist /Users/nam/projects/subgallery/store-assets/DerivedData/Build/Intermediates.noindex/GoogleUtilities.build/Release-iphonesimulator/GoogleUtilities_GoogleUtilities-UserDefaults.build/empty-GoogleUtilities_GoogleUtilities-UserDefaults.plist (in target 'GoogleUtilities_GoogleUtilities-UserDefaults' from project 'GoogleUtilities')
    cd /Users/nam/projects/subgallery/store-assets/DerivedData/SourcePackages/checkouts/GoogleUtilities
    builtin-infoPlistUtility /Users/nam/projects/subgallery/store-assets/DerivedData/Build/Intermediates.noindex/GoogleUtilities.build/Release-iphonesimulator/GoogleUtilities_GoogleUtilities-UserDefaults.build/empty-GoogleUtilities_GoogleUtilities-UserDefaults.plist -producttype com.apple.product-type.bundle -expandbuildsettings -format binary -platform iphonesimulator -o /Users/nam/projects/subgallery/store-assets/DerivedData/Build/Products/Release-iphonesimulator/GoogleUtilities_GoogleUtilities-UserDefaults.bundle/Info.plist

CpResource /Users/nam/projects/subgallery/store-assets/DerivedData/Build/Products/Release-iphonesimulator/GoogleUtilities_GoogleUtilities-UserDefaults.bundle/PrivacyInfo.xcprivacy /Users/nam/projects/subgallery/store-assets/DerivedData/SourcePackages/checkouts/GoogleUtilities/GoogleUtilities/UserDefaults/Resources/PrivacyInfo.xcprivacy (in target 'GoogleUtilities_GoogleUtilities-UserDefaults' from project 'GoogleUtilities')
    cd /Users/nam/projects/subgallery/store-assets/DerivedData/SourcePackages/checkouts/GoogleUtilities
    builtin-copy -exclude .DS_Store -exclude CVS -exclude .svn -exclude .git -exclude .hg -strip-unsigned-binaries -strip-deterministic -strip-tool /Applications/Xcode.app/Contents/Developer/Toolchains/XcodeDefault.xctoolchain/usr/bin/strip -resolve-src-symlinks /Users/nam/projects/subgallery/store-assets/DerivedData/SourcePackages/checkouts/GoogleUtilities/GoogleUtilities/UserDefaults/Resources/PrivacyInfo.xcprivacy /Users/nam/projects/subgallery/store-assets/DerivedData/Build/Products/Release-iphonesimulator/GoogleUtilities_GoogleUtilities-UserDefaults.bundle

ProcessInfoPlistFile /Users/nam/projects/subgallery/store-assets/DerivedData/Build/Products/Release-iphonesimulator/GoogleUtilities_GoogleUtilities-Reachability.bundle/Info.plist /Users/nam/projects/subgallery/store-assets/DerivedData/Build/Intermediates.noindex/GoogleUtilities.build/Release-iphonesimulator/GoogleUtilities_GoogleUtilities-Reachability.build/empty-GoogleUtilities_GoogleUtilities-Reachability.plist (in target 'GoogleUtilities_GoogleUtilities-Reachability' from project 'GoogleUtilities')
    cd /Users/nam/projects/subgallery/store-assets/DerivedData/SourcePackages/checkouts/GoogleUtilities
    builtin-infoPlistUtility /Users/nam/projects/subgallery/store-assets/DerivedData/Build/Intermediates.noindex/GoogleUtilities.build/Release-iphonesimulator/GoogleUtilities_GoogleUtilities-Reachability.build/empty-GoogleUtilities_GoogleUtilities-Reachability.plist -producttype com.apple.product-type.bundle -expandbuildsettings -format binary -platform iphonesimulator -o /Users/nam/projects/subgallery/store-assets/DerivedData/Build/Products/Release-iphonesimulator/GoogleUtilities_GoogleUtilities-Reachability.bundle/Info.plist

CpResource /Users/nam/projects/subgallery/store-assets/DerivedData/Build/Products/Release-iphonesimulator/GoogleUtilities_GoogleUtilities-Reachability.bundle/PrivacyInfo.xcprivacy /Users/nam/projects/subgallery/store-assets/DerivedData/SourcePackages/checkouts/GoogleUtilities/GoogleUtilities/Reachability/Resources/PrivacyInfo.xcprivacy (in target 'GoogleUtilities_GoogleUtilities-Reachability' from project 'GoogleUtilities')
    cd /Users/nam/projects/subgallery/store-assets/DerivedData/SourcePackages/checkouts/GoogleUtilities
    builtin-copy -exclude .DS_Store -exclude CVS -exclude .svn -exclude .git -exclude .hg -strip-unsigned-binaries -strip-deterministic -strip-tool /Applications/Xcode.app/Contents/Developer/Toolchains/XcodeDefault.xctoolchain/usr/bin/strip -resolve-src-symlinks /Users/nam/projects/subgallery/store-assets/DerivedData/SourcePackages/checkouts/GoogleUtilities/GoogleUtilities/Reachability/Resources/PrivacyInfo.xcprivacy /Users/nam/projects/subgallery/store-assets/DerivedData/Build/Products/Release-iphonesimulator/GoogleUtilities_GoogleUtilities-Reachability.bundle

ProcessInfoPlistFile /Users/nam/projects/subgallery/store-assets/DerivedData/Build/Products/Release-iphonesimulator/GoogleUtilities_GoogleUtilities-Network.bundle/Info.plist /Users/nam/projects/subgallery/store-assets/DerivedData/Build/Intermediates.noindex/GoogleUtilities.build/Release-iphonesimulator/GoogleUtilities_GoogleUtilities-Network.build/empty-GoogleUtilities_GoogleUtilities-Network.plist (in target 'GoogleUtilities_GoogleUtilities-Network' from project 'GoogleUtilities')
    cd /Users/nam/projects/subgallery/store-assets/DerivedData/SourcePackages/checkouts/GoogleUtilities
    builtin-infoPlistUtility /Users/nam/projects/subgallery/store-assets/DerivedData/Build/Intermediates.noindex/GoogleUtilities.build/Release-iphonesimulator/GoogleUtilities_GoogleUtilities-Network.build/empty-GoogleUtilities_GoogleUtilities-Network.plist -producttype com.apple.product-type.bundle -expandbuildsettings -format binary -platform iphonesimulator -o /Users/nam/projects/subgallery/store-assets/DerivedData/Build/Products/Release-iphonesimulator/GoogleUtilities_GoogleUtilities-Network.bundle/Info.plist

CpResource /Users/nam/projects/subgallery/store-assets/DerivedData/Build/Products/Release-iphonesimulator/GoogleUtilities_GoogleUtilities-Network.bundle/PrivacyInfo.xcprivacy /Users/nam/projects/subgallery/store-assets/DerivedData/SourcePackages/checkouts/GoogleUtilities/GoogleUtilities/Network/Resources/PrivacyInfo.xcprivacy (in target 'GoogleUtilities_GoogleUtilities-Network' from project 'GoogleUtilities')
    cd /Users/nam/projects/subgallery/store-assets/DerivedData/SourcePackages/checkouts/GoogleUtilities
    builtin-copy -exclude .DS_Store -exclude CVS -exclude .svn -exclude .git -exclude .hg -strip-unsigned-binaries -strip-deterministic -strip-tool /Applications/Xcode.app/Contents/Developer/Toolchains/XcodeDefault.xctoolchain/usr/bin/strip -resolve-src-symlinks /Users/nam/projects/subgallery/store-assets/DerivedData/SourcePackages/checkouts/GoogleUtilities/GoogleUtilities/Network/Resources/PrivacyInfo.xcprivacy /Users/nam/projects/subgallery/store-assets/DerivedData/Build/Products/Release-iphonesimulator/GoogleUtilities_GoogleUtilities-Network.bundle

ProcessInfoPlistFile /Users/nam/projects/subgallery/store-assets/DerivedData/Build/Products/Release-iphonesimulator/GoogleUtilities_GoogleUtilities-NSData.bundle/Info.plist /Users/nam/projects/subgallery/store-assets/DerivedData/Build/Intermediates.noindex/GoogleUtilities.build/Release-iphonesimulator/GoogleUtilities_GoogleUtilities-NSData.build/empty-GoogleUtilities_GoogleUtilities-NSData.plist (in target 'GoogleUtilities_GoogleUtilities-NSData' from project 'GoogleUtilities')
    cd /Users/nam/projects/subgallery/store-assets/DerivedData/SourcePackages/checkouts/GoogleUtilities
    builtin-infoPlistUtility /Users/nam/projects/subgallery/store-assets/DerivedData/Build/Intermediates.noindex/GoogleUtilities.build/Release-iphonesimulator/GoogleUtilities_GoogleUtilities-NSData.build/empty-GoogleUtilities_GoogleUtilities-NSData.plist -producttype com.apple.product-type.bundle -expandbuildsettings -format binary -platform iphonesimulator -o /Users/nam/projects/subgallery/store-assets/DerivedData/Build/Products/Release-iphonesimulator/GoogleUtilities_GoogleUtilities-NSData.bundle/Info.plist

CpResource /Users/nam/projects/subgallery/store-assets/DerivedData/Build/Products/Release-iphonesimulator/GoogleUtilities_GoogleUtilities-NSData.bundle/PrivacyInfo.xcprivacy /Users/nam/projects/subgallery/store-assets/DerivedData/SourcePackages/checkouts/GoogleUtilities/GoogleUtilities/NSData+zlib/Resources/PrivacyInfo.xcprivacy (in target 'GoogleUtilities_GoogleUtilities-NSData' from project 'GoogleUtilities')
    cd /Users/nam/projects/subgallery/store-assets/DerivedData/SourcePackages/checkouts/GoogleUtilities
    builtin-copy -exclude .DS_Store -exclude CVS -exclude .svn -exclude .git -exclude .hg -strip-unsigned-binaries -strip-deterministic -strip-tool /Applications/Xcode.app/Contents/Developer/Toolchains/XcodeDefault.xctoolchain/usr/bin/strip -resolve-src-symlinks /Users/nam/projects/subgallery/store-assets/DerivedData/SourcePackages/checkouts/GoogleUtilities/GoogleUtilities/NSData+zlib/Resources/PrivacyInfo.xcprivacy /Users/nam/projects/subgallery/store-assets/DerivedData/Build/Products/Release-iphonesimulator/GoogleUtilities_GoogleUtilities-NSData.bundle

RegisterExecutionPolicyException /Users/nam/projects/subgallery/store-assets/DerivedData/Build/Products/Release-iphonesimulator/nanopb_nanopb.bundle (in target 'nanopb_nanopb' from project 'nanopb')
    cd /Users/nam/projects/subgallery/store-assets/DerivedData/SourcePackages/checkouts/nanopb
    builtin-RegisterExecutionPolicyException /Users/nam/projects/subgallery/store-assets/DerivedData/Build/Products/Release-iphonesimulator/nanopb_nanopb.bundle

RegisterExecutionPolicyException /Users/nam/projects/subgallery/store-assets/DerivedData/Build/Products/Release-iphonesimulator/Promises_FBLPromises.bundle (in target 'Promises_FBLPromises' from project 'Promises')
    cd /Users/nam/projects/subgallery/store-assets/DerivedData/SourcePackages/checkouts/promises
    builtin-RegisterExecutionPolicyException /Users/nam/projects/subgallery/store-assets/DerivedData/Build/Products/Release-iphonesimulator/Promises_FBLPromises.bundle

RegisterExecutionPolicyException /Users/nam/projects/subgallery/store-assets/DerivedData/Build/Products/Release-iphonesimulator/GoogleUtilities_GoogleUtilities-UserDefaults.bundle (in target 'GoogleUtilities_GoogleUtilities-UserDefaults' from project 'GoogleUtilities')
    cd /Users/nam/projects/subgallery/store-assets/DerivedData/SourcePackages/checkouts/GoogleUtilities
    builtin-RegisterExecutionPolicyException /Users/nam/projects/subgallery/store-assets/DerivedData/Build/Products/Release-iphonesimulator/GoogleUtilities_GoogleUtilities-UserDefaults.bundle

RegisterExecutionPolicyException /Users/nam/projects/subgallery/store-assets/DerivedData/Build/Products/Release-iphonesimulator/GoogleUtilities_GoogleUtilities-Reachability.bundle (in target 'GoogleUtilities_GoogleUtilities-Reachability' from project 'GoogleUtilities')
    cd /Users/nam/projects/subgallery/store-assets/DerivedData/SourcePackages/checkouts/GoogleUtilities
    builtin-RegisterExecutionPolicyException /Users/nam/projects/subgallery/store-assets/DerivedData/Build/Products/Release-iphonesimulator/GoogleUtilities_GoogleUtilities-Reachability.bundle

RegisterExecutionPolicyException /Users/nam/projects/subgallery/store-assets/DerivedData/Build/Products/Release-iphonesimulator/GoogleUtilities_GoogleUtilities-Network.bundle (in target 'GoogleUtilities_GoogleUtilities-Network' from project 'GoogleUtilities')
    cd /Users/nam/projects/subgallery/store-assets/DerivedData/SourcePackages/checkouts/GoogleUtilities
    builtin-RegisterExecutionPolicyException /Users/nam/projects/subgallery/store-assets/DerivedData/Build/Products/Release-iphonesimulator/GoogleUtilities_GoogleUtilities-Network.bundle

Touch /Users/nam/projects/subgallery/store-assets/DerivedData/Build/Products/Release-iphonesimulator/Promises_FBLPromises.bundle (in target 'Promises_FBLPromises' from project 'Promises')
    cd /Users/nam/projects/subgallery/store-assets/DerivedData/SourcePackages/checkouts/promises
    /usr/bin/touch -c /Users/nam/projects/subgallery/store-assets/DerivedData/Build/Products/Release-iphonesimulator/Promises_FBLPromises.bundle

ProcessInfoPlistFile /Users/nam/projects/subgallery/store-assets/DerivedData/Build/Products/Release-iphonesimulator/GoogleUtilities_GoogleUtilities-MethodSwizzler.bundle/Info.plist /Users/nam/projects/subgallery/store-assets/DerivedData/Build/Intermediates.noindex/GoogleUtilities.build/Release-iphonesimulator/GoogleUtilities_GoogleUtilities-MethodSwizzler.build/empty-GoogleUtilities_GoogleUtilities-MethodSwizzler.plist (in target 'GoogleUtilities_GoogleUtilities-MethodSwizzler' from project 'GoogleUtilities')
    cd /Users/nam/projects/subgallery/store-assets/DerivedData/SourcePackages/checkouts/GoogleUtilities
    builtin-infoPlistUtility /Users/nam/projects/subgallery/store-assets/DerivedData/Build/Intermediates.noindex/GoogleUtilities.build/Release-iphonesimulator/GoogleUtilities_GoogleUtilities-MethodSwizzler.build/empty-GoogleUtilities_GoogleUtilities-MethodSwizzler.plist -producttype com.apple.product-type.bundle -expandbuildsettings -format binary -platform iphonesimulator -o /Users/nam/projects/subgallery/store-assets/DerivedData/Build/Products/Release-iphonesimulator/GoogleUtilities_GoogleUtilities-MethodSwizzler.bundle/Info.plist

CpResource /Users/nam/projects/subgallery/store-assets/DerivedData/Build/Products/Release-iphonesimulator/GoogleUtilities_GoogleUtilities-MethodSwizzler.bundle/PrivacyInfo.xcprivacy /Users/nam/projects/subgallery/store-assets/DerivedData/SourcePackages/checkouts/GoogleUtilities/GoogleUtilities/MethodSwizzler/Resources/PrivacyInfo.xcprivacy (in target 'GoogleUtilities_GoogleUtilities-MethodSwizzler' from project 'GoogleUtilities')
    cd /Users/nam/projects/subgallery/store-assets/DerivedData/SourcePackages/checkouts/GoogleUtilities
    builtin-copy -exclude .DS_Store -exclude CVS -exclude .svn -exclude .git -exclude .hg -strip-unsigned-binaries -strip-deterministic -strip-tool /Applications/Xcode.app/Contents/Developer/Toolchains/XcodeDefault.xctoolchain/usr/bin/strip -resolve-src-symlinks /Users/nam/projects/subgallery/store-assets/DerivedData/SourcePackages/checkouts/GoogleUtilities/GoogleUtilities/MethodSwizzler/Resources/PrivacyInfo.xcprivacy /Users/nam/projects/subgallery/store-assets/DerivedData/Build/Products/Release-iphonesimulator/GoogleUtilities_GoogleUtilities-MethodSwizzler.bundle

Touch /Users/nam/projects/subgallery/store-assets/DerivedData/Build/Products/Release-iphonesimulator/GoogleUtilities_GoogleUtilities-UserDefaults.bundle (in target 'GoogleUtilities_GoogleUtilities-UserDefaults' from project 'GoogleUtilities')
    cd /Users/nam/projects/subgallery/store-assets/DerivedData/SourcePackages/checkouts/GoogleUtilities
    /usr/bin/touch -c /Users/nam/projects/subgallery/store-assets/DerivedData/Build/Products/Release-iphonesimulator/GoogleUtilities_GoogleUtilities-UserDefaults.bundle

Touch /Users/nam/projects/subgallery/store-assets/DerivedData/Build/Products/Release-iphonesimulator/nanopb_nanopb.bundle (in target 'nanopb_nanopb' from project 'nanopb')
    cd /Users/nam/projects/subgallery/store-assets/DerivedData/SourcePackages/checkouts/nanopb
    /usr/bin/touch -c /Users/nam/projects/subgallery/store-assets/DerivedData/Build/Products/Release-iphonesimulator/nanopb_nanopb.bundle

RegisterExecutionPolicyException /Users/nam/projects/subgallery/store-assets/DerivedData/Build/Products/Release-iphonesimulator/GoogleUtilities_GoogleUtilities-NSData.bundle (in target 'GoogleUtilities_GoogleUtilities-NSData' from project 'GoogleUtilities')
    cd /Users/nam/projects/subgallery/store-assets/DerivedData/SourcePackages/checkouts/GoogleUtilities
    builtin-RegisterExecutionPolicyException /Users/nam/projects/subgallery/store-assets/DerivedData/Build/Products/Release-iphonesimulator/GoogleUtilities_GoogleUtilities-NSData.bundle

ProcessInfoPlistFile /Users/nam/projects/subgallery/store-assets/DerivedData/Build/Products/Release-iphonesimulator/GoogleUtilities_GoogleUtilities-Logger.bundle/Info.plist /Users/nam/projects/subgallery/store-assets/DerivedData/Build/Intermediates.noindex/GoogleUtilities.build/Release-iphonesimulator/GoogleUtilities_GoogleUtilities-Logger.build/empty-GoogleUtilities_GoogleUtilities-Logger.plist (in target 'GoogleUtilities_GoogleUtilities-Logger' from project 'GoogleUtilities')
    cd /Users/nam/projects/subgallery/store-assets/DerivedData/SourcePackages/checkouts/GoogleUtilities
    builtin-infoPlistUtility /Users/nam/projects/subgallery/store-assets/DerivedData/Build/Intermediates.noindex/GoogleUtilities.build/Release-iphonesimulator/GoogleUtilities_GoogleUtilities-Logger.build/empty-GoogleUtilities_GoogleUtilities-Logger.plist -producttype com.apple.product-type.bundle -expandbuildsettings -format binary -platform iphonesimulator -o /Users/nam/projects/subgallery/store-assets/DerivedData/Build/Products/Release-iphonesimulator/GoogleUtilities_GoogleUtilities-Logger.bundle/Info.plist

CpResource /Users/nam/projects/subgallery/store-assets/DerivedData/Build/Products/Release-iphonesimulator/GoogleUtilities_GoogleUtilities-Logger.bundle/PrivacyInfo.xcprivacy /Users/nam/projects/subgallery/store-assets/DerivedData/SourcePackages/checkouts/GoogleUtilities/GoogleUtilities/Logger/Resources/PrivacyInfo.xcprivacy (in target 'GoogleUtilities_GoogleUtilities-Logger' from project 'GoogleUtilities')
    cd /Users/nam/projects/subgallery/store-assets/DerivedData/SourcePackages/checkouts/GoogleUtilities
    builtin-copy -exclude .DS_Store -exclude CVS -exclude .svn -exclude .git -exclude .hg -strip-unsigned-binaries -strip-deterministic -strip-tool /Applications/Xcode.app/Contents/Developer/Toolchains/XcodeDefault.xctoolchain/usr/bin/strip -resolve-src-symlinks /Users/nam/projects/subgallery/store-assets/DerivedData/SourcePackages/checkouts/GoogleUtilities/GoogleUtilities/Logger/Resources/PrivacyInfo.xcprivacy /Users/nam/projects/subgallery/store-assets/DerivedData/Build/Products/Release-iphonesimulator/GoogleUtilities_GoogleUtilities-Logger.bundle

RegisterExecutionPolicyException /Users/nam/projects/subgallery/store-assets/DerivedData/Build/Products/Release-iphonesimulator/GoogleUtilities_GoogleUtilities-MethodSwizzler.bundle (in target 'GoogleUtilities_GoogleUtilities-MethodSwizzler' from project 'GoogleUtilities')
    cd /Users/nam/projects/subgallery/store-assets/DerivedData/SourcePackages/checkouts/GoogleUtilities
    builtin-RegisterExecutionPolicyException /Users/nam/projects/subgallery/store-assets/DerivedData/Build/Products/Release-iphonesimulator/GoogleUtilities_GoogleUtilities-MethodSwizzler.bundle

Touch /Users/nam/projects/subgallery/store-assets/DerivedData/Build/Products/Release-iphonesimulator/GoogleUtilities_GoogleUtilities-Reachability.bundle (in target 'GoogleUtilities_GoogleUtilities-Reachability' from project 'GoogleUtilities')
    cd /Users/nam/projects/subgallery/store-assets/DerivedData/SourcePackages/checkouts/GoogleUtilities
    /usr/bin/touch -c /Users/nam/projects/subgallery/store-assets/DerivedData/Build/Products/Release-iphonesimulator/GoogleUtilities_GoogleUtilities-Reachability.bundle

ProcessInfoPlistFile /Users/nam/projects/subgallery/store-assets/DerivedData/Build/Products/Release-iphonesimulator/GoogleUtilities_GoogleUtilities-Environment.bundle/Info.plist /Users/nam/projects/subgallery/store-assets/DerivedData/Build/Intermediates.noindex/GoogleUtilities.build/Release-iphonesimulator/GoogleUtilities_GoogleUtilities-Environment.build/empty-GoogleUtilities_GoogleUtilities-Environment.plist (in target 'GoogleUtilities_GoogleUtilities-Environment' from project 'GoogleUtilities')
    cd /Users/nam/projects/subgallery/store-assets/DerivedData/SourcePackages/checkouts/GoogleUtilities
    builtin-infoPlistUtility /Users/nam/projects/subgallery/store-assets/DerivedData/Build/Intermediates.noindex/GoogleUtilities.build/Release-iphonesimulator/GoogleUtilities_GoogleUtilities-Environment.build/empty-GoogleUtilities_GoogleUtilities-Environment.plist -producttype com.apple.product-type.bundle -expandbuildsettings -format binary -platform iphonesimulator -o /Users/nam/projects/subgallery/store-assets/DerivedData/Build/Products/Release-iphonesimulator/GoogleUtilities_GoogleUtilities-Environment.bundle/Info.plist

CpResource /Users/nam/projects/subgallery/store-assets/DerivedData/Build/Products/Release-iphonesimulator/GoogleUtilities_GoogleUtilities-Environment.bundle/PrivacyInfo.xcprivacy /Users/nam/projects/subgallery/store-assets/DerivedData/SourcePackages/checkouts/GoogleUtilities/GoogleUtilities/Environment/Resources/PrivacyInfo.xcprivacy (in target 'GoogleUtilities_GoogleUtilities-Environment' from project 'GoogleUtilities')
    cd /Users/nam/projects/subgallery/store-assets/DerivedData/SourcePackages/checkouts/GoogleUtilities
    builtin-copy -exclude .DS_Store -exclude CVS -exclude .svn -exclude .git -exclude .hg -strip-unsigned-binaries -strip-deterministic -strip-tool /Applications/Xcode.app/Contents/Developer/Toolchains/XcodeDefault.xctoolchain/usr/bin/strip -resolve-src-symlinks /Users/nam/projects/subgallery/store-assets/DerivedData/SourcePackages/checkouts/GoogleUtilities/GoogleUtilities/Environment/Resources/PrivacyInfo.xcprivacy /Users/nam/projects/subgallery/store-assets/DerivedData/Build/Products/Release-iphonesimulator/GoogleUtilities_GoogleUtilities-Environment.bundle

Touch /Users/nam/projects/subgallery/store-assets/DerivedData/Build/Products/Release-iphonesimulator/GoogleUtilities_GoogleUtilities-Network.bundle (in target 'GoogleUtilities_GoogleUtilities-Network' from project 'GoogleUtilities')
    cd /Users/nam/projects/subgallery/store-assets/DerivedData/SourcePackages/checkouts/GoogleUtilities
    /usr/bin/touch -c /Users/nam/projects/subgallery/store-assets/DerivedData/Build/Products/Release-iphonesimulator/GoogleUtilities_GoogleUtilities-Network.bundle

ProcessInfoPlistFile /Users/nam/projects/subgallery/store-assets/DerivedData/Build/Products/Release-iphonesimulator/GoogleUtilities_GoogleUtilities-AppDelegateSwizzler.bundle/Info.plist /Users/nam/projects/subgallery/store-assets/DerivedData/Build/Intermediates.noindex/GoogleUtilities.build/Release-iphonesimulator/GoogleUtilities_GoogleUtilities-AppDelegateSwizzler.build/empty-GoogleUtilities_GoogleUtilities-AppDelegateSwizzler.plist (in target 'GoogleUtilities_GoogleUtilities-AppDelegateSwizzler' from project 'GoogleUtilities')
    cd /Users/nam/projects/subgallery/store-assets/DerivedData/SourcePackages/checkouts/GoogleUtilities
    builtin-infoPlistUtility /Users/nam/projects/subgallery/store-assets/DerivedData/Build/Intermediates.noindex/GoogleUtilities.build/Release-iphonesimulator/GoogleUtilities_GoogleUtilities-AppDelegateSwizzler.build/empty-GoogleUtilities_GoogleUtilities-AppDelegateSwizzler.plist -producttype com.apple.product-type.bundle -expandbuildsettings -format binary -platform iphonesimulator -o /Users/nam/projects/subgallery/store-assets/DerivedData/Build/Products/Release-iphonesimulator/GoogleUtilities_GoogleUtilities-AppDelegateSwizzler.bundle/Info.plist

CpResource /Users/nam/projects/subgallery/store-assets/DerivedData/Build/Products/Release-iphonesimulator/GoogleUtilities_GoogleUtilities-AppDelegateSwizzler.bundle/PrivacyInfo.xcprivacy /Users/nam/projects/subgallery/store-assets/DerivedData/SourcePackages/checkouts/GoogleUtilities/GoogleUtilities/AppDelegateSwizzler/Resources/PrivacyInfo.xcprivacy (in target 'GoogleUtilities_GoogleUtilities-AppDelegateSwizzler' from project 'GoogleUtilities')
    cd /Users/nam/projects/subgallery/store-assets/DerivedData/SourcePackages/checkouts/GoogleUtilities
    builtin-copy -exclude .DS_Store -exclude CVS -exclude .svn -exclude .git -exclude .hg -strip-unsigned-binaries -strip-deterministic -strip-tool /Applications/Xcode.app/Contents/Developer/Toolchains/XcodeDefault.xctoolchain/usr/bin/strip -resolve-src-symlinks /Users/nam/projects/subgallery/store-assets/DerivedData/SourcePackages/checkouts/GoogleUtilities/GoogleUtilities/AppDelegateSwizzler/Resources/PrivacyInfo.xcprivacy /Users/nam/projects/subgallery/store-assets/DerivedData/Build/Products/Release-iphonesimulator/GoogleUtilities_GoogleUtilities-AppDelegateSwizzler.bundle

Touch /Users/nam/projects/subgallery/store-assets/DerivedData/Build/Products/Release-iphonesimulator/GoogleUtilities_GoogleUtilities-NSData.bundle (in target 'GoogleUtilities_GoogleUtilities-NSData' from project 'GoogleUtilities')
    cd /Users/nam/projects/subgallery/store-assets/DerivedData/SourcePackages/checkouts/GoogleUtilities
    /usr/bin/touch -c /Users/nam/projects/subgallery/store-assets/DerivedData/Build/Products/Release-iphonesimulator/GoogleUtilities_GoogleUtilities-NSData.bundle

WriteAuxiliaryFile /Users/nam/projects/subgallery/store-assets/DerivedData/Build/Intermediates.noindex/Firebase.build/Release-iphonesimulator/FirebaseAnalyticsWrapper.build/Objects-normal/arm64/FirebaseAnalyticsWrapper.LinkFileList (in target 'FirebaseAnalyticsWrapper' from project 'Firebase')
    cd /Users/nam/projects/subgallery/store-assets/DerivedData/SourcePackages/checkouts/firebase-ios-sdk
    write-file /Users/nam/projects/subgallery/store-assets/DerivedData/Build/Intermediates.noindex/Firebase.build/Release-iphonesimulator/FirebaseAnalyticsWrapper.build/Objects-normal/arm64/FirebaseAnalyticsWrapper.LinkFileList

WriteAuxiliaryFile /Users/nam/projects/subgallery/store-assets/DerivedData/Build/Intermediates.noindex/Firebase.build/Release-iphonesimulator/FirebaseAnalyticsWrapper.build/FirebaseAnalyticsWrapper.modulemap (in target 'FirebaseAnalyticsWrapper' from project 'Firebase')
    cd /Users/nam/projects/subgallery/store-assets/DerivedData/SourcePackages/checkouts/firebase-ios-sdk
    write-file /Users/nam/projects/subgallery/store-assets/DerivedData/Build/Intermediates.noindex/Firebase.build/Release-iphonesimulator/FirebaseAnalyticsWrapper.build/FirebaseAnalyticsWrapper.modulemap

WriteAuxiliaryFile /Users/nam/projects/subgallery/store-assets/DerivedData/Build/Intermediates.noindex/Firebase.build/Release-iphonesimulator/FirebaseAnalyticsWrapper.build/Objects-normal/arm64/e6072d4f65d7061329687fe24e3d63a7-common-args.resp (in target 'FirebaseAnalyticsWrapper' from project 'Firebase')
    cd /Users/nam/projects/subgallery/store-assets/DerivedData/SourcePackages/checkouts/firebase-ios-sdk
    write-file /Users/nam/projects/subgallery/store-assets/DerivedData/Build/Intermediates.noindex/Firebase.build/Release-iphonesimulator/FirebaseAnalyticsWrapper.build/Objects-normal/arm64/e6072d4f65d7061329687fe24e3d63a7-common-args.resp
-target arm64-apple-ios15.0-simulator -fobjc-arc -fmodules -gmodules '-fmodules-cache-path=/Users/nam/projects/subgallery/store-assets/DerivedData/ModuleCache.noindex' '-fmodule-name=FirebaseAnalyticsWrapper' -fpascal-strings -Os -DSWIFT_PACKAGE '-DOBJC_OLD_DISPATCH_PROTOTYPES=1' -isysroot /Applications/Xcode.app/Contents/Developer/Platforms/iPhoneSimulator.platform/Developer/SDKs/iPhoneSimulator26.1.sdk -g '-fobjc-abi-version=2' -fobjc-legacy-dispatch -I/Users/nam/projects/subgallery/store-assets/DerivedData/SourcePackages/checkouts/promises/Sources/FBLPromises/include -I/Users/nam/projects/subgallery/store-assets/DerivedData/SourcePackages/checkouts/GoogleUtilities/GoogleUtilities/UserDefaults/Public -I/Users/nam/projects/subgallery/store-assets/DerivedData/SourcePackages/checkouts/google-ads-on-device-conversion-ios-sdk/GoogleAdsOnDeviceConversionWrapper/include -I/Users/nam/projects/subgallery/store-assets/DerivedData/SourcePackages/checkouts/GoogleAppMeasurement/GoogleAppMeasurementWrapper/include -I/Users/nam/projects/subgallery/store-assets/DerivedData/SourcePackages/checkouts/GoogleUtilities/GoogleUtilities/AppDelegateSwizzler/Public -I/Users/nam/projects/subgallery/store-assets/DerivedData/SourcePackages/checkouts/GoogleUtilities/GoogleUtilities/MethodSwizzler/Public -I/Users/nam/projects/subgallery/store-assets/DerivedData/SourcePackages/checkouts/GoogleUtilities/GoogleUtilities/Reachability/Public -I/Users/nam/projects/subgallery/store-assets/DerivedData/SourcePackages/checkouts/GoogleUtilities/GoogleUtilities/NSData+zlib/Public -I/Users/nam/projects/subgallery/store-assets/DerivedData/SourcePackages/checkouts/GoogleUtilities/GoogleUtilities/Logger/Public -I/Users/nam/projects/subgallery/store-assets/DerivedData/SourcePackages/checkouts/GoogleUtilities/GoogleUtilities/Environment/Public -I/Users/nam/projects/subgallery/store-assets/DerivedData/SourcePackages/checkouts/GoogleUtilities/third_party/IsAppEncrypted/Public -I/Users/nam/projects/subgallery/store-assets/DerivedData/SourcePackages/checkouts/GoogleUtilities/GoogleUtilities/Network/Public -I/Users/nam/projects/subgallery/store-assets/DerivedData/SourcePackages/checkouts/nanopb/spm_headers -I/Users/nam/projects/subgallery/store-assets/DerivedData/SourcePackages/checkouts/firebase-ios-sdk/FirebaseInstallations/Source/Library/Public -I/Users/nam/projects/subgallery/store-assets/DerivedData/SourcePackages/checkouts/firebase-ios-sdk/FirebaseCore/Sources/Public -I/Users/nam/projects/subgallery/store-assets/DerivedData/SourcePackages/checkouts/firebase-ios-sdk/CoreOnly/Sources -I/Users/nam/projects/subgallery/store-assets/DerivedData/Build/Products/Release-iphonesimulator/include -I/Users/nam/projects/subgallery/store-assets/DerivedData/SourcePackages/checkouts/firebase-ios-sdk/FirebaseAnalyticsWrapper/include -I/Users/nam/projects/subgallery/store-assets/DerivedData/Build/Intermediates.noindex/Firebase.build/Release-iphonesimulator/FirebaseAnalyticsWrapper.build/DerivedSources-normal/arm64 -I/Users/nam/projects/subgallery/store-assets/DerivedData/Build/Intermediates.noindex/Firebase.build/Release-iphonesimulator/FirebaseAnalyticsWrapper.build/DerivedSources/arm64 -I/Users/nam/projects/subgallery/store-assets/DerivedData/Build/Intermediates.noindex/Firebase.build/Release-iphonesimulator/FirebaseAnalyticsWrapper.build/DerivedSources -F/Users/nam/projects/subgallery/store-assets/DerivedData/Build/Products/Release-iphonesimulator/PackageFrameworks -F/Users/nam/projects/subgallery/store-assets/DerivedData/Build/Products/Release-iphonesimulator/PackageFrameworks -F/Users/nam/projects/subgallery/store-assets/DerivedData/Build/Products/Release-iphonesimulator/PackageFrameworks -F/Users/nam/projects/subgallery/store-assets/DerivedData/Build/Products/Release-iphonesimulator/PackageFrameworks -F/Users/nam/projects/subgallery/store-assets/DerivedData/Build/Products/Release-iphonesimulator/PackageFrameworks -F/Users/nam/projects/subgallery/store-assets/DerivedData/Build/Products/Release-iphonesimulator/PackageFrameworks -F/Users/nam/projects/subgallery/store-assets/DerivedData/Build/Products/Release-iphonesimulator/PackageFrameworks -F/Users/nam/projects/subgallery/store-assets/DerivedData/Build/Products/Release-iphonesimulator/PackageFrameworks -F/Users/nam/projects/subgallery/store-assets/DerivedData/Build/Products/Release-iphonesimulator/PackageFrameworks -F/Users/nam/projects/subgallery/store-assets/DerivedData/Build/Products/Release-iphonesimulator/PackageFrameworks -F/Users/nam/projects/subgallery/store-assets/DerivedData/Build/Products/Release-iphonesimulator/PackageFrameworks -F/Users/nam/projects/subgallery/store-assets/DerivedData/Build/Products/Release-iphonesimulator/PackageFrameworks -F/Users/nam/projects/subgallery/store-assets/DerivedData/Build/Products/Release-iphonesimulator/PackageFrameworks -F/Users/nam/projects/subgallery/store-assets/DerivedData/Build/Products/Release-iphonesimulator/PackageFrameworks -F/Users/nam/projects/subgallery/store-assets/DerivedData/Build/Products/Release-iphonesimulator/PackageFrameworks -F/Users/nam/projects/subgallery/store-assets/DerivedData/Build/Products/Release-iphonesimulator/PackageFrameworks -F/Users/nam/projects/subgallery/store-assets/DerivedData/Build/Products/Release-iphonesimulator/PackageFrameworks -F/Users/nam/projects/subgallery/store-assets/DerivedData/Build/Products/Release-iphonesimulator -iframework /Applications/Xcode.app/Contents/Developer/Platforms/iPhoneSimulator.platform/Developer/Library/Frameworks -iframework /Applications/Xcode.app/Contents/Developer/Platforms/iPhoneSimulator.platform/Developer/SDKs/iPhoneSimulator26.1.sdk/Developer/Library/Frameworks '-fmodule-map-file=/Users/nam/projects/subgallery/store-assets/DerivedData/Build/Intermediates.noindex/GeneratedModuleMaps-iphonesimulator/GoogleUtilities-UserDefaults.modulemap' '-fmodule-map-file=/Users/nam/projects/subgallery/store-assets/DerivedData/Build/Intermediates.noindex/GeneratedModuleMaps-iphonesimulator/GoogleAdsOnDeviceConversionTarget.modulemap' '-fmodule-map-file=/Users/nam/projects/subgallery/store-assets/DerivedData/Build/Intermediates.noindex/GeneratedModuleMaps-iphonesimulator/GoogleAppMeasurementTarget.modulemap' '-fmodule-map-file=/Users/nam/projects/subgallery/store-assets/DerivedData/Build/Intermediates.noindex/GeneratedModuleMaps-iphonesimulator/GoogleUtilities-AppDelegateSwizzler.modulemap' '-fmodule-map-file=/Users/nam/projects/subgallery/store-assets/DerivedData/Build/Intermediates.noindex/GeneratedModuleMaps-iphonesimulator/GoogleUtilities-MethodSwizzler.modulemap' '-fmodule-map-file=/Users/nam/projects/subgallery/store-assets/DerivedData/Build/Intermediates.noindex/GeneratedModuleMaps-iphonesimulator/GoogleUtilities-Reachability.modulemap' '-fmodule-map-file=/Users/nam/projects/subgallery/store-assets/DerivedData/Build/Intermediates.noindex/GeneratedModuleMaps-iphonesimulator/GoogleUtilities-NSData.modulemap' '-fmodule-map-file=/Users/nam/projects/subgallery/store-assets/DerivedData/Build/Intermediates.noindex/GeneratedModuleMaps-iphonesimulator/GoogleUtilities-Logger.modulemap' '-fmodule-map-file=/Users/nam/projects/subgallery/store-assets/DerivedData/Build/Intermediates.noindex/GeneratedModuleMaps-iphonesimulator/GoogleUtilities-Environment.modulemap' '-fmodule-map-file=/Users/nam/projects/subgallery/store-assets/DerivedData/Build/Intermediates.noindex/GeneratedModuleMaps-iphonesimulator/third-party-IsAppEncrypted.modulemap' '-fmodule-map-file=/Users/nam/projects/subgallery/store-assets/DerivedData/Build/Intermediates.noindex/GeneratedModuleMaps-iphonesimulator/GoogleUtilities-Network.modulemap' '-fmodule-map-file=/Users/nam/projects/subgallery/store-assets/DerivedData/Build/Intermediates.noindex/GeneratedModuleMaps-iphonesimulator/nanopb.modulemap' '-fmodule-map-file=/Users/nam/projects/subgallery/store-assets/DerivedData/Build/Intermediates.noindex/GeneratedModuleMaps-iphonesimulator/FirebaseInstallations.modulemap' '-fmodule-map-file=/Users/nam/projects/subgallery/store-assets/DerivedData/Build/Intermediates.noindex/GeneratedModuleMaps-iphonesimulator/FirebaseCore.modulemap' '-fmodule-map-file=/Users/nam/projects/subgallery/store-assets/DerivedData/Build/Intermediates.noindex/GeneratedModuleMaps-iphonesimulator/FirebaseCoreInternal.modulemap' -DXcode

WriteAuxiliaryFile /Users/nam/projects/subgallery/store-assets/DerivedData/Build/Intermediates.noindex/Firebase.build/Release-iphonesimulator/FirebaseAnalyticsWrapper.build/FirebaseAnalyticsWrapper.DependencyStaticMetadataFileList (in target 'FirebaseAnalyticsWrapper' from project 'Firebase')
    cd /Users/nam/projects/subgallery/store-assets/DerivedData/SourcePackages/checkouts/firebase-ios-sdk
    write-file /Users/nam/projects/subgallery/store-assets/DerivedData/Build/Intermediates.noindex/Firebase.build/Release-iphonesimulator/FirebaseAnalyticsWrapper.build/FirebaseAnalyticsWrapper.DependencyStaticMetadataFileList

WriteAuxiliaryFile /Users/nam/projects/subgallery/store-assets/DerivedData/Build/Intermediates.noindex/Firebase.build/Release-iphonesimulator/FirebaseAnalyticsWrapper.build/FirebaseAnalyticsWrapper.DependencyMetadataFileList (in target 'FirebaseAnalyticsWrapper' from project 'Firebase')
    cd /Users/nam/projects/subgallery/store-assets/DerivedData/SourcePackages/checkouts/firebase-ios-sdk
    write-file /Users/nam/projects/subgallery/store-assets/DerivedData/Build/Intermediates.noindex/Firebase.build/Release-iphonesimulator/FirebaseAnalyticsWrapper.build/FirebaseAnalyticsWrapper.DependencyMetadataFileList

WriteAuxiliaryFile /Users/nam/projects/subgallery/store-assets/DerivedData/Build/Intermediates.noindex/Firebase.build/Release-iphonesimulator/FirebaseAnalyticsTarget.build/Objects-normal/arm64/e6072d4f65d7061329687fe24e3d63a7-common-args.resp (in target 'FirebaseAnalyticsTarget' from project 'Firebase')
    cd /Users/nam/projects/subgallery/store-assets/DerivedData/SourcePackages/checkouts/firebase-ios-sdk
    write-file /Users/nam/projects/subgallery/store-assets/DerivedData/Build/Intermediates.noindex/Firebase.build/Release-iphonesimulator/FirebaseAnalyticsTarget.build/Objects-normal/arm64/e6072d4f65d7061329687fe24e3d63a7-common-args.resp
-target arm64-apple-ios15.0-simulator -fobjc-arc -fmodules -gmodules '-fmodules-cache-path=/Users/nam/projects/subgallery/store-assets/DerivedData/ModuleCache.noindex' '-fmodule-name=FirebaseAnalyticsTarget' -fpascal-strings -Os -DSWIFT_PACKAGE '-DOBJC_OLD_DISPATCH_PROTOTYPES=1' -isysroot /Applications/Xcode.app/Contents/Developer/Platforms/iPhoneSimulator.platform/Developer/SDKs/iPhoneSimulator26.1.sdk -g '-fobjc-abi-version=2' -fobjc-legacy-dispatch -I/Users/nam/projects/subgallery/store-assets/DerivedData/SourcePackages/checkouts/promises/Sources/FBLPromises/include -I/Users/nam/projects/subgallery/store-assets/DerivedData/SourcePackages/checkouts/GoogleUtilities/GoogleUtilities/UserDefaults/Public -I/Users/nam/projects/subgallery/store-assets/DerivedData/SourcePackages/checkouts/google-ads-on-device-conversion-ios-sdk/GoogleAdsOnDeviceConversionWrapper/include -I/Users/nam/projects/subgallery/store-assets/DerivedData/SourcePackages/checkouts/GoogleAppMeasurement/GoogleAppMeasurementWrapper/include -I/Users/nam/projects/subgallery/store-assets/DerivedData/SourcePackages/checkouts/GoogleUtilities/GoogleUtilities/AppDelegateSwizzler/Public -I/Users/nam/projects/subgallery/store-assets/DerivedData/SourcePackages/checkouts/GoogleUtilities/GoogleUtilities/MethodSwizzler/Public -I/Users/nam/projects/subgallery/store-assets/DerivedData/SourcePackages/checkouts/GoogleUtilities/GoogleUtilities/Reachability/Public -I/Users/nam/projects/subgallery/store-assets/DerivedData/SourcePackages/checkouts/GoogleUtilities/GoogleUtilities/NSData+zlib/Public -I/Users/nam/projects/subgallery/store-assets/DerivedData/SourcePackages/checkouts/GoogleUtilities/GoogleUtilities/Logger/Public -I/Users/nam/projects/subgallery/store-assets/DerivedData/SourcePackages/checkouts/GoogleUtilities/GoogleUtilities/Environment/Public -I/Users/nam/projects/subgallery/store-assets/DerivedData/SourcePackages/checkouts/GoogleUtilities/third_party/IsAppEncrypted/Public -I/Users/nam/projects/subgallery/store-assets/DerivedData/SourcePackages/checkouts/GoogleUtilities/GoogleUtilities/Network/Public -I/Users/nam/projects/subgallery/store-assets/DerivedData/SourcePackages/checkouts/nanopb/spm_headers -I/Users/nam/projects/subgallery/store-assets/DerivedData/SourcePackages/checkouts/firebase-ios-sdk/FirebaseAnalyticsWrapper/include -I/Users/nam/projects/subgallery/store-assets/DerivedData/SourcePackages/checkouts/firebase-ios-sdk/FirebaseInstallations/Source/Library/Public -I/Users/nam/projects/subgallery/store-assets/DerivedData/SourcePackages/checkouts/firebase-ios-sdk/FirebaseCore/Sources/Public -I/Users/nam/projects/subgallery/store-assets/DerivedData/SourcePackages/checkouts/firebase-ios-sdk/CoreOnly/Sources -I/Users/nam/projects/subgallery/store-assets/DerivedData/Build/Products/Release-iphonesimulator/include -I/Users/nam/projects/subgallery/store-assets/DerivedData/SourcePackages/checkouts/firebase-ios-sdk/SwiftPM-PlatformExclude/FirebaseAnalyticsWrap/include -I/Users/nam/projects/subgallery/store-assets/DerivedData/Build/Intermediates.noindex/Firebase.build/Release-iphonesimulator/FirebaseAnalyticsTarget.build/DerivedSources-normal/arm64 -I/Users/nam/projects/subgallery/store-assets/DerivedData/Build/Intermediates.noindex/Firebase.build/Release-iphonesimulator/FirebaseAnalyticsTarget.build/DerivedSources/arm64 -I/Users/nam/projects/subgallery/store-assets/DerivedData/Build/Intermediates.noindex/Firebase.build/Release-iphonesimulator/FirebaseAnalyticsTarget.build/DerivedSources -F/Users/nam/projects/subgallery/store-assets/DerivedData/Build/Products/Release-iphonesimulator/PackageFrameworks -F/Users/nam/projects/subgallery/store-assets/DerivedData/Build/Products/Release-iphonesimulator/PackageFrameworks -F/Users/nam/projects/subgallery/store-assets/DerivedData/Build/Products/Release-iphonesimulator/PackageFrameworks -F/Users/nam/projects/subgallery/store-assets/DerivedData/Build/Products/Release-iphonesimulator/PackageFrameworks -F/Users/nam/projects/subgallery/store-assets/DerivedData/Build/Products/Release-iphonesimulator/PackageFrameworks -F/Users/nam/projects/subgallery/store-assets/DerivedData/Build/Products/Release-iphonesimulator/PackageFrameworks -F/Users/nam/projects/subgallery/store-assets/DerivedData/Build/Products/Release-iphonesimulator/PackageFrameworks -F/Users/nam/projects/subgallery/store-assets/DerivedData/Build/Products/Release-iphonesimulator/PackageFrameworks -F/Users/nam/projects/subgallery/store-assets/DerivedData/Build/Products/Release-iphonesimulator/PackageFrameworks -F/Users/nam/projects/subgallery/store-assets/DerivedData/Build/Products/Release-iphonesimulator/PackageFrameworks -F/Users/nam/projects/subgallery/store-assets/DerivedData/Build/Products/Release-iphonesimulator/PackageFrameworks -F/Users/nam/projects/subgallery/store-assets/DerivedData/Build/Products/Release-iphonesimulator/PackageFrameworks -F/Users/nam/projects/subgallery/store-assets/DerivedData/Build/Products/Release-iphonesimulator/PackageFrameworks -F/Users/nam/projects/subgallery/store-assets/DerivedData/Build/Products/Release-iphonesimulator/PackageFrameworks -F/Users/nam/projects/subgallery/store-assets/DerivedData/Build/Products/Release-iphonesimulator/PackageFrameworks -F/Users/nam/projects/subgallery/store-assets/DerivedData/Build/Products/Release-iphonesimulator/PackageFrameworks -F/Users/nam/projects/subgallery/store-assets/DerivedData/Build/Products/Release-iphonesimulator/PackageFrameworks -F/Users/nam/projects/subgallery/store-assets/DerivedData/Build/Products/Release-iphonesimulator/PackageFrameworks -F/Users/nam/projects/subgallery/store-assets/DerivedData/Build/Products/Release-iphonesimulator -iframework /Applications/Xcode.app/Contents/Developer/Platforms/iPhoneSimulator.platform/Developer/Library/Frameworks -iframework /Applications/Xcode.app/Contents/Developer/Platforms/iPhoneSimulator.platform/Developer/SDKs/iPhoneSimulator26.1.sdk/Developer/Library/Frameworks '-fmodule-map-file=/Users/nam/projects/subgallery/store-assets/DerivedData/Build/Intermediates.noindex/GeneratedModuleMaps-iphonesimulator/GoogleUtilities-UserDefaults.modulemap' '-fmodule-map-file=/Users/nam/projects/subgallery/store-assets/DerivedData/Build/Intermediates.noindex/GeneratedModuleMaps-iphonesimulator/GoogleAdsOnDeviceConversionTarget.modulemap' '-fmodule-map-file=/Users/nam/projects/subgallery/store-assets/DerivedData/Build/Intermediates.noindex/GeneratedModuleMaps-iphonesimulator/GoogleAppMeasurementTarget.modulemap' '-fmodule-map-file=/Users/nam/projects/subgallery/store-assets/DerivedData/Build/Intermediates.noindex/GeneratedModuleMaps-iphonesimulator/GoogleUtilities-AppDelegateSwizzler.modulemap' '-fmodule-map-file=/Users/nam/projects/subgallery/store-assets/DerivedData/Build/Intermediates.noindex/GeneratedModuleMaps-iphonesimulator/GoogleUtilities-MethodSwizzler.modulemap' '-fmodule-map-file=/Users/nam/projects/subgallery/store-assets/DerivedData/Build/Intermediates.noindex/GeneratedModuleMaps-iphonesimulator/GoogleUtilities-Reachability.modulemap' '-fmodule-map-file=/Users/nam/projects/subgallery/store-assets/DerivedData/Build/Intermediates.noindex/GeneratedModuleMaps-iphonesimulator/GoogleUtilities-NSData.modulemap' '-fmodule-map-file=/Users/nam/projects/subgallery/store-assets/DerivedData/Build/Intermediates.noindex/GeneratedModuleMaps-iphonesimulator/GoogleUtilities-Logger.modulemap' '-fmodule-map-file=/Users/nam/projects/subgallery/store-assets/DerivedData/Build/Intermediates.noindex/GeneratedModuleMaps-iphonesimulator/GoogleUtilities-Environment.modulemap' '-fmodule-map-file=/Users/nam/projects/subgallery/store-assets/DerivedData/Build/Intermediates.noindex/GeneratedModuleMaps-iphonesimulator/third-party-IsAppEncrypted.modulemap' '-fmodule-map-file=/Users/nam/projects/subgallery/store-assets/DerivedData/Build/Intermediates.noindex/GeneratedModuleMaps-iphonesimulator/GoogleUtilities-Network.modulemap' '-fmodule-map-file=/Users/nam/projects/subgallery/store-assets/DerivedData/Build/Intermediates.noindex/GeneratedModuleMaps-iphonesimulator/nanopb.modulemap' '-fmodule-map-file=/Users/nam/projects/subgallery/store-assets/DerivedData/Build/Intermediates.noindex/GeneratedModuleMaps-iphonesimulator/FirebaseAnalyticsWrapper.modulemap' '-fmodule-map-file=/Users/nam/projects/subgallery/store-assets/DerivedData/Build/Intermediates.noindex/GeneratedModuleMaps-iphonesimulator/FirebaseInstallations.modulemap' '-fmodule-map-file=/Users/nam/projects/subgallery/store-assets/DerivedData/Build/Intermediates.noindex/GeneratedModuleMaps-iphonesimulator/FirebaseCore.modulemap' '-fmodule-map-file=/Users/nam/projects/subgallery/store-assets/DerivedData/Build/Intermediates.noindex/GeneratedModuleMaps-iphonesimulator/FirebaseCoreInternal.modulemap' -DXcode

WriteAuxiliaryFile /Users/nam/projects/subgallery/store-assets/DerivedData/Build/Intermediates.noindex/Firebase.build/Release-iphonesimulator/FirebaseAnalyticsTarget.build/Objects-normal/arm64/FirebaseAnalyticsTarget.LinkFileList (in target 'FirebaseAnalyticsTarget' from project 'Firebase')
    cd /Users/nam/projects/subgallery/store-assets/DerivedData/SourcePackages/checkouts/firebase-ios-sdk
    write-file /Users/nam/projects/subgallery/store-assets/DerivedData/Build/Intermediates.noindex/Firebase.build/Release-iphonesimulator/FirebaseAnalyticsTarget.build/Objects-normal/arm64/FirebaseAnalyticsTarget.LinkFileList

Copy /Users/nam/projects/subgallery/store-assets/DerivedData/Build/Intermediates.noindex/GeneratedModuleMaps-iphonesimulator/FirebaseAnalyticsWrapper.modulemap /Users/nam/projects/subgallery/store-assets/DerivedData/Build/Intermediates.noindex/Firebase.build/Release-iphonesimulator/FirebaseAnalyticsWrapper.build/FirebaseAnalyticsWrapper.modulemap (in target 'FirebaseAnalyticsWrapper' from project 'Firebase')
    cd /Users/nam/projects/subgallery/store-assets/DerivedData/SourcePackages/checkouts/firebase-ios-sdk
    builtin-copy -exclude .DS_Store -exclude CVS -exclude .svn -exclude .git -exclude .hg -strip-unsigned-binaries -strip-deterministic -strip-tool /Applications/Xcode.app/Contents/Developer/Toolchains/XcodeDefault.xctoolchain/usr/bin/strip -resolve-src-symlinks /Users/nam/projects/subgallery/store-assets/DerivedData/Build/Intermediates.noindex/Firebase.build/Release-iphonesimulator/FirebaseAnalyticsWrapper.build/FirebaseAnalyticsWrapper.modulemap /Users/nam/projects/subgallery/store-assets/DerivedData/Build/Intermediates.noindex/GeneratedModuleMaps-iphonesimulator

WriteAuxiliaryFile /Users/nam/projects/subgallery/store-assets/DerivedData/Build/Intermediates.noindex/Firebase.build/Release-iphonesimulator/FirebaseAnalyticsTarget.build/FirebaseAnalyticsTarget.modulemap (in target 'FirebaseAnalyticsTarget' from project 'Firebase')
    cd /Users/nam/projects/subgallery/store-assets/DerivedData/SourcePackages/checkouts/firebase-ios-sdk
    write-file /Users/nam/projects/subgallery/store-assets/DerivedData/Build/Intermediates.noindex/Firebase.build/Release-iphonesimulator/FirebaseAnalyticsTarget.build/FirebaseAnalyticsTarget.modulemap

WriteAuxiliaryFile /Users/nam/projects/subgallery/store-assets/DerivedData/Build/Intermediates.noindex/Firebase.build/Release-iphonesimulator/FirebaseAnalyticsTarget.build/FirebaseAnalyticsTarget.DependencyStaticMetadataFileList (in target 'FirebaseAnalyticsTarget' from project 'Firebase')
    cd /Users/nam/projects/subgallery/store-assets/DerivedData/SourcePackages/checkouts/firebase-ios-sdk
    write-file /Users/nam/projects/subgallery/store-assets/DerivedData/Build/Intermediates.noindex/Firebase.build/Release-iphonesimulator/FirebaseAnalyticsTarget.build/FirebaseAnalyticsTarget.DependencyStaticMetadataFileList

WriteAuxiliaryFile /Users/nam/projects/subgallery/store-assets/DerivedData/Build/Intermediates.noindex/Firebase.build/Release-iphonesimulator/FirebaseAnalyticsTarget.build/FirebaseAnalyticsTarget.DependencyMetadataFileList (in target 'FirebaseAnalyticsTarget' from project 'Firebase')
    cd /Users/nam/projects/subgallery/store-assets/DerivedData/SourcePackages/checkouts/firebase-ios-sdk
    write-file /Users/nam/projects/subgallery/store-assets/DerivedData/Build/Intermediates.noindex/Firebase.build/Release-iphonesimulator/FirebaseAnalyticsTarget.build/FirebaseAnalyticsTarget.DependencyMetadataFileList

Copy /Users/nam/projects/subgallery/store-assets/DerivedData/Build/Intermediates.noindex/GeneratedModuleMaps-iphonesimulator/FirebaseAnalyticsTarget.modulemap /Users/nam/projects/subgallery/store-assets/DerivedData/Build/Intermediates.noindex/Firebase.build/Release-iphonesimulator/FirebaseAnalyticsTarget.build/FirebaseAnalyticsTarget.modulemap (in target 'FirebaseAnalyticsTarget' from project 'Firebase')
    cd /Users/nam/projects/subgallery/store-assets/DerivedData/SourcePackages/checkouts/firebase-ios-sdk
    builtin-copy -exclude .DS_Store -exclude CVS -exclude .svn -exclude .git -exclude .hg -strip-unsigned-binaries -strip-deterministic -strip-tool /Applications/Xcode.app/Contents/Developer/Toolchains/XcodeDefault.xctoolchain/usr/bin/strip -resolve-src-symlinks /Users/nam/projects/subgallery/store-assets/DerivedData/Build/Intermediates.noindex/Firebase.build/Release-iphonesimulator/FirebaseAnalyticsTarget.build/FirebaseAnalyticsTarget.modulemap /Users/nam/projects/subgallery/store-assets/DerivedData/Build/Intermediates.noindex/GeneratedModuleMaps-iphonesimulator

WriteAuxiliaryFile /Users/nam/projects/subgallery/store-assets/DerivedData/Build/Intermediates.noindex/GoogleAdsOnDeviceConversion.build/Release-iphonesimulator/GoogleAdsOnDeviceConversionTarget.build/Objects-normal/arm64/e6072d4f65d7061329687fe24e3d63a7-common-args.resp (in target 'GoogleAdsOnDeviceConversionTarget' from project 'GoogleAdsOnDeviceConversion')
    cd /Users/nam/projects/subgallery/store-assets/DerivedData/SourcePackages/checkouts/google-ads-on-device-conversion-ios-sdk
    write-file /Users/nam/projects/subgallery/store-assets/DerivedData/Build/Intermediates.noindex/GoogleAdsOnDeviceConversion.build/Release-iphonesimulator/GoogleAdsOnDeviceConversionTarget.build/Objects-normal/arm64/e6072d4f65d7061329687fe24e3d63a7-common-args.resp
-target arm64-apple-ios12.0-simulator '-std=c99' -fobjc-arc -fmodules -gmodules '-fmodules-cache-path=/Users/nam/projects/subgallery/store-assets/DerivedData/ModuleCache.noindex' '-fmodule-name=GoogleAdsOnDeviceConversionTarget' -fpascal-strings -Os -DSWIFT_PACKAGE '-DOBJC_OLD_DISPATCH_PROTOTYPES=1' -isysroot /Applications/Xcode.app/Contents/Developer/Platforms/iPhoneSimulator.platform/Developer/SDKs/iPhoneSimulator26.1.sdk -g '-fobjc-abi-version=2' -fobjc-legacy-dispatch -I/Users/nam/projects/subgallery/store-assets/DerivedData/SourcePackages/checkouts/GoogleUtilities/GoogleUtilities/Reachability/Public -I/Users/nam/projects/subgallery/store-assets/DerivedData/SourcePackages/checkouts/GoogleUtilities/GoogleUtilities/NSData+zlib/Public -I/Users/nam/projects/subgallery/store-assets/DerivedData/SourcePackages/checkouts/GoogleUtilities/GoogleUtilities/Logger/Public -I/Users/nam/projects/subgallery/store-assets/DerivedData/SourcePackages/checkouts/GoogleUtilities/GoogleUtilities/Environment/Public -I/Users/nam/projects/subgallery/store-assets/DerivedData/SourcePackages/checkouts/GoogleUtilities/third_party/IsAppEncrypted/Public -I/Users/nam/projects/subgallery/store-assets/DerivedData/SourcePackages/checkouts/GoogleUtilities/GoogleUtilities/Network/Public -I/Users/nam/projects/subgallery/store-assets/DerivedData/SourcePackages/checkouts/nanopb/spm_headers -I/Users/nam/projects/subgallery/store-assets/DerivedData/Build/Products/Release-iphonesimulator/include -I/Users/nam/projects/subgallery/store-assets/DerivedData/SourcePackages/checkouts/google-ads-on-device-conversion-ios-sdk/GoogleAdsOnDeviceConversionWrapper/include -I/Users/nam/projects/subgallery/store-assets/DerivedData/Build/Intermediates.noindex/GoogleAdsOnDeviceConversion.build/Release-iphonesimulator/GoogleAdsOnDeviceConversionTarget.build/DerivedSources-normal/arm64 -I/Users/nam/projects/subgallery/store-assets/DerivedData/Build/Intermediates.noindex/GoogleAdsOnDeviceConversion.build/Release-iphonesimulator/GoogleAdsOnDeviceConversionTarget.build/DerivedSources/arm64 -I/Users/nam/projects/subgallery/store-assets/DerivedData/Build/Intermediates.noindex/GoogleAdsOnDeviceConversion.build/Release-iphonesimulator/GoogleAdsOnDeviceConversionTarget.build/DerivedSources -F/Users/nam/projects/subgallery/store-assets/DerivedData/Build/Products/Release-iphonesimulator/PackageFrameworks -F/Users/nam/projects/subgallery/store-assets/DerivedData/Build/Products/Release-iphonesimulator/PackageFrameworks -F/Users/nam/projects/subgallery/store-assets/DerivedData/Build/Products/Release-iphonesimulator/PackageFrameworks -F/Users/nam/projects/subgallery/store-assets/DerivedData/Build/Products/Release-iphonesimulator/PackageFrameworks -F/Users/nam/projects/subgallery/store-assets/DerivedData/Build/Products/Release-iphonesimulator/PackageFrameworks -F/Users/nam/projects/subgallery/store-assets/DerivedData/Build/Products/Release-iphonesimulator/PackageFrameworks -F/Users/nam/projects/subgallery/store-assets/DerivedData/Build/Products/Release-iphonesimulator/PackageFrameworks -F/Users/nam/projects/subgallery/store-assets/DerivedData/Build/Products/Release-iphonesimulator -iframework /Applications/Xcode.app/Contents/Developer/Platforms/iPhoneSimulator.platform/Developer/Library/Frameworks -iframework /Applications/Xcode.app/Contents/Developer/Platforms/iPhoneSimulator.platform/Developer/SDKs/iPhoneSimulator26.1.sdk/Developer/Library/Frameworks '-fmodule-map-file=/Users/nam/projects/subgallery/store-assets/DerivedData/Build/Intermediates.noindex/GeneratedModuleMaps-iphonesimulator/GoogleUtilities-Reachability.modulemap' '-fmodule-map-file=/Users/nam/projects/subgallery/store-assets/DerivedData/Build/Intermediates.noindex/GeneratedModuleMaps-iphonesimulator/GoogleUtilities-NSData.modulemap' '-fmodule-map-file=/Users/nam/projects/subgallery/store-assets/DerivedData/Build/Intermediates.noindex/GeneratedModuleMaps-iphonesimulator/GoogleUtilities-Logger.modulemap' '-fmodule-map-file=/Users/nam/projects/subgallery/store-assets/DerivedData/Build/Intermediates.noindex/GeneratedModuleMaps-iphonesimulator/GoogleUtilities-Environment.modulemap' '-fmodule-map-file=/Users/nam/projects/subgallery/store-assets/DerivedData/Build/Intermediates.noindex/GeneratedModuleMaps-iphonesimulator/third-party-IsAppEncrypted.modulemap' '-fmodule-map-file=/Users/nam/projects/subgallery/store-assets/DerivedData/Build/Intermediates.noindex/GeneratedModuleMaps-iphonesimulator/GoogleUtilities-Network.modulemap' '-fmodule-map-file=/Users/nam/projects/subgallery/store-assets/DerivedData/Build/Intermediates.noindex/GeneratedModuleMaps-iphonesimulator/nanopb.modulemap' -DXcode

WriteAuxiliaryFile /Users/nam/projects/subgallery/store-assets/DerivedData/Build/Intermediates.noindex/GoogleAdsOnDeviceConversion.build/Release-iphonesimulator/GoogleAdsOnDeviceConversionTarget.build/Objects-normal/arm64/GoogleAdsOnDeviceConversionTarget.LinkFileList (in target 'GoogleAdsOnDeviceConversionTarget' from project 'GoogleAdsOnDeviceConversion')
    cd /Users/nam/projects/subgallery/store-assets/DerivedData/SourcePackages/checkouts/google-ads-on-device-conversion-ios-sdk
    write-file /Users/nam/projects/subgallery/store-assets/DerivedData/Build/Intermediates.noindex/GoogleAdsOnDeviceConversion.build/Release-iphonesimulator/GoogleAdsOnDeviceConversionTarget.build/Objects-normal/arm64/GoogleAdsOnDeviceConversionTarget.LinkFileList

WriteAuxiliaryFile /Users/nam/projects/subgallery/store-assets/DerivedData/Build/Intermediates.noindex/GoogleAdsOnDeviceConversion.build/Release-iphonesimulator/GoogleAdsOnDeviceConversionTarget.build/GoogleAdsOnDeviceConversionTarget.modulemap (in target 'GoogleAdsOnDeviceConversionTarget' from project 'GoogleAdsOnDeviceConversion')
    cd /Users/nam/projects/subgallery/store-assets/DerivedData/SourcePackages/checkouts/google-ads-on-device-conversion-ios-sdk
    write-file /Users/nam/projects/subgallery/store-assets/DerivedData/Build/Intermediates.noindex/GoogleAdsOnDeviceConversion.build/Release-iphonesimulator/GoogleAdsOnDeviceConversionTarget.build/GoogleAdsOnDeviceConversionTarget.modulemap

WriteAuxiliaryFile /Users/nam/projects/subgallery/store-assets/DerivedData/Build/Intermediates.noindex/GoogleAdsOnDeviceConversion.build/Release-iphonesimulator/GoogleAdsOnDeviceConversionTarget.build/GoogleAdsOnDeviceConversionTarget.DependencyMetadataFileList (in target 'GoogleAdsOnDeviceConversionTarget' from project 'GoogleAdsOnDeviceConversion')
    cd /Users/nam/projects/subgallery/store-assets/DerivedData/SourcePackages/checkouts/google-ads-on-device-conversion-ios-sdk
    write-file /Users/nam/projects/subgallery/store-assets/DerivedData/Build/Intermediates.noindex/GoogleAdsOnDeviceConversion.build/Release-iphonesimulator/GoogleAdsOnDeviceConversionTarget.build/GoogleAdsOnDeviceConversionTarget.DependencyMetadataFileList

WriteAuxiliaryFile /Users/nam/projects/subgallery/store-assets/DerivedData/Build/Intermediates.noindex/GoogleAdsOnDeviceConversion.build/Release-iphonesimulator/GoogleAdsOnDeviceConversionTarget.build/GoogleAdsOnDeviceConversionTarget.DependencyStaticMetadataFileList (in target 'GoogleAdsOnDeviceConversionTarget' from project 'GoogleAdsOnDeviceConversion')
    cd /Users/nam/projects/subgallery/store-assets/DerivedData/SourcePackages/checkouts/google-ads-on-device-conversion-ios-sdk
    write-file /Users/nam/projects/subgallery/store-assets/DerivedData/Build/Intermediates.noindex/GoogleAdsOnDeviceConversion.build/Release-iphonesimulator/GoogleAdsOnDeviceConversionTarget.build/GoogleAdsOnDeviceConversionTarget.DependencyStaticMetadataFileList

WriteAuxiliaryFile /Users/nam/projects/subgallery/store-assets/DerivedData/Build/Intermediates.noindex/SubGallery.build/Release-iphonesimulator/SubGallery.build/SubGallery.DependencyStaticMetadataFileList (in target 'SubGallery' from project 'SubGallery')
    cd /Users/nam/projects/subgallery
    write-file /Users/nam/projects/subgallery/store-assets/DerivedData/Build/Intermediates.noindex/SubGallery.build/Release-iphonesimulator/SubGallery.build/SubGallery.DependencyStaticMetadataFileList

WriteAuxiliaryFile /Users/nam/projects/subgallery/store-assets/DerivedData/Build/Intermediates.noindex/SubGallery.build/Release-iphonesimulator/SubGallery.build/SubGallery.hmap (in target 'SubGallery' from project 'SubGallery')
    cd /Users/nam/projects/subgallery
    write-file /Users/nam/projects/subgallery/store-assets/DerivedData/Build/Intermediates.noindex/SubGallery.build/Release-iphonesimulator/SubGallery.build/SubGallery.hmap

WriteAuxiliaryFile /Users/nam/projects/subgallery/store-assets/DerivedData/Build/Intermediates.noindex/SubGallery.build/Release-iphonesimulator/SubGallery.build/SubGallery.DependencyMetadataFileList (in target 'SubGallery' from project 'SubGallery')
    cd /Users/nam/projects/subgallery
    write-file /Users/nam/projects/subgallery/store-assets/DerivedData/Build/Intermediates.noindex/SubGallery.build/Release-iphonesimulator/SubGallery.build/SubGallery.DependencyMetadataFileList

WriteAuxiliaryFile /Users/nam/projects/subgallery/store-assets/DerivedData/Build/Intermediates.noindex/SubGallery.build/Release-iphonesimulator/SubGallery.build/SubGallery-project-headers.hmap (in target 'SubGallery' from project 'SubGallery')
    cd /Users/nam/projects/subgallery
    write-file /Users/nam/projects/subgallery/store-assets/DerivedData/Build/Intermediates.noindex/SubGallery.build/Release-iphonesimulator/SubGallery.build/SubGallery-project-headers.hmap

WriteAuxiliaryFile /Users/nam/projects/subgallery/store-assets/DerivedData/Build/Intermediates.noindex/SubGallery.build/Release-iphonesimulator/SubGallery.build/SubGallery-own-target-headers.hmap (in target 'SubGallery' from project 'SubGallery')
    cd /Users/nam/projects/subgallery
    write-file /Users/nam/projects/subgallery/store-assets/DerivedData/Build/Intermediates.noindex/SubGallery.build/Release-iphonesimulator/SubGallery.build/SubGallery-own-target-headers.hmap

WriteAuxiliaryFile /Users/nam/projects/subgallery/store-assets/DerivedData/Build/Intermediates.noindex/SubGallery.build/Release-iphonesimulator/SubGallery.build/SubGallery-generated-files.hmap (in target 'SubGallery' from project 'SubGallery')
    cd /Users/nam/projects/subgallery
    write-file /Users/nam/projects/subgallery/store-assets/DerivedData/Build/Intermediates.noindex/SubGallery.build/Release-iphonesimulator/SubGallery.build/SubGallery-generated-files.hmap

WriteAuxiliaryFile /Users/nam/projects/subgallery/store-assets/DerivedData/Build/Intermediates.noindex/SubGallery.build/Release-iphonesimulator/SubGallery.build/SubGallery-all-target-headers.hmap (in target 'SubGallery' from project 'SubGallery')
    cd /Users/nam/projects/subgallery
    write-file /Users/nam/projects/subgallery/store-assets/DerivedData/Build/Intermediates.noindex/SubGallery.build/Release-iphonesimulator/SubGallery.build/SubGallery-all-target-headers.hmap

WriteAuxiliaryFile /Users/nam/projects/subgallery/store-assets/DerivedData/Build/Intermediates.noindex/SubGallery.build/Release-iphonesimulator/SubGallery.build/SubGallery-all-non-framework-target-headers.hmap (in target 'SubGallery' from project 'SubGallery')
    cd /Users/nam/projects/subgallery
    write-file /Users/nam/projects/subgallery/store-assets/DerivedData/Build/Intermediates.noindex/SubGallery.build/Release-iphonesimulator/SubGallery.build/SubGallery-all-non-framework-target-headers.hmap

WriteAuxiliaryFile /Users/nam/projects/subgallery/store-assets/DerivedData/Build/Intermediates.noindex/SubGallery.build/Release-iphonesimulator/SubGallery.build/Objects-normal/arm64/SubGallery_const_extract_protocols.json (in target 'SubGallery' from project 'SubGallery')
    cd /Users/nam/projects/subgallery
    write-file /Users/nam/projects/subgallery/store-assets/DerivedData/Build/Intermediates.noindex/SubGallery.build/Release-iphonesimulator/SubGallery.build/Objects-normal/arm64/SubGallery_const_extract_protocols.json

WriteAuxiliaryFile /Users/nam/projects/subgallery/store-assets/DerivedData/Build/Intermediates.noindex/SubGallery.build/Release-iphonesimulator/SubGallery.build/Objects-normal/arm64/SubGallery.SwiftFileList (in target 'SubGallery' from project 'SubGallery')
    cd /Users/nam/projects/subgallery
    write-file /Users/nam/projects/subgallery/store-assets/DerivedData/Build/Intermediates.noindex/SubGallery.build/Release-iphonesimulator/SubGallery.build/Objects-normal/arm64/SubGallery.SwiftFileList

WriteAuxiliaryFile /Users/nam/projects/subgallery/store-assets/DerivedData/Build/Intermediates.noindex/SubGallery.build/Release-iphonesimulator/SubGallery.build/Objects-normal/arm64/SubGallery.SwiftConstValuesFileList (in target 'SubGallery' from project 'SubGallery')
    cd /Users/nam/projects/subgallery
    write-file /Users/nam/projects/subgallery/store-assets/DerivedData/Build/Intermediates.noindex/SubGallery.build/Release-iphonesimulator/SubGallery.build/Objects-normal/arm64/SubGallery.SwiftConstValuesFileList

WriteAuxiliaryFile /Users/nam/projects/subgallery/store-assets/DerivedData/Build/Intermediates.noindex/SubGallery.build/Release-iphonesimulator/SubGallery.build/Objects-normal/arm64/SubGallery.LinkFileList (in target 'SubGallery' from project 'SubGallery')
    cd /Users/nam/projects/subgallery
    write-file /Users/nam/projects/subgallery/store-assets/DerivedData/Build/Intermediates.noindex/SubGallery.build/Release-iphonesimulator/SubGallery.build/Objects-normal/arm64/SubGallery.LinkFileList

WriteAuxiliaryFile /Users/nam/projects/subgallery/store-assets/DerivedData/Build/Intermediates.noindex/SubGallery.build/Release-iphonesimulator/SubGallery.build/Objects-normal/arm64/SubGallery-OutputFileMap.json (in target 'SubGallery' from project 'SubGallery')
    cd /Users/nam/projects/subgallery
    write-file /Users/nam/projects/subgallery/store-assets/DerivedData/Build/Intermediates.noindex/SubGallery.build/Release-iphonesimulator/SubGallery.build/Objects-normal/arm64/SubGallery-OutputFileMap.json

WriteAuxiliaryFile /Users/nam/projects/subgallery/store-assets/DerivedData/Build/Intermediates.noindex/GoogleAppMeasurement.build/Release-iphonesimulator/GoogleAppMeasurementTarget.build/GoogleAppMeasurementTarget.modulemap (in target 'GoogleAppMeasurementTarget' from project 'GoogleAppMeasurement')
    cd /Users/nam/projects/subgallery/store-assets/DerivedData/SourcePackages/checkouts/GoogleAppMeasurement
    write-file /Users/nam/projects/subgallery/store-assets/DerivedData/Build/Intermediates.noindex/GoogleAppMeasurement.build/Release-iphonesimulator/GoogleAppMeasurementTarget.build/GoogleAppMeasurementTarget.modulemap

WriteAuxiliaryFile /Users/nam/projects/subgallery/store-assets/DerivedData/Build/Intermediates.noindex/GoogleAppMeasurement.build/Release-iphonesimulator/GoogleAppMeasurementTarget.build/GoogleAppMeasurementTarget.DependencyStaticMetadataFileList (in target 'GoogleAppMeasurementTarget' from project 'GoogleAppMeasurement')
    cd /Users/nam/projects/subgallery/store-assets/DerivedData/SourcePackages/checkouts/GoogleAppMeasurement
    write-file /Users/nam/projects/subgallery/store-assets/DerivedData/Build/Intermediates.noindex/GoogleAppMeasurement.build/Release-iphonesimulator/GoogleAppMeasurementTarget.build/GoogleAppMeasurementTarget.DependencyStaticMetadataFileList

WriteAuxiliaryFile /Users/nam/projects/subgallery/store-assets/DerivedData/Build/Intermediates.noindex/GoogleAppMeasurement.build/Release-iphonesimulator/GoogleAppMeasurementTarget.build/GoogleAppMeasurementTarget.DependencyMetadataFileList (in target 'GoogleAppMeasurementTarget' from project 'GoogleAppMeasurement')
    cd /Users/nam/projects/subgallery/store-assets/DerivedData/SourcePackages/checkouts/GoogleAppMeasurement
    write-file /Users/nam/projects/subgallery/store-assets/DerivedData/Build/Intermediates.noindex/GoogleAppMeasurement.build/Release-iphonesimulator/GoogleAppMeasurementTarget.build/GoogleAppMeasurementTarget.DependencyMetadataFileList

WriteAuxiliaryFile /Users/nam/projects/subgallery/store-assets/DerivedData/Build/Intermediates.noindex/GoogleAppMeasurement.build/Release-iphonesimulator/GoogleAppMeasurementTarget.build/Objects-normal/arm64/e6072d4f65d7061329687fe24e3d63a7-common-args.resp (in target 'GoogleAppMeasurementTarget' from project 'GoogleAppMeasurement')
    cd /Users/nam/projects/subgallery/store-assets/DerivedData/SourcePackages/checkouts/GoogleAppMeasurement
    write-file /Users/nam/projects/subgallery/store-assets/DerivedData/Build/Intermediates.noindex/GoogleAppMeasurement.build/Release-iphonesimulator/GoogleAppMeasurementTarget.build/Objects-normal/arm64/e6072d4f65d7061329687fe24e3d63a7-common-args.resp
-target arm64-apple-ios15.0-simulator '-std=c99' -fobjc-arc -fmodules -gmodules '-fmodules-cache-path=/Users/nam/projects/subgallery/store-assets/DerivedData/ModuleCache.noindex' '-fmodule-name=GoogleAppMeasurementTarget' -fpascal-strings -Os -DSWIFT_PACKAGE '-DOBJC_OLD_DISPATCH_PROTOTYPES=1' -isysroot /Applications/Xcode.app/Contents/Developer/Platforms/iPhoneSimulator.platform/Developer/SDKs/iPhoneSimulator26.1.sdk -g '-fobjc-abi-version=2' -fobjc-legacy-dispatch -I/Users/nam/projects/subgallery/store-assets/DerivedData/SourcePackages/checkouts/GoogleUtilities/GoogleUtilities/AppDelegateSwizzler/Public -I/Users/nam/projects/subgallery/store-assets/DerivedData/SourcePackages/checkouts/GoogleUtilities/GoogleUtilities/MethodSwizzler/Public -I/Users/nam/projects/subgallery/store-assets/DerivedData/SourcePackages/checkouts/GoogleUtilities/GoogleUtilities/Reachability/Public -I/Users/nam/projects/subgallery/store-assets/DerivedData/SourcePackages/checkouts/GoogleUtilities/GoogleUtilities/NSData+zlib/Public -I/Users/nam/projects/subgallery/store-assets/DerivedData/SourcePackages/checkouts/GoogleUtilities/GoogleUtilities/Network/Public -I/Users/nam/projects/subgallery/store-assets/DerivedData/SourcePackages/checkouts/GoogleUtilities/GoogleUtilities/Logger/Public -I/Users/nam/projects/subgallery/store-assets/DerivedData/SourcePackages/checkouts/GoogleUtilities/third_party/IsAppEncrypted/Public -I/Users/nam/projects/subgallery/store-assets/DerivedData/SourcePackages/checkouts/GoogleUtilities/GoogleUtilities/Environment/Public -I/Users/nam/projects/subgallery/store-assets/DerivedData/SourcePackages/checkouts/nanopb/spm_headers -I/Users/nam/projects/subgallery/store-assets/DerivedData/SourcePackages/checkouts/google-ads-on-device-conversion-ios-sdk/GoogleAdsOnDeviceConversionWrapper/include -I/Users/nam/projects/subgallery/store-assets/DerivedData/Build/Products/Release-iphonesimulator/include -I/Users/nam/projects/subgallery/store-assets/DerivedData/SourcePackages/checkouts/GoogleAppMeasurement/GoogleAppMeasurementWrapper/include -I/Users/nam/projects/subgallery/store-assets/DerivedData/Build/Intermediates.noindex/GoogleAppMeasurement.build/Release-iphonesimulator/GoogleAppMeasurementTarget.build/DerivedSources-normal/arm64 -I/Users/nam/projects/subgallery/store-assets/DerivedData/Build/Intermediates.noindex/GoogleAppMeasurement.build/Release-iphonesimulator/GoogleAppMeasurementTarget.build/DerivedSources/arm64 -I/Users/nam/projects/subgallery/store-assets/DerivedData/Build/Intermediates.noindex/GoogleAppMeasurement.build/Release-iphonesimulator/GoogleAppMeasurementTarget.build/DerivedSources -F/Users/nam/projects/subgallery/store-assets/DerivedData/Build/Products/Release-iphonesimulator/PackageFrameworks -F/Users/nam/projects/subgallery/store-assets/DerivedData/Build/Products/Release-iphonesimulator/PackageFrameworks -F/Users/nam/projects/subgallery/store-assets/DerivedData/Build/Products/Release-iphonesimulator/PackageFrameworks -F/Users/nam/projects/subgallery/store-assets/DerivedData/Build/Products/Release-iphonesimulator/PackageFrameworks -F/Users/nam/projects/subgallery/store-assets/DerivedData/Build/Products/Release-iphonesimulator/PackageFrameworks -F/Users/nam/projects/subgallery/store-assets/DerivedData/Build/Products/Release-iphonesimulator/PackageFrameworks -F/Users/nam/projects/subgallery/store-assets/DerivedData/Build/Products/Release-iphonesimulator/PackageFrameworks -F/Users/nam/projects/subgallery/store-assets/DerivedData/Build/Products/Release-iphonesimulator/PackageFrameworks -F/Users/nam/projects/subgallery/store-assets/DerivedData/Build/Products/Release-iphonesimulator/PackageFrameworks -F/Users/nam/projects/subgallery/store-assets/DerivedData/Build/Products/Release-iphonesimulator/PackageFrameworks -F/Users/nam/projects/subgallery/store-assets/DerivedData/Build/Products/Release-iphonesimulator -iframework /Applications/Xcode.app/Contents/Developer/Platforms/iPhoneSimulator.platform/Developer/Library/Frameworks -iframework /Applications/Xcode.app/Contents/Developer/Platforms/iPhoneSimulator.platform/Developer/SDKs/iPhoneSimulator26.1.sdk/Developer/Library/Frameworks '-fmodule-map-file=/Users/nam/projects/subgallery/store-assets/DerivedData/Build/Intermediates.noindex/GeneratedModuleMaps-iphonesimulator/GoogleUtilities-AppDelegateSwizzler.modulemap' '-fmodule-map-file=/Users/nam/projects/subgallery/store-assets/DerivedData/Build/Intermediates.noindex/GeneratedModuleMaps-iphonesimulator/GoogleUtilities-MethodSwizzler.modulemap' '-fmodule-map-file=/Users/nam/projects/subgallery/store-assets/DerivedData/Build/Intermediates.noindex/GeneratedModuleMaps-iphonesimulator/GoogleUtilities-Reachability.modulemap' '-fmodule-map-file=/Users/nam/projects/subgallery/store-assets/DerivedData/Build/Intermediates.noindex/GeneratedModuleMaps-iphonesimulator/GoogleUtilities-NSData.modulemap' '-fmodule-map-file=/Users/nam/projects/subgallery/store-assets/DerivedData/Build/Intermediates.noindex/GeneratedModuleMaps-iphonesimulator/GoogleUtilities-Network.modulemap' '-fmodule-map-file=/Users/nam/projects/subgallery/store-assets/DerivedData/Build/Intermediates.noindex/GeneratedModuleMaps-iphonesimulator/GoogleUtilities-Logger.modulemap' '-fmodule-map-file=/Users/nam/projects/subgallery/store-assets/DerivedData/Build/Intermediates.noindex/GeneratedModuleMaps-iphonesimulator/third-party-IsAppEncrypted.modulemap' '-fmodule-map-file=/Users/nam/projects/subgallery/store-assets/DerivedData/Build/Intermediates.noindex/GeneratedModuleMaps-iphonesimulator/GoogleUtilities-Environment.modulemap' '-fmodule-map-file=/Users/nam/projects/subgallery/store-assets/DerivedData/Build/Intermediates.noindex/GeneratedModuleMaps-iphonesimulator/nanopb.modulemap' '-fmodule-map-file=/Users/nam/projects/subgallery/store-assets/DerivedData/Build/Intermediates.noindex/GeneratedModuleMaps-iphonesimulator/GoogleAdsOnDeviceConversionTarget.modulemap' -DXcode

WriteAuxiliaryFile /Users/nam/projects/subgallery/store-assets/DerivedData/Build/Intermediates.noindex/GoogleAppMeasurement.build/Release-iphonesimulator/GoogleAppMeasurementTarget.build/Objects-normal/arm64/GoogleAppMeasurementTarget.LinkFileList (in target 'GoogleAppMeasurementTarget' from project 'GoogleAppMeasurement')
    cd /Users/nam/projects/subgallery/store-assets/DerivedData/SourcePackages/checkouts/GoogleAppMeasurement
    write-file /Users/nam/projects/subgallery/store-assets/DerivedData/Build/Intermediates.noindex/GoogleAppMeasurement.build/Release-iphonesimulator/GoogleAppMeasurementTarget.build/Objects-normal/arm64/GoogleAppMeasurementTarget.LinkFileList

Copy /Users/nam/projects/subgallery/store-assets/DerivedData/Build/Intermediates.noindex/GeneratedModuleMaps-iphonesimulator/GoogleAdsOnDeviceConversionTarget.modulemap /Users/nam/projects/subgallery/store-assets/DerivedData/Build/Intermediates.noindex/GoogleAdsOnDeviceConversion.build/Release-iphonesimulator/GoogleAdsOnDeviceConversionTarget.build/GoogleAdsOnDeviceConversionTarget.modulemap (in target 'GoogleAdsOnDeviceConversionTarget' from project 'GoogleAdsOnDeviceConversion')
    cd /Users/nam/projects/subgallery/store-assets/DerivedData/SourcePackages/checkouts/google-ads-on-device-conversion-ios-sdk
    builtin-copy -exclude .DS_Store -exclude CVS -exclude .svn -exclude .git -exclude .hg -strip-unsigned-binaries -strip-deterministic -strip-tool /Applications/Xcode.app/Contents/Developer/Toolchains/XcodeDefault.xctoolchain/usr/bin/strip -resolve-src-symlinks /Users/nam/projects/subgallery/store-assets/DerivedData/Build/Intermediates.noindex/GoogleAdsOnDeviceConversion.build/Release-iphonesimulator/GoogleAdsOnDeviceConversionTarget.build/GoogleAdsOnDeviceConversionTarget.modulemap /Users/nam/projects/subgallery/store-assets/DerivedData/Build/Intermediates.noindex/GeneratedModuleMaps-iphonesimulator

MkDir /Users/nam/projects/subgallery/store-assets/DerivedData/Build/Products/Release-iphonesimulator/SubGallery.app/Frameworks (in target 'SubGallery' from project 'SubGallery')
    cd /Users/nam/projects/subgallery
    /bin/mkdir -p /Users/nam/projects/subgallery/store-assets/DerivedData/Build/Products/Release-iphonesimulator/SubGallery.app/Frameworks

MkDir /Users/nam/projects/subgallery/store-assets/DerivedData/Build/Products/Release-iphonesimulator/SubGallery.app (in target 'SubGallery' from project 'SubGallery')
    cd /Users/nam/projects/subgallery
    /bin/mkdir -p /Users/nam/projects/subgallery/store-assets/DerivedData/Build/Products/Release-iphonesimulator/SubGallery.app

Copy /Users/nam/projects/subgallery/store-assets/DerivedData/Build/Intermediates.noindex/GeneratedModuleMaps-iphonesimulator/GoogleAppMeasurementTarget.modulemap /Users/nam/projects/subgallery/store-assets/DerivedData/Build/Intermediates.noindex/GoogleAppMeasurement.build/Release-iphonesimulator/GoogleAppMeasurementTarget.build/GoogleAppMeasurementTarget.modulemap (in target 'GoogleAppMeasurementTarget' from project 'GoogleAppMeasurement')
    cd /Users/nam/projects/subgallery/store-assets/DerivedData/SourcePackages/checkouts/GoogleAppMeasurement
    builtin-copy -exclude .DS_Store -exclude CVS -exclude .svn -exclude .git -exclude .hg -strip-unsigned-binaries -strip-deterministic -strip-tool /Applications/Xcode.app/Contents/Developer/Toolchains/XcodeDefault.xctoolchain/usr/bin/strip -resolve-src-symlinks /Users/nam/projects/subgallery/store-assets/DerivedData/Build/Intermediates.noindex/GoogleAppMeasurement.build/Release-iphonesimulator/GoogleAppMeasurementTarget.build/GoogleAppMeasurementTarget.modulemap /Users/nam/projects/subgallery/store-assets/DerivedData/Build/Intermediates.noindex/GeneratedModuleMaps-iphonesimulator

Touch /Users/nam/projects/subgallery/store-assets/DerivedData/Build/Products/Release-iphonesimulator/GoogleUtilities_GoogleUtilities-MethodSwizzler.bundle (in target 'GoogleUtilities_GoogleUtilities-MethodSwizzler' from project 'GoogleUtilities')
    cd /Users/nam/projects/subgallery/store-assets/DerivedData/SourcePackages/checkouts/GoogleUtilities
    /usr/bin/touch -c /Users/nam/projects/subgallery/store-assets/DerivedData/Build/Products/Release-iphonesimulator/GoogleUtilities_GoogleUtilities-MethodSwizzler.bundle

RegisterExecutionPolicyException /Users/nam/projects/subgallery/store-assets/DerivedData/Build/Products/Release-iphonesimulator/GoogleUtilities_GoogleUtilities-Logger.bundle (in target 'GoogleUtilities_GoogleUtilities-Logger' from project 'GoogleUtilities')
    cd /Users/nam/projects/subgallery/store-assets/DerivedData/SourcePackages/checkouts/GoogleUtilities
    builtin-RegisterExecutionPolicyException /Users/nam/projects/subgallery/store-assets/DerivedData/Build/Products/Release-iphonesimulator/GoogleUtilities_GoogleUtilities-Logger.bundle

RegisterExecutionPolicyException /Users/nam/projects/subgallery/store-assets/DerivedData/Build/Products/Release-iphonesimulator/GoogleUtilities_GoogleUtilities-Environment.bundle (in target 'GoogleUtilities_GoogleUtilities-Environment' from project 'GoogleUtilities')
    cd /Users/nam/projects/subgallery/store-assets/DerivedData/SourcePackages/checkouts/GoogleUtilities
    builtin-RegisterExecutionPolicyException /Users/nam/projects/subgallery/store-assets/DerivedData/Build/Products/Release-iphonesimulator/GoogleUtilities_GoogleUtilities-Environment.bundle

RegisterExecutionPolicyException /Users/nam/projects/subgallery/store-assets/DerivedData/Build/Products/Release-iphonesimulator/GoogleUtilities_GoogleUtilities-AppDelegateSwizzler.bundle (in target 'GoogleUtilities_GoogleUtilities-AppDelegateSwizzler' from project 'GoogleUtilities')
    cd /Users/nam/projects/subgallery/store-assets/DerivedData/SourcePackages/checkouts/GoogleUtilities
    builtin-RegisterExecutionPolicyException /Users/nam/projects/subgallery/store-assets/DerivedData/Build/Products/Release-iphonesimulator/GoogleUtilities_GoogleUtilities-AppDelegateSwizzler.bundle

CpResource /Users/nam/projects/subgallery/store-assets/DerivedData/Build/Products/Release-iphonesimulator/Firebase_FirebaseInstallations.bundle/PrivacyInfo.xcprivacy /Users/nam/projects/subgallery/store-assets/DerivedData/SourcePackages/checkouts/firebase-ios-sdk/FirebaseInstallations/Source/Library/Resources/PrivacyInfo.xcprivacy (in target 'Firebase_FirebaseInstallations' from project 'Firebase')
    cd /Users/nam/projects/subgallery/store-assets/DerivedData/SourcePackages/checkouts/firebase-ios-sdk
    builtin-copy -exclude .DS_Store -exclude CVS -exclude .svn -exclude .git -exclude .hg -strip-unsigned-binaries -strip-deterministic -strip-tool /Applications/Xcode.app/Contents/Developer/Toolchains/XcodeDefault.xctoolchain/usr/bin/strip -resolve-src-symlinks /Users/nam/projects/subgallery/store-assets/DerivedData/SourcePackages/checkouts/firebase-ios-sdk/FirebaseInstallations/Source/Library/Resources/PrivacyInfo.xcprivacy /Users/nam/projects/subgallery/store-assets/DerivedData/Build/Products/Release-iphonesimulator/Firebase_FirebaseInstallations.bundle

ProcessInfoPlistFile /Users/nam/projects/subgallery/store-assets/DerivedData/Build/Products/Release-iphonesimulator/Firebase_FirebaseInstallations.bundle/Info.plist /Users/nam/projects/subgallery/store-assets/DerivedData/Build/Intermediates.noindex/Firebase.build/Release-iphonesimulator/Firebase_FirebaseInstallations.build/empty-Firebase_FirebaseInstallations.plist (in target 'Firebase_FirebaseInstallations' from project 'Firebase')
    cd /Users/nam/projects/subgallery/store-assets/DerivedData/SourcePackages/checkouts/firebase-ios-sdk
    builtin-infoPlistUtility /Users/nam/projects/subgallery/store-assets/DerivedData/Build/Intermediates.noindex/Firebase.build/Release-iphonesimulator/Firebase_FirebaseInstallations.build/empty-Firebase_FirebaseInstallations.plist -producttype com.apple.product-type.bundle -expandbuildsettings -format binary -platform iphonesimulator -o /Users/nam/projects/subgallery/store-assets/DerivedData/Build/Products/Release-iphonesimulator/Firebase_FirebaseInstallations.bundle/Info.plist

ProcessInfoPlistFile /Users/nam/projects/subgallery/store-assets/DerivedData/Build/Products/Release-iphonesimulator/Firebase_FirebaseCoreInternal.bundle/Info.plist /Users/nam/projects/subgallery/store-assets/DerivedData/Build/Intermediates.noindex/Firebase.build/Release-iphonesimulator/Firebase_FirebaseCoreInternal.build/empty-Firebase_FirebaseCoreInternal.plist (in target 'Firebase_FirebaseCoreInternal' from project 'Firebase')
    cd /Users/nam/projects/subgallery/store-assets/DerivedData/SourcePackages/checkouts/firebase-ios-sdk
    builtin-infoPlistUtility /Users/nam/projects/subgallery/store-assets/DerivedData/Build/Intermediates.noindex/Firebase.build/Release-iphonesimulator/Firebase_FirebaseCoreInternal.build/empty-Firebase_FirebaseCoreInternal.plist -producttype com.apple.product-type.bundle -expandbuildsettings -format binary -platform iphonesimulator -o /Users/nam/projects/subgallery/store-assets/DerivedData/Build/Products/Release-iphonesimulator/Firebase_FirebaseCoreInternal.bundle/Info.plist

CpResource /Users/nam/projects/subgallery/store-assets/DerivedData/Build/Products/Release-iphonesimulator/Firebase_FirebaseCoreInternal.bundle/PrivacyInfo.xcprivacy /Users/nam/projects/subgallery/store-assets/DerivedData/SourcePackages/checkouts/firebase-ios-sdk/FirebaseCore/Internal/Sources/Resources/PrivacyInfo.xcprivacy (in target 'Firebase_FirebaseCoreInternal' from project 'Firebase')
    cd /Users/nam/projects/subgallery/store-assets/DerivedData/SourcePackages/checkouts/firebase-ios-sdk
    builtin-copy -exclude .DS_Store -exclude CVS -exclude .svn -exclude .git -exclude .hg -strip-unsigned-binaries -strip-deterministic -strip-tool /Applications/Xcode.app/Contents/Developer/Toolchains/XcodeDefault.xctoolchain/usr/bin/strip -resolve-src-symlinks /Users/nam/projects/subgallery/store-assets/DerivedData/SourcePackages/checkouts/firebase-ios-sdk/FirebaseCore/Internal/Sources/Resources/PrivacyInfo.xcprivacy /Users/nam/projects/subgallery/store-assets/DerivedData/Build/Products/Release-iphonesimulator/Firebase_FirebaseCoreInternal.bundle

ProcessInfoPlistFile /Users/nam/projects/subgallery/store-assets/DerivedData/Build/Products/Release-iphonesimulator/Firebase_FirebaseCore.bundle/Info.plist /Users/nam/projects/subgallery/store-assets/DerivedData/Build/Intermediates.noindex/Firebase.build/Release-iphonesimulator/Firebase_FirebaseCore.build/empty-Firebase_FirebaseCore.plist (in target 'Firebase_FirebaseCore' from project 'Firebase')
    cd /Users/nam/projects/subgallery/store-assets/DerivedData/SourcePackages/checkouts/firebase-ios-sdk
    builtin-infoPlistUtility /Users/nam/projects/subgallery/store-assets/DerivedData/Build/Intermediates.noindex/Firebase.build/Release-iphonesimulator/Firebase_FirebaseCore.build/empty-Firebase_FirebaseCore.plist -producttype com.apple.product-type.bundle -expandbuildsettings -format binary -platform iphonesimulator -o /Users/nam/projects/subgallery/store-assets/DerivedData/Build/Products/Release-iphonesimulator/Firebase_FirebaseCore.bundle/Info.plist

CpResource /Users/nam/projects/subgallery/store-assets/DerivedData/Build/Products/Release-iphonesimulator/Firebase_FirebaseCore.bundle/PrivacyInfo.xcprivacy /Users/nam/projects/subgallery/store-assets/DerivedData/SourcePackages/checkouts/firebase-ios-sdk/FirebaseCore/Sources/Resources/PrivacyInfo.xcprivacy (in target 'Firebase_FirebaseCore' from project 'Firebase')
    cd /Users/nam/projects/subgallery/store-assets/DerivedData/SourcePackages/checkouts/firebase-ios-sdk
    builtin-copy -exclude .DS_Store -exclude CVS -exclude .svn -exclude .git -exclude .hg -strip-unsigned-binaries -strip-deterministic -strip-tool /Applications/Xcode.app/Contents/Developer/Toolchains/XcodeDefault.xctoolchain/usr/bin/strip -resolve-src-symlinks /Users/nam/projects/subgallery/store-assets/DerivedData/SourcePackages/checkouts/firebase-ios-sdk/FirebaseCore/Sources/Resources/PrivacyInfo.xcprivacy /Users/nam/projects/subgallery/store-assets/DerivedData/Build/Products/Release-iphonesimulator/Firebase_FirebaseCore.bundle

Touch /Users/nam/projects/subgallery/store-assets/DerivedData/Build/Products/Release-iphonesimulator/GoogleUtilities_GoogleUtilities-Logger.bundle (in target 'GoogleUtilities_GoogleUtilities-Logger' from project 'GoogleUtilities')
    cd /Users/nam/projects/subgallery/store-assets/DerivedData/SourcePackages/checkouts/GoogleUtilities
    /usr/bin/touch -c /Users/nam/projects/subgallery/store-assets/DerivedData/Build/Products/Release-iphonesimulator/GoogleUtilities_GoogleUtilities-Logger.bundle

Touch /Users/nam/projects/subgallery/store-assets/DerivedData/Build/Products/Release-iphonesimulator/GoogleUtilities_GoogleUtilities-Environment.bundle (in target 'GoogleUtilities_GoogleUtilities-Environment' from project 'GoogleUtilities')
    cd /Users/nam/projects/subgallery/store-assets/DerivedData/SourcePackages/checkouts/GoogleUtilities
    /usr/bin/touch -c /Users/nam/projects/subgallery/store-assets/DerivedData/Build/Products/Release-iphonesimulator/GoogleUtilities_GoogleUtilities-Environment.bundle

RegisterExecutionPolicyException /Users/nam/projects/subgallery/store-assets/DerivedData/Build/Products/Release-iphonesimulator/Firebase_FirebaseInstallations.bundle (in target 'Firebase_FirebaseInstallations' from project 'Firebase')
    cd /Users/nam/projects/subgallery/store-assets/DerivedData/SourcePackages/checkouts/firebase-ios-sdk
    builtin-RegisterExecutionPolicyException /Users/nam/projects/subgallery/store-assets/DerivedData/Build/Products/Release-iphonesimulator/Firebase_FirebaseInstallations.bundle

RegisterExecutionPolicyException /Users/nam/projects/subgallery/store-assets/DerivedData/Build/Products/Release-iphonesimulator/Firebase_FirebaseCore.bundle (in target 'Firebase_FirebaseCore' from project 'Firebase')
    cd /Users/nam/projects/subgallery/store-assets/DerivedData/SourcePackages/checkouts/firebase-ios-sdk
    builtin-RegisterExecutionPolicyException /Users/nam/projects/subgallery/store-assets/DerivedData/Build/Products/Release-iphonesimulator/Firebase_FirebaseCore.bundle

RegisterExecutionPolicyException /Users/nam/projects/subgallery/store-assets/DerivedData/Build/Products/Release-iphonesimulator/Firebase_FirebaseCoreInternal.bundle (in target 'Firebase_FirebaseCoreInternal' from project 'Firebase')
    cd /Users/nam/projects/subgallery/store-assets/DerivedData/SourcePackages/checkouts/firebase-ios-sdk
    builtin-RegisterExecutionPolicyException /Users/nam/projects/subgallery/store-assets/DerivedData/Build/Products/Release-iphonesimulator/Firebase_FirebaseCoreInternal.bundle

Touch /Users/nam/projects/subgallery/store-assets/DerivedData/Build/Products/Release-iphonesimulator/GoogleUtilities_GoogleUtilities-AppDelegateSwizzler.bundle (in target 'GoogleUtilities_GoogleUtilities-AppDelegateSwizzler' from project 'GoogleUtilities')
    cd /Users/nam/projects/subgallery/store-assets/DerivedData/SourcePackages/checkouts/GoogleUtilities
    /usr/bin/touch -c /Users/nam/projects/subgallery/store-assets/DerivedData/Build/Products/Release-iphonesimulator/GoogleUtilities_GoogleUtilities-AppDelegateSwizzler.bundle

Touch /Users/nam/projects/subgallery/store-assets/DerivedData/Build/Products/Release-iphonesimulator/Firebase_FirebaseInstallations.bundle (in target 'Firebase_FirebaseInstallations' from project 'Firebase')
    cd /Users/nam/projects/subgallery/store-assets/DerivedData/SourcePackages/checkouts/firebase-ios-sdk
    /usr/bin/touch -c /Users/nam/projects/subgallery/store-assets/DerivedData/Build/Products/Release-iphonesimulator/Firebase_FirebaseInstallations.bundle

Touch /Users/nam/projects/subgallery/store-assets/DerivedData/Build/Products/Release-iphonesimulator/Firebase_FirebaseCore.bundle (in target 'Firebase_FirebaseCore' from project 'Firebase')
    cd /Users/nam/projects/subgallery/store-assets/DerivedData/SourcePackages/checkouts/firebase-ios-sdk
    /usr/bin/touch -c /Users/nam/projects/subgallery/store-assets/DerivedData/Build/Products/Release-iphonesimulator/Firebase_FirebaseCore.bundle

Touch /Users/nam/projects/subgallery/store-assets/DerivedData/Build/Products/Release-iphonesimulator/Firebase_FirebaseCoreInternal.bundle (in target 'Firebase_FirebaseCoreInternal' from project 'Firebase')
    cd /Users/nam/projects/subgallery/store-assets/DerivedData/SourcePackages/checkouts/firebase-ios-sdk
    /usr/bin/touch -c /Users/nam/projects/subgallery/store-assets/DerivedData/Build/Products/Release-iphonesimulator/Firebase_FirebaseCoreInternal.bundle

ScanDependencies /Users/nam/projects/subgallery/store-assets/DerivedData/Build/Intermediates.noindex/GoogleUtilities.build/Release-iphonesimulator/third-party-IsAppEncrypted.build/Objects-normal/arm64/IsAppEncrypted.o /Users/nam/projects/subgallery/store-assets/DerivedData/SourcePackages/checkouts/GoogleUtilities/third_party/IsAppEncrypted/IsAppEncrypted.m normal arm64 objective-c com.apple.compilers.llvm.clang.1_0.compiler (in target 'third-party-IsAppEncrypted' from project 'GoogleUtilities')
    cd /Users/nam/projects/subgallery/SubGallery.xcodeproj
    
    Using response file: /Users/nam/projects/subgallery/store-assets/DerivedData/Build/Intermediates.noindex/GoogleUtilities.build/Release-iphonesimulator/third-party-IsAppEncrypted.build/Objects-normal/arm64/e6072d4f65d7061329687fe24e3d63a7-common-args.resp
    
    builtin-ScanDependencies -o /Users/nam/projects/subgallery/store-assets/DerivedData/Build/Intermediates.noindex/GoogleUtilities.build/Release-iphonesimulator/third-party-IsAppEncrypted.build/Objects-normal/arm64/IsAppEncrypted.o.scan -- /Applications/Xcode.app/Contents/Developer/Toolchains/XcodeDefault.xctoolchain/usr/bin/clang -x objective-c -ivfsstatcache /Users/nam/projects/subgallery/store-assets/DerivedData/SDKStatCaches.noindex/iphonesimulator26.1-23B77-90cf18a4295e390e64c810bc6bd7acbc.sdkstatcache -fmessage-length\=0 -fdiagnostics-show-note-include-stack -fmacro-backtrace-limit\=0 -fno-color-diagnostics -fmodules-prune-interval\=86400 -fmodules-prune-after\=345600 -fbuild-session-file\=/Users/nam/projects/subgallery/store-assets/DerivedData/ModuleCache.noindex/Session.modulevalidation -fmodules-validate-once-per-build-session -Wnon-modular-include-in-framework-module -Werror\=non-modular-include-in-framework-module -Wno-trigraphs -Wno-missing-field-initializers -Wno-missing-prototypes -Wno-return-type -Wno-implicit-atomic-properties -Wno-objc-interface-ivars -Wno-arc-repeated-use-of-weak -Wno-missing-braces -Wparentheses -Wswitch -Wno-unused-function -Wno-unused-label -Wno-unused-parameter -Wno-unused-variable -Wunused-value -Wno-empty-body -Wno-uninitialized -Wno-unknown-pragmas -w -Wno-shadow -Wno-four-char-constants -Wno-conversion -Wno-constant-conversion -Wno-int-conversion -Wno-bool-conversion -Wno-enum-conversion -Wno-float-conversion -Wno-non-literal-null-conversion -Wno-objc-literal-conversion -Wshorten-64-to-32 -Wpointer-sign -Wno-newline-eof -Wno-selector -Wno-strict-selector-match -Wno-undeclared-selector -Wno-deprecated-implementations -Wno-implicit-fallthrough -fstrict-aliasing -Wprotocol -Wdeprecated-declarations -Wno-sign-conversion -Wno-infinite-recursion -Wno-comma -Wno-block-capture-autoreleasing -Wno-strict-prototypes -Wno-semicolon-before-method-body @/Users/nam/projects/subgallery/store-assets/DerivedData/Build/Intermediates.noindex/GoogleUtilities.build/Release-iphonesimulator/third-party-IsAppEncrypted.build/Objects-normal/arm64/e6072d4f65d7061329687fe24e3d63a7-common-args.resp -MMD -MT dependencies -MF /Users/nam/projects/subgallery/store-assets/DerivedData/Build/Intermediates.noindex/GoogleUtilities.build/Release-iphonesimulator/third-party-IsAppEncrypted.build/Objects-normal/arm64/IsAppEncrypted.d --serialize-diagnostics /Users/nam/projects/subgallery/store-assets/DerivedData/Build/Intermediates.noindex/GoogleUtilities.build/Release-iphonesimulator/third-party-IsAppEncrypted.build/Objects-normal/arm64/IsAppEncrypted.dia -c /Users/nam/projects/subgallery/store-assets/DerivedData/SourcePackages/checkouts/GoogleUtilities/third_party/IsAppEncrypted/IsAppEncrypted.m -o /Users/nam/projects/subgallery/store-assets/DerivedData/Build/Intermediates.noindex/GoogleUtilities.build/Release-iphonesimulator/third-party-IsAppEncrypted.build/Objects-normal/arm64/IsAppEncrypted.o

ScanDependencies /Users/nam/projects/subgallery/store-assets/DerivedData/Build/Intermediates.noindex/nanopb.build/Release-iphonesimulator/nanopb.build/Objects-normal/arm64/pb_encode.o /Users/nam/projects/subgallery/store-assets/DerivedData/SourcePackages/checkouts/nanopb/pb_encode.c normal arm64 c com.apple.compilers.llvm.clang.1_0.compiler (in target 'nanopb' from project 'nanopb')
    cd /Users/nam/projects/subgallery/SubGallery.xcodeproj
    
    Using response file: /Users/nam/projects/subgallery/store-assets/DerivedData/Build/Intermediates.noindex/nanopb.build/Release-iphonesimulator/nanopb.build/Objects-normal/arm64/7187679823f38a2a940e0043cdf9d637-common-args.resp
    
    builtin-ScanDependencies -o /Users/nam/projects/subgallery/store-assets/DerivedData/Build/Intermediates.noindex/nanopb.build/Release-iphonesimulator/nanopb.build/Objects-normal/arm64/pb_encode.o.scan -- /Applications/Xcode.app/Contents/Developer/Toolchains/XcodeDefault.xctoolchain/usr/bin/clang -x c -ivfsstatcache /Users/nam/projects/subgallery/store-assets/DerivedData/SDKStatCaches.noindex/iphonesimulator26.1-23B77-90cf18a4295e390e64c810bc6bd7acbc.sdkstatcache -fmessage-length\=0 -fdiagnostics-show-note-include-stack -fmacro-backtrace-limit\=0 -fno-color-diagnostics -fmodules-prune-interval\=86400 -fmodules-prune-after\=345600 -fbuild-session-file\=/Users/nam/projects/subgallery/store-assets/DerivedData/ModuleCache.noindex/Session.modulevalidation -fmodules-validate-once-per-build-session -Wnon-modular-include-in-framework-module -Werror\=non-modular-include-in-framework-module -Wno-trigraphs -Wno-missing-field-initializers -Wno-missing-prototypes -Wno-return-type -Wno-missing-braces -Wparentheses -Wswitch -Wno-unused-function -Wno-unused-label -Wno-unused-parameter -Wno-unused-variable -Wunused-value -Wno-empty-body -Wno-uninitialized -Wno-unknown-pragmas -w -Wno-shadow -Wno-four-char-constants -Wno-conversion -Wno-constant-conversion -Wno-int-conversion -Wno-bool-conversion -Wno-enum-conversion -Wno-float-conversion -Wno-non-literal-null-conversion -Wno-objc-literal-conversion -Wshorten-64-to-32 -Wpointer-sign -Wno-newline-eof -Wno-implicit-fallthrough -fstrict-aliasing -Wdeprecated-declarations -Wno-sign-conversion -Wno-infinite-recursion -Wno-comma -Wno-block-capture-autoreleasing -Wno-strict-prototypes -Wno-semicolon-before-method-body @/Users/nam/projects/subgallery/store-assets/DerivedData/Build/Intermediates.noindex/nanopb.build/Release-iphonesimulator/nanopb.build/Objects-normal/arm64/7187679823f38a2a940e0043cdf9d637-common-args.resp -MMD -MT dependencies -MF /Users/nam/projects/subgallery/store-assets/DerivedData/Build/Intermediates.noindex/nanopb.build/Release-iphonesimulator/nanopb.build/Objects-normal/arm64/pb_encode.d --serialize-diagnostics /Users/nam/projects/subgallery/store-assets/DerivedData/Build/Intermediates.noindex/nanopb.build/Release-iphonesimulator/nanopb.build/Objects-normal/arm64/pb_encode.dia -c /Users/nam/projects/subgallery/store-assets/DerivedData/SourcePackages/checkouts/nanopb/pb_encode.c -o /Users/nam/projects/subgallery/store-assets/DerivedData/Build/Intermediates.noindex/nanopb.build/Release-iphonesimulator/nanopb.build/Objects-normal/arm64/pb_encode.o

ScanDependencies /Users/nam/projects/subgallery/store-assets/DerivedData/Build/Intermediates.noindex/nanopb.build/Release-iphonesimulator/nanopb.build/Objects-normal/arm64/pb_decode.o /Users/nam/projects/subgallery/store-assets/DerivedData/SourcePackages/checkouts/nanopb/pb_decode.c normal arm64 c com.apple.compilers.llvm.clang.1_0.compiler (in target 'nanopb' from project 'nanopb')
    cd /Users/nam/projects/subgallery/SubGallery.xcodeproj
    
    Using response file: /Users/nam/projects/subgallery/store-assets/DerivedData/Build/Intermediates.noindex/nanopb.build/Release-iphonesimulator/nanopb.build/Objects-normal/arm64/7187679823f38a2a940e0043cdf9d637-common-args.resp
    
    builtin-ScanDependencies -o /Users/nam/projects/subgallery/store-assets/DerivedData/Build/Intermediates.noindex/nanopb.build/Release-iphonesimulator/nanopb.build/Objects-normal/arm64/pb_decode.o.scan -- /Applications/Xcode.app/Contents/Developer/Toolchains/XcodeDefault.xctoolchain/usr/bin/clang -x c -ivfsstatcache /Users/nam/projects/subgallery/store-assets/DerivedData/SDKStatCaches.noindex/iphonesimulator26.1-23B77-90cf18a4295e390e64c810bc6bd7acbc.sdkstatcache -fmessage-length\=0 -fdiagnostics-show-note-include-stack -fmacro-backtrace-limit\=0 -fno-color-diagnostics -fmodules-prune-interval\=86400 -fmodules-prune-after\=345600 -fbuild-session-file\=/Users/nam/projects/subgallery/store-assets/DerivedData/ModuleCache.noindex/Session.modulevalidation -fmodules-validate-once-per-build-session -Wnon-modular-include-in-framework-module -Werror\=non-modular-include-in-framework-module -Wno-trigraphs -Wno-missing-field-initializers -Wno-missing-prototypes -Wno-return-type -Wno-missing-braces -Wparentheses -Wswitch -Wno-unused-function -Wno-unused-label -Wno-unused-parameter -Wno-unused-variable -Wunused-value -Wno-empty-body -Wno-uninitialized -Wno-unknown-pragmas -w -Wno-shadow -Wno-four-char-constants -Wno-conversion -Wno-constant-conversion -Wno-int-conversion -Wno-bool-conversion -Wno-enum-conversion -Wno-float-conversion -Wno-non-literal-null-conversion -Wno-objc-literal-conversion -Wshorten-64-to-32 -Wpointer-sign -Wno-newline-eof -Wno-implicit-fallthrough -fstrict-aliasing -Wdeprecated-declarations -Wno-sign-conversion -Wno-infinite-recursion -Wno-comma -Wno-block-capture-autoreleasing -Wno-strict-prototypes -Wno-semicolon-before-method-body @/Users/nam/projects/subgallery/store-assets/DerivedData/Build/Intermediates.noindex/nanopb.build/Release-iphonesimulator/nanopb.build/Objects-normal/arm64/7187679823f38a2a940e0043cdf9d637-common-args.resp -MMD -MT dependencies -MF /Users/nam/projects/subgallery/store-assets/DerivedData/Build/Intermediates.noindex/nanopb.build/Release-iphonesimulator/nanopb.build/Objects-normal/arm64/pb_decode.d --serialize-diagnostics /Users/nam/projects/subgallery/store-assets/DerivedData/Build/Intermediates.noindex/nanopb.build/Release-iphonesimulator/nanopb.build/Objects-normal/arm64/pb_decode.dia -c /Users/nam/projects/subgallery/store-assets/DerivedData/SourcePackages/checkouts/nanopb/pb_decode.c -o /Users/nam/projects/subgallery/store-assets/DerivedData/Build/Intermediates.noindex/nanopb.build/Release-iphonesimulator/nanopb.build/Objects-normal/arm64/pb_decode.o

ScanDependencies /Users/nam/projects/subgallery/store-assets/DerivedData/Build/Intermediates.noindex/nanopb.build/Release-iphonesimulator/nanopb.build/Objects-normal/arm64/resource_bundle_accessor.o /Users/nam/projects/subgallery/store-assets/DerivedData/Build/Intermediates.noindex/nanopb.build/Release-iphonesimulator/nanopb.build/DerivedSources/resource_bundle_accessor.m normal arm64 objective-c com.apple.compilers.llvm.clang.1_0.compiler (in target 'nanopb' from project 'nanopb')
    cd /Users/nam/projects/subgallery/SubGallery.xcodeproj
    
    Using response file: /Users/nam/projects/subgallery/store-assets/DerivedData/Build/Intermediates.noindex/nanopb.build/Release-iphonesimulator/nanopb.build/Objects-normal/arm64/e6072d4f65d7061329687fe24e3d63a7-common-args.resp
    
    builtin-ScanDependencies -o /Users/nam/projects/subgallery/store-assets/DerivedData/Build/Intermediates.noindex/nanopb.build/Release-iphonesimulator/nanopb.build/Objects-normal/arm64/resource_bundle_accessor.o.scan -- /Applications/Xcode.app/Contents/Developer/Toolchains/XcodeDefault.xctoolchain/usr/bin/clang -x objective-c -ivfsstatcache /Users/nam/projects/subgallery/store-assets/DerivedData/SDKStatCaches.noindex/iphonesimulator26.1-23B77-90cf18a4295e390e64c810bc6bd7acbc.sdkstatcache -fmessage-length\=0 -fdiagnostics-show-note-include-stack -fmacro-backtrace-limit\=0 -fno-color-diagnostics -fmodules-prune-interval\=86400 -fmodules-prune-after\=345600 -fbuild-session-file\=/Users/nam/projects/subgallery/store-assets/DerivedData/ModuleCache.noindex/Session.modulevalidation -fmodules-validate-once-per-build-session -Wnon-modular-include-in-framework-module -Werror\=non-modular-include-in-framework-module -Wno-trigraphs -Wno-missing-field-initializers -Wno-missing-prototypes -Wno-return-type -Wno-implicit-atomic-properties -Wno-objc-interface-ivars -Wno-arc-repeated-use-of-weak -Wno-missing-braces -Wparentheses -Wswitch -Wno-unused-function -Wno-unused-label -Wno-unused-parameter -Wno-unused-variable -Wunused-value -Wno-empty-body -Wno-uninitialized -Wno-unknown-pragmas -w -Wno-shadow -Wno-four-char-constants -Wno-conversion -Wno-constant-conversion -Wno-int-conversion -Wno-bool-conversion -Wno-enum-conversion -Wno-float-conversion -Wno-non-literal-null-conversion -Wno-objc-literal-conversion -Wshorten-64-to-32 -Wpointer-sign -Wno-newline-eof -Wno-selector -Wno-strict-selector-match -Wno-undeclared-selector -Wno-deprecated-implementations -Wno-implicit-fallthrough -fstrict-aliasing -Wprotocol -Wdeprecated-declarations -Wno-sign-conversion -Wno-infinite-recursion -Wno-comma -Wno-block-capture-autoreleasing -Wno-strict-prototypes -Wno-semicolon-before-method-body @/Users/nam/projects/subgallery/store-assets/DerivedData/Build/Intermediates.noindex/nanopb.build/Release-iphonesimulator/nanopb.build/Objects-normal/arm64/e6072d4f65d7061329687fe24e3d63a7-common-args.resp -include /Users/nam/projects/subgallery/store-assets/DerivedData/Build/Intermediates.noindex/nanopb.build/Release-iphonesimulator/nanopb.build/DerivedSources/resource_bundle_accessor.h -MMD -MT dependencies -MF /Users/nam/projects/subgallery/store-assets/DerivedData/Build/Intermediates.noindex/nanopb.build/Release-iphonesimulator/nanopb.build/Objects-normal/arm64/resource_bundle_accessor.d --serialize-diagnostics /Users/nam/projects/subgallery/store-assets/DerivedData/Build/Intermediates.noindex/nanopb.build/Release-iphonesimulator/nanopb.build/Objects-normal/arm64/resource_bundle_accessor.dia -c /Users/nam/projects/subgallery/store-assets/DerivedData/Build/Intermediates.noindex/nanopb.build/Release-iphonesimulator/nanopb.build/DerivedSources/resource_bundle_accessor.m -o /Users/nam/projects/subgallery/store-assets/DerivedData/Build/Intermediates.noindex/nanopb.build/Release-iphonesimulator/nanopb.build/Objects-normal/arm64/resource_bundle_accessor.o

ScanDependencies /Users/nam/projects/subgallery/store-assets/DerivedData/Build/Intermediates.noindex/nanopb.build/Release-iphonesimulator/nanopb.build/Objects-normal/arm64/pb_common.o /Users/nam/projects/subgallery/store-assets/DerivedData/SourcePackages/checkouts/nanopb/pb_common.c normal arm64 c com.apple.compilers.llvm.clang.1_0.compiler (in target 'nanopb' from project 'nanopb')
    cd /Users/nam/projects/subgallery/SubGallery.xcodeproj
    
    Using response file: /Users/nam/projects/subgallery/store-assets/DerivedData/Build/Intermediates.noindex/nanopb.build/Release-iphonesimulator/nanopb.build/Objects-normal/arm64/7187679823f38a2a940e0043cdf9d637-common-args.resp
    
    builtin-ScanDependencies -o /Users/nam/projects/subgallery/store-assets/DerivedData/Build/Intermediates.noindex/nanopb.build/Release-iphonesimulator/nanopb.build/Objects-normal/arm64/pb_common.o.scan -- /Applications/Xcode.app/Contents/Developer/Toolchains/XcodeDefault.xctoolchain/usr/bin/clang -x c -ivfsstatcache /Users/nam/projects/subgallery/store-assets/DerivedData/SDKStatCaches.noindex/iphonesimulator26.1-23B77-90cf18a4295e390e64c810bc6bd7acbc.sdkstatcache -fmessage-length\=0 -fdiagnostics-show-note-include-stack -fmacro-backtrace-limit\=0 -fno-color-diagnostics -fmodules-prune-interval\=86400 -fmodules-prune-after\=345600 -fbuild-session-file\=/Users/nam/projects/subgallery/store-assets/DerivedData/ModuleCache.noindex/Session.modulevalidation -fmodules-validate-once-per-build-session -Wnon-modular-include-in-framework-module -Werror\=non-modular-include-in-framework-module -Wno-trigraphs -Wno-missing-field-initializers -Wno-missing-prototypes -Wno-return-type -Wno-missing-braces -Wparentheses -Wswitch -Wno-unused-function -Wno-unused-label -Wno-unused-parameter -Wno-unused-variable -Wunused-value -Wno-empty-body -Wno-uninitialized -Wno-unknown-pragmas -w -Wno-shadow -Wno-four-char-constants -Wno-conversion -Wno-constant-conversion -Wno-int-conversion -Wno-bool-conversion -Wno-enum-conversion -Wno-float-conversion -Wno-non-literal-null-conversion -Wno-objc-literal-conversion -Wshorten-64-to-32 -Wpointer-sign -Wno-newline-eof -Wno-implicit-fallthrough -fstrict-aliasing -Wdeprecated-declarations -Wno-sign-conversion -Wno-infinite-recursion -Wno-comma -Wno-block-capture-autoreleasing -Wno-strict-prototypes -Wno-semicolon-before-method-body @/Users/nam/projects/subgallery/store-assets/DerivedData/Build/Intermediates.noindex/nanopb.build/Release-iphonesimulator/nanopb.build/Objects-normal/arm64/7187679823f38a2a940e0043cdf9d637-common-args.resp -MMD -MT dependencies -MF /Users/nam/projects/subgallery/store-assets/DerivedData/Build/Intermediates.noindex/nanopb.build/Release-iphonesimulator/nanopb.build/Objects-normal/arm64/pb_common.d --serialize-diagnostics /Users/nam/projects/subgallery/store-assets/DerivedData/Build/Intermediates.noindex/nanopb.build/Release-iphonesimulator/nanopb.build/Objects-normal/arm64/pb_common.dia -c /Users/nam/projects/subgallery/store-assets/DerivedData/SourcePackages/checkouts/nanopb/pb_common.c -o /Users/nam/projects/subgallery/store-assets/DerivedData/Build/Intermediates.noindex/nanopb.build/Release-iphonesimulator/nanopb.build/Objects-normal/arm64/pb_common.o

ScanDependencies /Users/nam/projects/subgallery/store-assets/DerivedData/Build/Intermediates.noindex/GoogleUtilities.build/Release-iphonesimulator/GoogleUtilities-UserDefaults.build/Objects-normal/arm64/resource_bundle_accessor.o /Users/nam/projects/subgallery/store-assets/DerivedData/Build/Intermediates.noindex/GoogleUtilities.build/Release-iphonesimulator/GoogleUtilities-UserDefaults.build/DerivedSources/resource_bundle_accessor.m normal arm64 objective-c com.apple.compilers.llvm.clang.1_0.compiler (in target 'GoogleUtilities-UserDefaults' from project 'GoogleUtilities')
    cd /Users/nam/projects/subgallery/SubGallery.xcodeproj
    
    Using response file: /Users/nam/projects/subgallery/store-assets/DerivedData/Build/Intermediates.noindex/GoogleUtilities.build/Release-iphonesimulator/GoogleUtilities-UserDefaults.build/Objects-normal/arm64/e6072d4f65d7061329687fe24e3d63a7-common-args.resp
    
    builtin-ScanDependencies -o /Users/nam/projects/subgallery/store-assets/DerivedData/Build/Intermediates.noindex/GoogleUtilities.build/Release-iphonesimulator/GoogleUtilities-UserDefaults.build/Objects-normal/arm64/resource_bundle_accessor.o.scan -- /Applications/Xcode.app/Contents/Developer/Toolchains/XcodeDefault.xctoolchain/usr/bin/clang -x objective-c -ivfsstatcache /Users/nam/projects/subgallery/store-assets/DerivedData/SDKStatCaches.noindex/iphonesimulator26.1-23B77-90cf18a4295e390e64c810bc6bd7acbc.sdkstatcache -fmessage-length\=0 -fdiagnostics-show-note-include-stack -fmacro-backtrace-limit\=0 -fno-color-diagnostics -fmodules-prune-interval\=86400 -fmodules-prune-after\=345600 -fbuild-session-file\=/Users/nam/projects/subgallery/store-assets/DerivedData/ModuleCache.noindex/Session.modulevalidation -fmodules-validate-once-per-build-session -Wnon-modular-include-in-framework-module -Werror\=non-modular-include-in-framework-module -Wno-trigraphs -Wno-missing-field-initializers -Wno-missing-prototypes -Wno-return-type -Wno-implicit-atomic-properties -Wno-objc-interface-ivars -Wno-arc-repeated-use-of-weak -Wno-missing-braces -Wparentheses -Wswitch -Wno-unused-function -Wno-unused-label -Wno-unused-parameter -Wno-unused-variable -Wunused-value -Wno-empty-body -Wno-uninitialized -Wno-unknown-pragmas -w -Wno-shadow -Wno-four-char-constants -Wno-conversion -Wno-constant-conversion -Wno-int-conversion -Wno-bool-conversion -Wno-enum-conversion -Wno-float-conversion -Wno-non-literal-null-conversion -Wno-objc-literal-conversion -Wshorten-64-to-32 -Wpointer-sign -Wno-newline-eof -Wno-selector -Wno-strict-selector-match -Wno-undeclared-selector -Wno-deprecated-implementations -Wno-implicit-fallthrough -fstrict-aliasing -Wprotocol -Wdeprecated-declarations -Wno-sign-conversion -Wno-infinite-recursion -Wno-comma -Wno-block-capture-autoreleasing -Wno-strict-prototypes -Wno-semicolon-before-method-body @/Users/nam/projects/subgallery/store-assets/DerivedData/Build/Intermediates.noindex/GoogleUtilities.build/Release-iphonesimulator/GoogleUtilities-UserDefaults.build/Objects-normal/arm64/e6072d4f65d7061329687fe24e3d63a7-common-args.resp -include /Users/nam/projects/subgallery/store-assets/DerivedData/Build/Intermediates.noindex/GoogleUtilities.build/Release-iphonesimulator/GoogleUtilities-UserDefaults.build/DerivedSources/resource_bundle_accessor.h -MMD -MT dependencies -MF /Users/nam/projects/subgallery/store-assets/DerivedData/Build/Intermediates.noindex/GoogleUtilities.build/Release-iphonesimulator/GoogleUtilities-UserDefaults.build/Objects-normal/arm64/resource_bundle_accessor.d --serialize-diagnostics /Users/nam/projects/subgallery/store-assets/DerivedData/Build/Intermediates.noindex/GoogleUtilities.build/Release-iphonesimulator/GoogleUtilities-UserDefaults.build/Objects-normal/arm64/resource_bundle_accessor.dia -c /Users/nam/projects/subgallery/store-assets/DerivedData/Build/Intermediates.noindex/GoogleUtilities.build/Release-iphonesimulator/GoogleUtilities-UserDefaults.build/DerivedSources/resource_bundle_accessor.m -o /Users/nam/projects/subgallery/store-assets/DerivedData/Build/Intermediates.noindex/GoogleUtilities.build/Release-iphonesimulator/GoogleUtilities-UserDefaults.build/Objects-normal/arm64/resource_bundle_accessor.o

ScanDependencies /Users/nam/projects/subgallery/store-assets/DerivedData/Build/Intermediates.noindex/GoogleUtilities.build/Release-iphonesimulator/GoogleUtilities-UserDefaults.build/Objects-normal/arm64/GULUserDefaults.o /Users/nam/projects/subgallery/store-assets/DerivedData/SourcePackages/checkouts/GoogleUtilities/GoogleUtilities/UserDefaults/GULUserDefaults.m normal arm64 objective-c com.apple.compilers.llvm.clang.1_0.compiler (in target 'GoogleUtilities-UserDefaults' from project 'GoogleUtilities')
    cd /Users/nam/projects/subgallery/SubGallery.xcodeproj
    
    Using response file: /Users/nam/projects/subgallery/store-assets/DerivedData/Build/Intermediates.noindex/GoogleUtilities.build/Release-iphonesimulator/GoogleUtilities-UserDefaults.build/Objects-normal/arm64/e6072d4f65d7061329687fe24e3d63a7-common-args.resp
    
    builtin-ScanDependencies -o /Users/nam/projects/subgallery/store-assets/DerivedData/Build/Intermediates.noindex/GoogleUtilities.build/Release-iphonesimulator/GoogleUtilities-UserDefaults.build/Objects-normal/arm64/GULUserDefaults.o.scan -- /Applications/Xcode.app/Contents/Developer/Toolchains/XcodeDefault.xctoolchain/usr/bin/clang -x objective-c -ivfsstatcache /Users/nam/projects/subgallery/store-assets/DerivedData/SDKStatCaches.noindex/iphonesimulator26.1-23B77-90cf18a4295e390e64c810bc6bd7acbc.sdkstatcache -fmessage-length\=0 -fdiagnostics-show-note-include-stack -fmacro-backtrace-limit\=0 -fno-color-diagnostics -fmodules-prune-interval\=86400 -fmodules-prune-after\=345600 -fbuild-session-file\=/Users/nam/projects/subgallery/store-assets/DerivedData/ModuleCache.noindex/Session.modulevalidation -fmodules-validate-once-per-build-session -Wnon-modular-include-in-framework-module -Werror\=non-modular-include-in-framework-module -Wno-trigraphs -Wno-missing-field-initializers -Wno-missing-prototypes -Wno-return-type -Wno-implicit-atomic-properties -Wno-objc-interface-ivars -Wno-arc-repeated-use-of-weak -Wno-missing-braces -Wparentheses -Wswitch -Wno-unused-function -Wno-unused-label -Wno-unused-parameter -Wno-unused-variable -Wunused-value -Wno-empty-body -Wno-uninitialized -Wno-unknown-pragmas -w -Wno-shadow -Wno-four-char-constants -Wno-conversion -Wno-constant-conversion -Wno-int-conversion -Wno-bool-conversion -Wno-enum-conversion -Wno-float-conversion -Wno-non-literal-null-conversion -Wno-objc-literal-conversion -Wshorten-64-to-32 -Wpointer-sign -Wno-newline-eof -Wno-selector -Wno-strict-selector-match -Wno-undeclared-selector -Wno-deprecated-implementations -Wno-implicit-fallthrough -fstrict-aliasing -Wprotocol -Wdeprecated-declarations -Wno-sign-conversion -Wno-infinite-recursion -Wno-comma -Wno-block-capture-autoreleasing -Wno-strict-prototypes -Wno-semicolon-before-method-body @/Users/nam/projects/subgallery/store-assets/DerivedData/Build/Intermediates.noindex/GoogleUtilities.build/Release-iphonesimulator/GoogleUtilities-UserDefaults.build/Objects-normal/arm64/e6072d4f65d7061329687fe24e3d63a7-common-args.resp -include /Users/nam/projects/subgallery/store-assets/DerivedData/Build/Intermediates.noindex/GoogleUtilities.build/Release-iphonesimulator/GoogleUtilities-UserDefaults.build/DerivedSources/resource_bundle_accessor.h -MMD -MT dependencies -MF /Users/nam/projects/subgallery/store-assets/DerivedData/Build/Intermediates.noindex/GoogleUtilities.build/Release-iphonesimulator/GoogleUtilities-UserDefaults.build/Objects-normal/arm64/GULUserDefaults.d --serialize-diagnostics /Users/nam/projects/subgallery/store-assets/DerivedData/Build/Intermediates.noindex/GoogleUtilities.build/Release-iphonesimulator/GoogleUtilities-UserDefaults.build/Objects-normal/arm64/GULUserDefaults.dia -c /Users/nam/projects/subgallery/store-assets/DerivedData/SourcePackages/checkouts/GoogleUtilities/GoogleUtilities/UserDefaults/GULUserDefaults.m -o /Users/nam/projects/subgallery/store-assets/DerivedData/Build/Intermediates.noindex/GoogleUtilities.build/Release-iphonesimulator/GoogleUtilities-UserDefaults.build/Objects-normal/arm64/GULUserDefaults.o

ScanDependencies /Users/nam/projects/subgallery/store-assets/DerivedData/Build/Intermediates.noindex/GoogleUtilities.build/Release-iphonesimulator/GoogleUtilities-Reachability.build/Objects-normal/arm64/resource_bundle_accessor.o /Users/nam/projects/subgallery/store-assets/DerivedData/Build/Intermediates.noindex/GoogleUtilities.build/Release-iphonesimulator/GoogleUtilities-Reachability.build/DerivedSources/resource_bundle_accessor.m normal arm64 objective-c com.apple.compilers.llvm.clang.1_0.compiler (in target 'GoogleUtilities-Reachability' from project 'GoogleUtilities')
    cd /Users/nam/projects/subgallery/SubGallery.xcodeproj
    
    Using response file: /Users/nam/projects/subgallery/store-assets/DerivedData/Build/Intermediates.noindex/GoogleUtilities.build/Release-iphonesimulator/GoogleUtilities-Reachability.build/Objects-normal/arm64/e6072d4f65d7061329687fe24e3d63a7-common-args.resp
    
    builtin-ScanDependencies -o /Users/nam/projects/subgallery/store-assets/DerivedData/Build/Intermediates.noindex/GoogleUtilities.build/Release-iphonesimulator/GoogleUtilities-Reachability.build/Objects-normal/arm64/resource_bundle_accessor.o.scan -- /Applications/Xcode.app/Contents/Developer/Toolchains/XcodeDefault.xctoolchain/usr/bin/clang -x objective-c -ivfsstatcache /Users/nam/projects/subgallery/store-assets/DerivedData/SDKStatCaches.noindex/iphonesimulator26.1-23B77-90cf18a4295e390e64c810bc6bd7acbc.sdkstatcache -fmessage-length\=0 -fdiagnostics-show-note-include-stack -fmacro-backtrace-limit\=0 -fno-color-diagnostics -fmodules-prune-interval\=86400 -fmodules-prune-after\=345600 -fbuild-session-file\=/Users/nam/projects/subgallery/store-assets/DerivedData/ModuleCache.noindex/Session.modulevalidation -fmodules-validate-once-per-build-session -Wnon-modular-include-in-framework-module -Werror\=non-modular-include-in-framework-module -Wno-trigraphs -Wno-missing-field-initializers -Wno-missing-prototypes -Wno-return-type -Wno-implicit-atomic-properties -Wno-objc-interface-ivars -Wno-arc-repeated-use-of-weak -Wno-missing-braces -Wparentheses -Wswitch -Wno-unused-function -Wno-unused-label -Wno-unused-parameter -Wno-unused-variable -Wunused-value -Wno-empty-body -Wno-uninitialized -Wno-unknown-pragmas -w -Wno-shadow -Wno-four-char-constants -Wno-conversion -Wno-constant-conversion -Wno-int-conversion -Wno-bool-conversion -Wno-enum-conversion -Wno-float-conversion -Wno-non-literal-null-conversion -Wno-objc-literal-conversion -Wshorten-64-to-32 -Wpointer-sign -Wno-newline-eof -Wno-selector -Wno-strict-selector-match -Wno-undeclared-selector -Wno-deprecated-implementations -Wno-implicit-fallthrough -fstrict-aliasing -Wprotocol -Wdeprecated-declarations -Wno-sign-conversion -Wno-infinite-recursion -Wno-comma -Wno-block-capture-autoreleasing -Wno-strict-prototypes -Wno-semicolon-before-method-body @/Users/nam/projects/subgallery/store-assets/DerivedData/Build/Intermediates.noindex/GoogleUtilities.build/Release-iphonesimulator/GoogleUtilities-Reachability.build/Objects-normal/arm64/e6072d4f65d7061329687fe24e3d63a7-common-args.resp -include /Users/nam/projects/subgallery/store-assets/DerivedData/Build/Intermediates.noindex/GoogleUtilities.build/Release-iphonesimulator/GoogleUtilities-Reachability.build/DerivedSources/resource_bundle_accessor.h -MMD -MT dependencies -MF /Users/nam/projects/subgallery/store-assets/DerivedData/Build/Intermediates.noindex/GoogleUtilities.build/Release-iphonesimulator/GoogleUtilities-Reachability.build/Objects-normal/arm64/resource_bundle_accessor.d --serialize-diagnostics /Users/nam/projects/subgallery/store-assets/DerivedData/Build/Intermediates.noindex/GoogleUtilities.build/Release-iphonesimulator/GoogleUtilities-Reachability.build/Objects-normal/arm64/resource_bundle_accessor.dia -c /Users/nam/projects/subgallery/store-assets/DerivedData/Build/Intermediates.noindex/GoogleUtilities.build/Release-iphonesimulator/GoogleUtilities-Reachability.build/DerivedSources/resource_bundle_accessor.m -o /Users/nam/projects/subgallery/store-assets/DerivedData/Build/Intermediates.noindex/GoogleUtilities.build/Release-iphonesimulator/GoogleUtilities-Reachability.build/Objects-normal/arm64/resource_bundle_accessor.o

ScanDependencies /Users/nam/projects/subgallery/store-assets/DerivedData/Build/Intermediates.noindex/GoogleUtilities.build/Release-iphonesimulator/GoogleUtilities-Reachability.build/Objects-normal/arm64/GULReachabilityChecker.o /Users/nam/projects/subgallery/store-assets/DerivedData/SourcePackages/checkouts/GoogleUtilities/GoogleUtilities/Reachability/GULReachabilityChecker.m normal arm64 objective-c com.apple.compilers.llvm.clang.1_0.compiler (in target 'GoogleUtilities-Reachability' from project 'GoogleUtilities')
    cd /Users/nam/projects/subgallery/SubGallery.xcodeproj
    
    Using response file: /Users/nam/projects/subgallery/store-assets/DerivedData/Build/Intermediates.noindex/GoogleUtilities.build/Release-iphonesimulator/GoogleUtilities-Reachability.build/Objects-normal/arm64/e6072d4f65d7061329687fe24e3d63a7-common-args.resp
    
    builtin-ScanDependencies -o /Users/nam/projects/subgallery/store-assets/DerivedData/Build/Intermediates.noindex/GoogleUtilities.build/Release-iphonesimulator/GoogleUtilities-Reachability.build/Objects-normal/arm64/GULReachabilityChecker.o.scan -- /Applications/Xcode.app/Contents/Developer/Toolchains/XcodeDefault.xctoolchain/usr/bin/clang -x objective-c -ivfsstatcache /Users/nam/projects/subgallery/store-assets/DerivedData/SDKStatCaches.noindex/iphonesimulator26.1-23B77-90cf18a4295e390e64c810bc6bd7acbc.sdkstatcache -fmessage-length\=0 -fdiagnostics-show-note-include-stack -fmacro-backtrace-limit\=0 -fno-color-diagnostics -fmodules-prune-interval\=86400 -fmodules-prune-after\=345600 -fbuild-session-file\=/Users/nam/projects/subgallery/store-assets/DerivedData/ModuleCache.noindex/Session.modulevalidation -fmodules-validate-once-per-build-session -Wnon-modular-include-in-framework-module -Werror\=non-modular-include-in-framework-module -Wno-trigraphs -Wno-missing-field-initializers -Wno-missing-prototypes -Wno-return-type -Wno-implicit-atomic-properties -Wno-objc-interface-ivars -Wno-arc-repeated-use-of-weak -Wno-missing-braces -Wparentheses -Wswitch -Wno-unused-function -Wno-unused-label -Wno-unused-parameter -Wno-unused-variable -Wunused-value -Wno-empty-body -Wno-uninitialized -Wno-unknown-pragmas -w -Wno-shadow -Wno-four-char-constants -Wno-conversion -Wno-constant-conversion -Wno-int-conversion -Wno-bool-conversion -Wno-enum-conversion -Wno-float-conversion -Wno-non-literal-null-conversion -Wno-objc-literal-conversion -Wshorten-64-to-32 -Wpointer-sign -Wno-newline-eof -Wno-selector -Wno-strict-selector-match -Wno-undeclared-selector -Wno-deprecated-implementations -Wno-implicit-fallthrough -fstrict-aliasing -Wprotocol -Wdeprecated-declarations -Wno-sign-conversion -Wno-infinite-recursion -Wno-comma -Wno-block-capture-autoreleasing -Wno-strict-prototypes -Wno-semicolon-before-method-body @/Users/nam/projects/subgallery/store-assets/DerivedData/Build/Intermediates.noindex/GoogleUtilities.build/Release-iphonesimulator/GoogleUtilities-Reachability.build/Objects-normal/arm64/e6072d4f65d7061329687fe24e3d63a7-common-args.resp -include /Users/nam/projects/subgallery/store-assets/DerivedData/Build/Intermediates.noindex/GoogleUtilities.build/Release-iphonesimulator/GoogleUtilities-Reachability.build/DerivedSources/resource_bundle_accessor.h -MMD -MT dependencies -MF /Users/nam/projects/subgallery/store-assets/DerivedData/Build/Intermediates.noindex/GoogleUtilities.build/Release-iphonesimulator/GoogleUtilities-Reachability.build/Objects-normal/arm64/GULReachabilityChecker.d --serialize-diagnostics /Users/nam/projects/subgallery/store-assets/DerivedData/Build/Intermediates.noindex/GoogleUtilities.build/Release-iphonesimulator/GoogleUtilities-Reachability.build/Objects-normal/arm64/GULReachabilityChecker.dia -c /Users/nam/projects/subgallery/store-assets/DerivedData/SourcePackages/checkouts/GoogleUtilities/GoogleUtilities/Reachability/GULReachabilityChecker.m -o /Users/nam/projects/subgallery/store-assets/DerivedData/Build/Intermediates.noindex/GoogleUtilities.build/Release-iphonesimulator/GoogleUtilities-Reachability.build/Objects-normal/arm64/GULReachabilityChecker.o

ScanDependencies /Users/nam/projects/subgallery/store-assets/DerivedData/Build/Intermediates.noindex/GoogleUtilities.build/Release-iphonesimulator/GoogleUtilities-Network.build/Objects-normal/arm64/resource_bundle_accessor.o /Users/nam/projects/subgallery/store-assets/DerivedData/Build/Intermediates.noindex/GoogleUtilities.build/Release-iphonesimulator/GoogleUtilities-Network.build/DerivedSources/resource_bundle_accessor.m normal arm64 objective-c com.apple.compilers.llvm.clang.1_0.compiler (in target 'GoogleUtilities-Network' from project 'GoogleUtilities')
    cd /Users/nam/projects/subgallery/SubGallery.xcodeproj
    
    Using response file: /Users/nam/projects/subgallery/store-assets/DerivedData/Build/Intermediates.noindex/GoogleUtilities.build/Release-iphonesimulator/GoogleUtilities-Network.build/Objects-normal/arm64/e6072d4f65d7061329687fe24e3d63a7-common-args.resp
    
    builtin-ScanDependencies -o /Users/nam/projects/subgallery/store-assets/DerivedData/Build/Intermediates.noindex/GoogleUtilities.build/Release-iphonesimulator/GoogleUtilities-Network.build/Objects-normal/arm64/resource_bundle_accessor.o.scan -- /Applications/Xcode.app/Contents/Developer/Toolchains/XcodeDefault.xctoolchain/usr/bin/clang -x objective-c -ivfsstatcache /Users/nam/projects/subgallery/store-assets/DerivedData/SDKStatCaches.noindex/iphonesimulator26.1-23B77-90cf18a4295e390e64c810bc6bd7acbc.sdkstatcache -fmessage-length\=0 -fdiagnostics-show-note-include-stack -fmacro-backtrace-limit\=0 -fno-color-diagnostics -fmodules-prune-interval\=86400 -fmodules-prune-after\=345600 -fbuild-session-file\=/Users/nam/projects/subgallery/store-assets/DerivedData/ModuleCache.noindex/Session.modulevalidation -fmodules-validate-once-per-build-session -Wnon-modular-include-in-framework-module -Werror\=non-modular-include-in-framework-module -Wno-trigraphs -Wno-missing-field-initializers -Wno-missing-prototypes -Wno-return-type -Wno-implicit-atomic-properties -Wno-objc-interface-ivars -Wno-arc-repeated-use-of-weak -Wno-missing-braces -Wparentheses -Wswitch -Wno-unused-function -Wno-unused-label -Wno-unused-parameter -Wno-unused-variable -Wunused-value -Wno-empty-body -Wno-uninitialized -Wno-unknown-pragmas -w -Wno-shadow -Wno-four-char-constants -Wno-conversion -Wno-constant-conversion -Wno-int-conversion -Wno-bool-conversion -Wno-enum-conversion -Wno-float-conversion -Wno-non-literal-null-conversion -Wno-objc-literal-conversion -Wshorten-64-to-32 -Wpointer-sign -Wno-newline-eof -Wno-selector -Wno-strict-selector-match -Wno-undeclared-selector -Wno-deprecated-implementations -Wno-implicit-fallthrough -fstrict-aliasing -Wprotocol -Wdeprecated-declarations -Wno-sign-conversion -Wno-infinite-recursion -Wno-comma -Wno-block-capture-autoreleasing -Wno-strict-prototypes -Wno-semicolon-before-method-body @/Users/nam/projects/subgallery/store-assets/DerivedData/Build/Intermediates.noindex/GoogleUtilities.build/Release-iphonesimulator/GoogleUtilities-Network.build/Objects-normal/arm64/e6072d4f65d7061329687fe24e3d63a7-common-args.resp -include /Users/nam/projects/subgallery/store-assets/DerivedData/Build/Intermediates.noindex/GoogleUtilities.build/Release-iphonesimulator/GoogleUtilities-Network.build/DerivedSources/resource_bundle_accessor.h -MMD -MT dependencies -MF /Users/nam/projects/subgallery/store-assets/DerivedData/Build/Intermediates.noindex/GoogleUtilities.build/Release-iphonesimulator/GoogleUtilities-Network.build/Objects-normal/arm64/resource_bundle_accessor.d --serialize-diagnostics /Users/nam/projects/subgallery/store-assets/DerivedData/Build/Intermediates.noindex/GoogleUtilities.build/Release-iphonesimulator/GoogleUtilities-Network.build/Objects-normal/arm64/resource_bundle_accessor.dia -c /Users/nam/projects/subgallery/store-assets/DerivedData/Build/Intermediates.noindex/GoogleUtilities.build/Release-iphonesimulator/GoogleUtilities-Network.build/DerivedSources/resource_bundle_accessor.m -o /Users/nam/projects/subgallery/store-assets/DerivedData/Build/Intermediates.noindex/GoogleUtilities.build/Release-iphonesimulator/GoogleUtilities-Network.build/Objects-normal/arm64/resource_bundle_accessor.o

SwiftDriver FirebaseCoreInternal normal arm64 com.apple.xcode.tools.swift.compiler (in target 'FirebaseCoreInternal' from project 'Firebase')
    cd /Users/nam/projects/subgallery/SubGallery.xcodeproj
    builtin-SwiftDriver -- /Applications/Xcode.app/Contents/Developer/Toolchains/XcodeDefault.xctoolchain/usr/bin/swiftc -module-name FirebaseCoreInternal -O -whole-module-optimization -enforce-exclusivity\=checked @/Users/nam/projects/subgallery/store-assets/DerivedData/Build/Intermediates.noindex/Firebase.build/Release-iphonesimulator/FirebaseCoreInternal.build/Objects-normal/arm64/FirebaseCoreInternal.SwiftFileList -DSWIFT_PACKAGE -DSWIFT_MODULE_RESOURCE_BUNDLE_AVAILABLE -DSTORE_SCREENSHOTS -Xcc -fmodule-map-file\=/Users/nam/projects/subgallery/store-assets/DerivedData/Build/Intermediates.noindex/GeneratedModuleMaps-iphonesimulator/GoogleUtilities-NSData.modulemap -DXcode -plugin-path /Applications/Xcode.app/Contents/Developer/Toolchains/XcodeDefault.xctoolchain/usr/lib/swift/host/plugins/testing -enable-experimental-feature DebugDescriptionMacro -sdk /Applications/Xcode.app/Contents/Developer/Platforms/iPhoneSimulator.platform/Developer/SDKs/iPhoneSimulator26.1.sdk -target arm64-apple-ios15.0-simulator -g -module-cache-path /Users/nam/projects/subgallery/store-assets/DerivedData/ModuleCache.noindex -Xfrontend -serialize-debugging-options -suppress-warnings -swift-version 6 -I /Users/nam/projects/subgallery/store-assets/DerivedData/Build/Products/Release-iphonesimulator -Isystem /Applications/Xcode.app/Contents/Developer/Platforms/iPhoneSimulator.platform/Developer/usr/lib -F /Users/nam/projects/subgallery/store-assets/DerivedData/Build/Products/Release-iphonesimulator/PackageFrameworks -F /Users/nam/projects/subgallery/store-assets/DerivedData/Build/Products/Release-iphonesimulator -F /Applications/Xcode.app/Contents/Developer/Platforms/iPhoneSimulator.platform/Developer/Library/Frameworks -F /Applications/Xcode.app/Contents/Developer/Platforms/iPhoneSimulator.platform/Developer/SDKs/iPhoneSimulator26.1.sdk/Developer/Library/Frameworks -c -num-threads 10 -Xcc -ivfsstatcache -Xcc /Users/nam/projects/subgallery/store-assets/DerivedData/SDKStatCaches.noindex/iphonesimulator26.1-23B77-90cf18a4295e390e64c810bc6bd7acbc.sdkstatcache -output-file-map /Users/nam/projects/subgallery/store-assets/DerivedData/Build/Intermediates.noindex/Firebase.build/Release-iphonesimulator/FirebaseCoreInternal.build/Objects-normal/arm64/FirebaseCoreInternal-OutputFileMap.json -use-frontend-parseable-output -save-temps -no-color-diagnostics -explicit-module-build -module-cache-path /Users/nam/projects/subgallery/store-assets/DerivedData/Build/Intermediates.noindex/SwiftExplicitPrecompiledModules -clang-scanner-module-cache-path /Users/nam/projects/subgallery/store-assets/DerivedData/ModuleCache.noindex -sdk-module-cache-path /Users/nam/projects/subgallery/store-assets/DerivedData/ModuleCache.noindex -serialize-diagnostics -emit-dependencies -emit-module -emit-module-path /Users/nam/projects/subgallery/store-assets/DerivedData/Build/Intermediates.noindex/Firebase.build/Release-iphonesimulator/FirebaseCoreInternal.build/Objects-normal/arm64/FirebaseCoreInternal.swiftmodule -user-module-version 12.14.0 -validate-clang-modules-once -clang-build-session-file /Users/nam/projects/subgallery/store-assets/DerivedData/ModuleCache.noindex/Session.modulevalidation -package-name firebase_ios_sdk -Xcc -I/Users/nam/projects/subgallery/store-assets/DerivedData/Build/Intermediates.noindex/Firebase.build/Release-iphonesimulator/FirebaseCoreInternal.build/swift-overrides.hmap -emit-const-values -Xfrontend -const-gather-protocols-file -Xfrontend /Users/nam/projects/subgallery/store-assets/DerivedData/Build/Intermediates.noindex/Firebase.build/Release-iphonesimulator/FirebaseCoreInternal.build/Objects-normal/arm64/FirebaseCoreInternal_const_extract_protocols.json -Xcc -I/Users/nam/projects/subgallery/store-assets/DerivedData/SourcePackages/checkouts/GoogleUtilities/GoogleUtilities/NSData+zlib/Public -Xcc -I/Users/nam/projects/subgallery/store-assets/DerivedData/Build/Products/Release-iphonesimulator/include -Xcc -I/Users/nam/projects/subgallery/store-assets/DerivedData/Build/Intermediates.noindex/Firebase.build/Release-iphonesimulator/FirebaseCoreInternal.build/DerivedSources-normal/arm64 -Xcc -I/Users/nam/projects/subgallery/store-assets/DerivedData/Build/Intermediates.noindex/Firebase.build/Release-iphonesimulator/FirebaseCoreInternal.build/DerivedSources/arm64 -Xcc -I/Users/nam/projects/subgallery/store-assets/DerivedData/Build/Intermediates.noindex/Firebase.build/Release-iphonesimulator/FirebaseCoreInternal.build/DerivedSources -Xcc -DSWIFT_PACKAGE -emit-objc-header -emit-objc-header-path /Users/nam/projects/subgallery/store-assets/DerivedData/Build/Intermediates.noindex/Firebase.build/Release-iphonesimulator/FirebaseCoreInternal.build/Objects-normal/arm64/FirebaseCoreInternal-Swift.h -working-directory /Users/nam/projects/subgallery/SubGallery.xcodeproj -no-emit-module-separately-wmo

ScanDependencies /Users/nam/projects/subgallery/store-assets/DerivedData/Build/Intermediates.noindex/GoogleUtilities.build/Release-iphonesimulator/GoogleUtilities-Network.build/Objects-normal/arm64/GULNetworkURLSession.o /Users/nam/projects/subgallery/store-assets/DerivedData/SourcePackages/checkouts/GoogleUtilities/GoogleUtilities/Network/GULNetworkURLSession.m normal arm64 objective-c com.apple.compilers.llvm.clang.1_0.compiler (in target 'GoogleUtilities-Network' from project 'GoogleUtilities')
    cd /Users/nam/projects/subgallery/SubGallery.xcodeproj
    
    Using response file: /Users/nam/projects/subgallery/store-assets/DerivedData/Build/Intermediates.noindex/GoogleUtilities.build/Release-iphonesimulator/GoogleUtilities-Network.build/Objects-normal/arm64/e6072d4f65d7061329687fe24e3d63a7-common-args.resp
    
    builtin-ScanDependencies -o /Users/nam/projects/subgallery/store-assets/DerivedData/Build/Intermediates.noindex/GoogleUtilities.build/Release-iphonesimulator/GoogleUtilities-Network.build/Objects-normal/arm64/GULNetworkURLSession.o.scan -- /Applications/Xcode.app/Contents/Developer/Toolchains/XcodeDefault.xctoolchain/usr/bin/clang -x objective-c -ivfsstatcache /Users/nam/projects/subgallery/store-assets/DerivedData/SDKStatCaches.noindex/iphonesimulator26.1-23B77-90cf18a4295e390e64c810bc6bd7acbc.sdkstatcache -fmessage-length\=0 -fdiagnostics-show-note-include-stack -fmacro-backtrace-limit\=0 -fno-color-diagnostics -fmodules-prune-interval\=86400 -fmodules-prune-after\=345600 -fbuild-session-file\=/Users/nam/projects/subgallery/store-assets/DerivedData/ModuleCache.noindex/Session.modulevalidation -fmodules-validate-once-per-build-session -Wnon-modular-include-in-framework-module -Werror\=non-modular-include-in-framework-module -Wno-trigraphs -Wno-missing-field-initializers -Wno-missing-prototypes -Wno-return-type -Wno-implicit-atomic-properties -Wno-objc-interface-ivars -Wno-arc-repeated-use-of-weak -Wno-missing-braces -Wparentheses -Wswitch -Wno-unused-function -Wno-unused-label -Wno-unused-parameter -Wno-unused-variable -Wunused-value -Wno-empty-body -Wno-uninitialized -Wno-unknown-pragmas -w -Wno-shadow -Wno-four-char-constants -Wno-conversion -Wno-constant-conversion -Wno-int-conversion -Wno-bool-conversion -Wno-enum-conversion -Wno-float-conversion -Wno-non-literal-null-conversion -Wno-objc-literal-conversion -Wshorten-64-to-32 -Wpointer-sign -Wno-newline-eof -Wno-selector -Wno-strict-selector-match -Wno-undeclared-selector -Wno-deprecated-implementations -Wno-implicit-fallthrough -fstrict-aliasing -Wprotocol -Wdeprecated-declarations -Wno-sign-conversion -Wno-infinite-recursion -Wno-comma -Wno-block-capture-autoreleasing -Wno-strict-prototypes -Wno-semicolon-before-method-body @/Users/nam/projects/subgallery/store-assets/DerivedData/Build/Intermediates.noindex/GoogleUtilities.build/Release-iphonesimulator/GoogleUtilities-Network.build/Objects-normal/arm64/e6072d4f65d7061329687fe24e3d63a7-common-args.resp -include /Users/nam/projects/subgallery/store-assets/DerivedData/Build/Intermediates.noindex/GoogleUtilities.build/Release-iphonesimulator/GoogleUtilities-Network.build/DerivedSources/resource_bundle_accessor.h -MMD -MT dependencies -MF /Users/nam/projects/subgallery/store-assets/DerivedData/Build/Intermediates.noindex/GoogleUtilities.build/Release-iphonesimulator/GoogleUtilities-Network.build/Objects-normal/arm64/GULNetworkURLSession.d --serialize-diagnostics /Users/nam/projects/subgallery/store-assets/DerivedData/Build/Intermediates.noindex/GoogleUtilities.build/Release-iphonesimulator/GoogleUtilities-Network.build/Objects-normal/arm64/GULNetworkURLSession.dia -c /Users/nam/projects/subgallery/store-assets/DerivedData/SourcePackages/checkouts/GoogleUtilities/GoogleUtilities/Network/GULNetworkURLSession.m -o /Users/nam/projects/subgallery/store-assets/DerivedData/Build/Intermediates.noindex/GoogleUtilities.build/Release-iphonesimulator/GoogleUtilities-Network.build/Objects-normal/arm64/GULNetworkURLSession.o

ScanDependencies /Users/nam/projects/subgallery/store-assets/DerivedData/Build/Intermediates.noindex/GoogleUtilities.build/Release-iphonesimulator/GoogleUtilities-Network.build/Objects-normal/arm64/GULNetworkConstants.o /Users/nam/projects/subgallery/store-assets/DerivedData/SourcePackages/checkouts/GoogleUtilities/GoogleUtilities/Network/GULNetworkConstants.m normal arm64 objective-c com.apple.compilers.llvm.clang.1_0.compiler (in target 'GoogleUtilities-Network' from project 'GoogleUtilities')
    cd /Users/nam/projects/subgallery/SubGallery.xcodeproj
    
    Using response file: /Users/nam/projects/subgallery/store-assets/DerivedData/Build/Intermediates.noindex/GoogleUtilities.build/Release-iphonesimulator/GoogleUtilities-Network.build/Objects-normal/arm64/e6072d4f65d7061329687fe24e3d63a7-common-args.resp
    
    builtin-ScanDependencies -o /Users/nam/projects/subgallery/store-assets/DerivedData/Build/Intermediates.noindex/GoogleUtilities.build/Release-iphonesimulator/GoogleUtilities-Network.build/Objects-normal/arm64/GULNetworkConstants.o.scan -- /Applications/Xcode.app/Contents/Developer/Toolchains/XcodeDefault.xctoolchain/usr/bin/clang -x objective-c -ivfsstatcache /Users/nam/projects/subgallery/store-assets/DerivedData/SDKStatCaches.noindex/iphonesimulator26.1-23B77-90cf18a4295e390e64c810bc6bd7acbc.sdkstatcache -fmessage-length\=0 -fdiagnostics-show-note-include-stack -fmacro-backtrace-limit\=0 -fno-color-diagnostics -fmodules-prune-interval\=86400 -fmodules-prune-after\=345600 -fbuild-session-file\=/Users/nam/projects/subgallery/store-assets/DerivedData/ModuleCache.noindex/Session.modulevalidation -fmodules-validate-once-per-build-session -Wnon-modular-include-in-framework-module -Werror\=non-modular-include-in-framework-module -Wno-trigraphs -Wno-missing-field-initializers -Wno-missing-prototypes -Wno-return-type -Wno-implicit-atomic-properties -Wno-objc-interface-ivars -Wno-arc-repeated-use-of-weak -Wno-missing-braces -Wparentheses -Wswitch -Wno-unused-function -Wno-unused-label -Wno-unused-parameter -Wno-unused-variable -Wunused-value -Wno-empty-body -Wno-uninitialized -Wno-unknown-pragmas -w -Wno-shadow -Wno-four-char-constants -Wno-conversion -Wno-constant-conversion -Wno-int-conversion -Wno-bool-conversion -Wno-enum-conversion -Wno-float-conversion -Wno-non-literal-null-conversion -Wno-objc-literal-conversion -Wshorten-64-to-32 -Wpointer-sign -Wno-newline-eof -Wno-selector -Wno-strict-selector-match -Wno-undeclared-selector -Wno-deprecated-implementations -Wno-implicit-fallthrough -fstrict-aliasing -Wprotocol -Wdeprecated-declarations -Wno-sign-conversion -Wno-infinite-recursion -Wno-comma -Wno-block-capture-autoreleasing -Wno-strict-prototypes -Wno-semicolon-before-method-body @/Users/nam/projects/subgallery/store-assets/DerivedData/Build/Intermediates.noindex/GoogleUtilities.build/Release-iphonesimulator/GoogleUtilities-Network.build/Objects-normal/arm64/e6072d4f65d7061329687fe24e3d63a7-common-args.resp -include /Users/nam/projects/subgallery/store-assets/DerivedData/Build/Intermediates.noindex/GoogleUtilities.build/Release-iphonesimulator/GoogleUtilities-Network.build/DerivedSources/resource_bundle_accessor.h -MMD -MT dependencies -MF /Users/nam/projects/subgallery/store-assets/DerivedData/Build/Intermediates.noindex/GoogleUtilities.build/Release-iphonesimulator/GoogleUtilities-Network.build/Objects-normal/arm64/GULNetworkConstants.d --serialize-diagnostics /Users/nam/projects/subgallery/store-assets/DerivedData/Build/Intermediates.noindex/GoogleUtilities.build/Release-iphonesimulator/GoogleUtilities-Network.build/Objects-normal/arm64/GULNetworkConstants.dia -c /Users/nam/projects/subgallery/store-assets/DerivedData/SourcePackages/checkouts/GoogleUtilities/GoogleUtilities/Network/GULNetworkConstants.m -o /Users/nam/projects/subgallery/store-assets/DerivedData/Build/Intermediates.noindex/GoogleUtilities.build/Release-iphonesimulator/GoogleUtilities-Network.build/Objects-normal/arm64/GULNetworkConstants.o

PrecompileModule /Users/nam/projects/subgallery/store-assets/DerivedData/Build/Intermediates.noindex/ExplicitPrecompiledModules/_Builtin_stddef-568WUFSGA8GQV3O0TY4PGOFAR.scan
    cd /
    builtin-precompileModule /Users/nam/projects/subgallery/store-assets/DerivedData/Build/Intermediates.noindex/ExplicitPrecompiledModules/_Builtin_stddef-568WUFSGA8GQV3O0TY4PGOFAR.scan

PrecompileModule /Users/nam/projects/subgallery/store-assets/DerivedData/Build/Intermediates.noindex/ExplicitPrecompiledModules/_Builtin_stddef-A2Z9GFHA2Z1S6O7F08EU7H9MD.scan
    cd /
    builtin-precompileModule /Users/nam/projects/subgallery/store-assets/DerivedData/Build/Intermediates.noindex/ExplicitPrecompiledModules/_Builtin_stddef-A2Z9GFHA2Z1S6O7F08EU7H9MD.scan

PrecompileModule /Users/nam/projects/subgallery/store-assets/DerivedData/Build/Intermediates.noindex/ExplicitPrecompiledModules/_Builtin_stdarg-32KEOEV4VYSTX6LAX0UE013QJ.scan
    cd /
    builtin-precompileModule /Users/nam/projects/subgallery/store-assets/DerivedData/Build/Intermediates.noindex/ExplicitPrecompiledModules/_Builtin_stdarg-32KEOEV4VYSTX6LAX0UE013QJ.scan

PrecompileModule /Users/nam/projects/subgallery/store-assets/DerivedData/Build/Intermediates.noindex/ExplicitPrecompiledModules/_AvailabilityInternal-C6XNQYHBIQ4WC4DCI7J8QSVKN.scan
    cd /
    builtin-precompileModule /Users/nam/projects/subgallery/store-assets/DerivedData/Build/Intermediates.noindex/ExplicitPrecompiledModules/_AvailabilityInternal-C6XNQYHBIQ4WC4DCI7J8QSVKN.scan

PrecompileModule /Users/nam/projects/subgallery/store-assets/DerivedData/Build/Intermediates.noindex/ExplicitPrecompiledModules/_AvailabilityInternal-DAEBLZXD0PQKJJ0UDY1QZWQ4J.scan
    cd /
    builtin-precompileModule /Users/nam/projects/subgallery/store-assets/DerivedData/Build/Intermediates.noindex/ExplicitPrecompiledModules/_AvailabilityInternal-DAEBLZXD0PQKJJ0UDY1QZWQ4J.scan

PrecompileModule /Users/nam/projects/subgallery/store-assets/DerivedData/Build/Intermediates.noindex/ExplicitPrecompiledModules/ptrcheck-9TS5HL44VCHYI5L9IVE94SROS.scan
    cd /
    builtin-precompileModule /Users/nam/projects/subgallery/store-assets/DerivedData/Build/Intermediates.noindex/ExplicitPrecompiledModules/ptrcheck-9TS5HL44VCHYI5L9IVE94SROS.scan

PrecompileModule /Users/nam/projects/subgallery/store-assets/DerivedData/Build/Intermediates.noindex/ExplicitPrecompiledModules/_Builtin_float-4E6Y5A9BMCM579JZ4KAC10XFB.scan
    cd /
    builtin-precompileModule /Users/nam/projects/subgallery/store-assets/DerivedData/Build/Intermediates.noindex/ExplicitPrecompiledModules/_Builtin_float-4E6Y5A9BMCM579JZ4KAC10XFB.scan

PrecompileModule /Users/nam/projects/subgallery/store-assets/DerivedData/Build/Intermediates.noindex/ExplicitPrecompiledModules/ptrcheck-4YKSB4ZZLOLID46P8WW7P8UGH.scan
    cd /
    builtin-precompileModule /Users/nam/projects/subgallery/store-assets/DerivedData/Build/Intermediates.noindex/ExplicitPrecompiledModules/ptrcheck-4YKSB4ZZLOLID46P8WW7P8UGH.scan

PrecompileModule /Users/nam/projects/subgallery/store-assets/DerivedData/Build/Intermediates.noindex/ExplicitPrecompiledModules/ptrauth-AX6DKQPVN8SOG0DTJ0WY8Y6AY.scan
    cd /
    builtin-precompileModule /Users/nam/projects/subgallery/store-assets/DerivedData/Build/Intermediates.noindex/ExplicitPrecompiledModules/ptrauth-AX6DKQPVN8SOG0DTJ0WY8Y6AY.scan

PrecompileModule /Users/nam/projects/subgallery/store-assets/DerivedData/Build/Intermediates.noindex/ExplicitPrecompiledModules/_Builtin_stdbool-4BR1XQUT2S7KHF7ARRV6M6UB5.scan
    cd /
    builtin-precompileModule /Users/nam/projects/subgallery/store-assets/DerivedData/Build/Intermediates.noindex/ExplicitPrecompiledModules/_Builtin_stdbool-4BR1XQUT2S7KHF7ARRV6M6UB5.scan

PrecompileModule /Users/nam/projects/subgallery/store-assets/DerivedData/Build/Intermediates.noindex/ExplicitPrecompiledModules/_Builtin_stdbool-C5NPQZECRM2UH9UO7OD9DNS4C.scan
    cd /
    builtin-precompileModule /Users/nam/projects/subgallery/store-assets/DerivedData/Build/Intermediates.noindex/ExplicitPrecompiledModules/_Builtin_stdbool-C5NPQZECRM2UH9UO7OD9DNS4C.scan

PrecompileModule /Users/nam/projects/subgallery/store-assets/DerivedData/Build/Intermediates.noindex/ExplicitPrecompiledModules/_Builtin_stdbool-74GR4G3IPPCLJGSMHJDBJ3XNX.scan
    cd /
    builtin-precompileModule /Users/nam/projects/subgallery/store-assets/DerivedData/Build/Intermediates.noindex/ExplicitPrecompiledModules/_Builtin_stdbool-74GR4G3IPPCLJGSMHJDBJ3XNX.scan

PrecompileModule /Users/nam/projects/subgallery/store-assets/DerivedData/Build/Intermediates.noindex/ExplicitPrecompiledModules/_Builtin_stdarg-CUKRCXE773QP5VCU9QEFYLMBH.scan
    cd /
    builtin-precompileModule /Users/nam/projects/subgallery/store-assets/DerivedData/Build/Intermediates.noindex/ExplicitPrecompiledModules/_Builtin_stdarg-CUKRCXE773QP5VCU9QEFYLMBH.scan

PrecompileModule /Users/nam/projects/subgallery/store-assets/DerivedData/Build/Intermediates.noindex/ExplicitPrecompiledModules/_Builtin_float-1J0J573N1KB6ZAS8OMSC8PPW0.scan
    cd /
    builtin-precompileModule /Users/nam/projects/subgallery/store-assets/DerivedData/Build/Intermediates.noindex/ExplicitPrecompiledModules/_Builtin_float-1J0J573N1KB6ZAS8OMSC8PPW0.scan

PrecompileModule /Users/nam/projects/subgallery/store-assets/DerivedData/Build/Intermediates.noindex/ExplicitPrecompiledModules/ptrcheck-6K2NUBJFZMLR2PKR0TJEZZDWV.scan
    cd /
    builtin-precompileModule /Users/nam/projects/subgallery/store-assets/DerivedData/Build/Intermediates.noindex/ExplicitPrecompiledModules/ptrcheck-6K2NUBJFZMLR2PKR0TJEZZDWV.scan

PrecompileModule /Users/nam/projects/subgallery/store-assets/DerivedData/Build/Intermediates.noindex/ExplicitPrecompiledModules/_Builtin_stddef-9VA6YEK5NGVUVBSWEULWR3ZM5.scan
    cd /
    builtin-precompileModule /Users/nam/projects/subgallery/store-assets/DerivedData/Build/Intermediates.noindex/ExplicitPrecompiledModules/_Builtin_stddef-9VA6YEK5NGVUVBSWEULWR3ZM5.scan

PrecompileModule /Users/nam/projects/subgallery/store-assets/DerivedData/Build/Intermediates.noindex/ExplicitPrecompiledModules/_AvailabilityInternal-A7TKGHJ50EW9G1TUELW791JRO.scan
    cd /
    builtin-precompileModule /Users/nam/projects/subgallery/store-assets/DerivedData/Build/Intermediates.noindex/ExplicitPrecompiledModules/_AvailabilityInternal-A7TKGHJ50EW9G1TUELW791JRO.scan

PrecompileModule /Users/nam/projects/subgallery/store-assets/DerivedData/Build/Intermediates.noindex/ExplicitPrecompiledModules/_Builtin_stdarg-CLFN0C9V88FCIMZ7KWFSNF675.scan
    cd /
    builtin-precompileModule /Users/nam/projects/subgallery/store-assets/DerivedData/Build/Intermediates.noindex/ExplicitPrecompiledModules/_Builtin_stdarg-CLFN0C9V88FCIMZ7KWFSNF675.scan

PrecompileModule /Users/nam/projects/subgallery/store-assets/DerivedData/Build/Intermediates.noindex/ExplicitPrecompiledModules/_DarwinFoundation1-DM9E2YSCKJ7OB7D8DYWB6PGW5.scan
    cd /
    builtin-precompileModule /Users/nam/projects/subgallery/store-assets/DerivedData/Build/Intermediates.noindex/ExplicitPrecompiledModules/_DarwinFoundation1-DM9E2YSCKJ7OB7D8DYWB6PGW5.scan

PrecompileModule /Users/nam/projects/subgallery/store-assets/DerivedData/Build/Intermediates.noindex/ExplicitPrecompiledModules/_DarwinFoundation1-CDZCV8MZ429RC6K78AOEZKQZF.scan
    cd /
    builtin-precompileModule /Users/nam/projects/subgallery/store-assets/DerivedData/Build/Intermediates.noindex/ExplicitPrecompiledModules/_DarwinFoundation1-CDZCV8MZ429RC6K78AOEZKQZF.scan

PrecompileModule /Users/nam/projects/subgallery/store-assets/DerivedData/Build/Intermediates.noindex/ExplicitPrecompiledModules/ptrauth-8G98G5JOMRGVRMM4IMEEYPFXP.scan
    cd /
    builtin-precompileModule /Users/nam/projects/subgallery/store-assets/DerivedData/Build/Intermediates.noindex/ExplicitPrecompiledModules/ptrauth-8G98G5JOMRGVRMM4IMEEYPFXP.scan

ScanDependencies /Users/nam/projects/subgallery/store-assets/DerivedData/Build/Intermediates.noindex/GoogleUtilities.build/Release-iphonesimulator/GoogleUtilities-Network.build/Objects-normal/arm64/GULNetwork.o /Users/nam/projects/subgallery/store-assets/DerivedData/SourcePackages/checkouts/GoogleUtilities/GoogleUtilities/Network/GULNetwork.m normal arm64 objective-c com.apple.compilers.llvm.clang.1_0.compiler (in target 'GoogleUtilities-Network' from project 'GoogleUtilities')
    cd /Users/nam/projects/subgallery/SubGallery.xcodeproj
    
    Using response file: /Users/nam/projects/subgallery/store-assets/DerivedData/Build/Intermediates.noindex/GoogleUtilities.build/Release-iphonesimulator/GoogleUtilities-Network.build/Objects-normal/arm64/e6072d4f65d7061329687fe24e3d63a7-common-args.resp
    
    builtin-ScanDependencies -o /Users/nam/projects/subgallery/store-assets/DerivedData/Build/Intermediates.noindex/GoogleUtilities.build/Release-iphonesimulator/GoogleUtilities-Network.build/Objects-normal/arm64/GULNetwork.o.scan -- /Applications/Xcode.app/Contents/Developer/Toolchains/XcodeDefault.xctoolchain/usr/bin/clang -x objective-c -ivfsstatcache /Users/nam/projects/subgallery/store-assets/DerivedData/SDKStatCaches.noindex/iphonesimulator26.1-23B77-90cf18a4295e390e64c810bc6bd7acbc.sdkstatcache -fmessage-length\=0 -fdiagnostics-show-note-include-stack -fmacro-backtrace-limit\=0 -fno-color-diagnostics -fmodules-prune-interval\=86400 -fmodules-prune-after\=345600 -fbuild-session-file\=/Users/nam/projects/subgallery/store-assets/DerivedData/ModuleCache.noindex/Session.modulevalidation -fmodules-validate-once-per-build-session -Wnon-modular-include-in-framework-module -Werror\=non-modular-include-in-framework-module -Wno-trigraphs -Wno-missing-field-initializers -Wno-missing-prototypes -Wno-return-type -Wno-implicit-atomic-properties -Wno-objc-interface-ivars -Wno-arc-repeated-use-of-weak -Wno-missing-braces -Wparentheses -Wswitch -Wno-unused-function -Wno-unused-label -Wno-unused-parameter -Wno-unused-variable -Wunused-value -Wno-empty-body -Wno-uninitialized -Wno-unknown-pragmas -w -Wno-shadow -Wno-four-char-constants -Wno-conversion -Wno-constant-conversion -Wno-int-conversion -Wno-bool-conversion -Wno-enum-conversion -Wno-float-conversion -Wno-non-literal-null-conversion -Wno-objc-literal-conversion -Wshorten-64-to-32 -Wpointer-sign -Wno-newline-eof -Wno-selector -Wno-strict-selector-match -Wno-undeclared-selector -Wno-deprecated-implementations -Wno-implicit-fallthrough -fstrict-aliasing -Wprotocol -Wdeprecated-declarations -Wno-sign-conversion -Wno-infinite-recursion -Wno-comma -Wno-block-capture-autoreleasing -Wno-strict-prototypes -Wno-semicolon-before-method-body @/Users/nam/projects/subgallery/store-assets/DerivedData/Build/Intermediates.noindex/GoogleUtilities.build/Release-iphonesimulator/GoogleUtilities-Network.build/Objects-normal/arm64/e6072d4f65d7061329687fe24e3d63a7-common-args.resp -include /Users/nam/projects/subgallery/store-assets/DerivedData/Build/Intermediates.noindex/GoogleUtilities.build/Release-iphonesimulator/GoogleUtilities-Network.build/DerivedSources/resource_bundle_accessor.h -MMD -MT dependencies -MF /Users/nam/projects/subgallery/store-assets/DerivedData/Build/Intermediates.noindex/GoogleUtilities.build/Release-iphonesimulator/GoogleUtilities-Network.build/Objects-normal/arm64/GULNetwork.d --serialize-diagnostics /Users/nam/projects/subgallery/store-assets/DerivedData/Build/Intermediates.noindex/GoogleUtilities.build/Release-iphonesimulator/GoogleUtilities-Network.build/Objects-normal/arm64/GULNetwork.dia -c /Users/nam/projects/subgallery/store-assets/DerivedData/SourcePackages/checkouts/GoogleUtilities/GoogleUtilities/Network/GULNetwork.m -o /Users/nam/projects/subgallery/store-assets/DerivedData/Build/Intermediates.noindex/GoogleUtilities.build/Release-iphonesimulator/GoogleUtilities-Network.build/Objects-normal/arm64/GULNetwork.o

ScanDependencies /Users/nam/projects/subgallery/store-assets/DerivedData/Build/Intermediates.noindex/GoogleUtilities.build/Release-iphonesimulator/GoogleUtilities-Network.build/Objects-normal/arm64/GULMutableDictionary.o /Users/nam/projects/subgallery/store-assets/DerivedData/SourcePackages/checkouts/GoogleUtilities/GoogleUtilities/Network/GULMutableDictionary.m normal arm64 objective-c com.apple.compilers.llvm.clang.1_0.compiler (in target 'GoogleUtilities-Network' from project 'GoogleUtilities')
    cd /Users/nam/projects/subgallery/SubGallery.xcodeproj
    
    Using response file: /Users/nam/projects/subgallery/store-assets/DerivedData/Build/Intermediates.noindex/GoogleUtilities.build/Release-iphonesimulator/GoogleUtilities-Network.build/Objects-normal/arm64/e6072d4f65d7061329687fe24e3d63a7-common-args.resp
    
    builtin-ScanDependencies -o /Users/nam/projects/subgallery/store-assets/DerivedData/Build/Intermediates.noindex/GoogleUtilities.build/Release-iphonesimulator/GoogleUtilities-Network.build/Objects-normal/arm64/GULMutableDictionary.o.scan -- /Applications/Xcode.app/Contents/Developer/Toolchains/XcodeDefault.xctoolchain/usr/bin/clang -x objective-c -ivfsstatcache /Users/nam/projects/subgallery/store-assets/DerivedData/SDKStatCaches.noindex/iphonesimulator26.1-23B77-90cf18a4295e390e64c810bc6bd7acbc.sdkstatcache -fmessage-length\=0 -fdiagnostics-show-note-include-stack -fmacro-backtrace-limit\=0 -fno-color-diagnostics -fmodules-prune-interval\=86400 -fmodules-prune-after\=345600 -fbuild-session-file\=/Users/nam/projects/subgallery/store-assets/DerivedData/ModuleCache.noindex/Session.modulevalidation -fmodules-validate-once-per-build-session -Wnon-modular-include-in-framework-module -Werror\=non-modular-include-in-framework-module -Wno-trigraphs -Wno-missing-field-initializers -Wno-missing-prototypes -Wno-return-type -Wno-implicit-atomic-properties -Wno-objc-interface-ivars -Wno-arc-repeated-use-of-weak -Wno-missing-braces -Wparentheses -Wswitch -Wno-unused-function -Wno-unused-label -Wno-unused-parameter -Wno-unused-variable -Wunused-value -Wno-empty-body -Wno-uninitialized -Wno-unknown-pragmas -w -Wno-shadow -Wno-four-char-constants -Wno-conversion -Wno-constant-conversion -Wno-int-conversion -Wno-bool-conversion -Wno-enum-conversion -Wno-float-conversion -Wno-non-literal-null-conversion -Wno-objc-literal-conversion -Wshorten-64-to-32 -Wpointer-sign -Wno-newline-eof -Wno-selector -Wno-strict-selector-match -Wno-undeclared-selector -Wno-deprecated-implementations -Wno-implicit-fallthrough -fstrict-aliasing -Wprotocol -Wdeprecated-declarations -Wno-sign-conversion -Wno-infinite-recursion -Wno-comma -Wno-block-capture-autoreleasing -Wno-strict-prototypes -Wno-semicolon-before-method-body @/Users/nam/projects/subgallery/store-assets/DerivedData/Build/Intermediates.noindex/GoogleUtilities.build/Release-iphonesimulator/GoogleUtilities-Network.build/Objects-normal/arm64/e6072d4f65d7061329687fe24e3d63a7-common-args.resp -include /Users/nam/projects/subgallery/store-assets/DerivedData/Build/Intermediates.noindex/GoogleUtilities.build/Release-iphonesimulator/GoogleUtilities-Network.build/DerivedSources/resource_bundle_accessor.h -MMD -MT dependencies -MF /Users/nam/projects/subgallery/store-assets/DerivedData/Build/Intermediates.noindex/GoogleUtilities.build/Release-iphonesimulator/GoogleUtilities-Network.build/Objects-normal/arm64/GULMutableDictionary.d --serialize-diagnostics /Users/nam/projects/subgallery/store-assets/DerivedData/Build/Intermediates.noindex/GoogleUtilities.build/Release-iphonesimulator/GoogleUtilities-Network.build/Objects-normal/arm64/GULMutableDictionary.dia -c /Users/nam/projects/subgallery/store-assets/DerivedData/SourcePackages/checkouts/GoogleUtilities/GoogleUtilities/Network/GULMutableDictionary.m -o /Users/nam/projects/subgallery/store-assets/DerivedData/Build/Intermediates.noindex/GoogleUtilities.build/Release-iphonesimulator/GoogleUtilities-Network.build/Objects-normal/arm64/GULMutableDictionary.o

ScanDependencies /Users/nam/projects/subgallery/store-assets/DerivedData/Build/Intermediates.noindex/GoogleUtilities.build/Release-iphonesimulator/GoogleUtilities-NSData.build/Objects-normal/arm64/resource_bundle_accessor.o /Users/nam/projects/subgallery/store-assets/DerivedData/Build/Intermediates.noindex/GoogleUtilities.build/Release-iphonesimulator/GoogleUtilities-NSData.build/DerivedSources/resource_bundle_accessor.m normal arm64 objective-c com.apple.compilers.llvm.clang.1_0.compiler (in target 'GoogleUtilities-NSData' from project 'GoogleUtilities')
    cd /Users/nam/projects/subgallery/SubGallery.xcodeproj
    
    Using response file: /Users/nam/projects/subgallery/store-assets/DerivedData/Build/Intermediates.noindex/GoogleUtilities.build/Release-iphonesimulator/GoogleUtilities-NSData.build/Objects-normal/arm64/e6072d4f65d7061329687fe24e3d63a7-common-args.resp
    
    builtin-ScanDependencies -o /Users/nam/projects/subgallery/store-assets/DerivedData/Build/Intermediates.noindex/GoogleUtilities.build/Release-iphonesimulator/GoogleUtilities-NSData.build/Objects-normal/arm64/resource_bundle_accessor.o.scan -- /Applications/Xcode.app/Contents/Developer/Toolchains/XcodeDefault.xctoolchain/usr/bin/clang -x objective-c -ivfsstatcache /Users/nam/projects/subgallery/store-assets/DerivedData/SDKStatCaches.noindex/iphonesimulator26.1-23B77-90cf18a4295e390e64c810bc6bd7acbc.sdkstatcache -fmessage-length\=0 -fdiagnostics-show-note-include-stack -fmacro-backtrace-limit\=0 -fno-color-diagnostics -fmodules-prune-interval\=86400 -fmodules-prune-after\=345600 -fbuild-session-file\=/Users/nam/projects/subgallery/store-assets/DerivedData/ModuleCache.noindex/Session.modulevalidation -fmodules-validate-once-per-build-session -Wnon-modular-include-in-framework-module -Werror\=non-modular-include-in-framework-module -Wno-trigraphs -Wno-missing-field-initializers -Wno-missing-prototypes -Wno-return-type -Wno-implicit-atomic-properties -Wno-objc-interface-ivars -Wno-arc-repeated-use-of-weak -Wno-missing-braces -Wparentheses -Wswitch -Wno-unused-function -Wno-unused-label -Wno-unused-parameter -Wno-unused-variable -Wunused-value -Wno-empty-body -Wno-uninitialized -Wno-unknown-pragmas -w -Wno-shadow -Wno-four-char-constants -Wno-conversion -Wno-constant-conversion -Wno-int-conversion -Wno-bool-conversion -Wno-enum-conversion -Wno-float-conversion -Wno-non-literal-null-conversion -Wno-objc-literal-conversion -Wshorten-64-to-32 -Wpointer-sign -Wno-newline-eof -Wno-selector -Wno-strict-selector-match -Wno-undeclared-selector -Wno-deprecated-implementations -Wno-implicit-fallthrough -fstrict-aliasing -Wprotocol -Wdeprecated-declarations -Wno-sign-conversion -Wno-infinite-recursion -Wno-comma -Wno-block-capture-autoreleasing -Wno-strict-prototypes -Wno-semicolon-before-method-body @/Users/nam/projects/subgallery/store-assets/DerivedData/Build/Intermediates.noindex/GoogleUtilities.build/Release-iphonesimulator/GoogleUtilities-NSData.build/Objects-normal/arm64/e6072d4f65d7061329687fe24e3d63a7-common-args.resp -include /Users/nam/projects/subgallery/store-assets/DerivedData/Build/Intermediates.noindex/GoogleUtilities.build/Release-iphonesimulator/GoogleUtilities-NSData.build/DerivedSources/resource_bundle_accessor.h -MMD -MT dependencies -MF /Users/nam/projects/subgallery/store-assets/DerivedData/Build/Intermediates.noindex/GoogleUtilities.build/Release-iphonesimulator/GoogleUtilities-NSData.build/Objects-normal/arm64/resource_bundle_accessor.d --serialize-diagnostics /Users/nam/projects/subgallery/store-assets/DerivedData/Build/Intermediates.noindex/GoogleUtilities.build/Release-iphonesimulator/GoogleUtilities-NSData.build/Objects-normal/arm64/resource_bundle_accessor.dia -c /Users/nam/projects/subgallery/store-assets/DerivedData/Build/Intermediates.noindex/GoogleUtilities.build/Release-iphonesimulator/GoogleUtilities-NSData.build/DerivedSources/resource_bundle_accessor.m -o /Users/nam/projects/subgallery/store-assets/DerivedData/Build/Intermediates.noindex/GoogleUtilities.build/Release-iphonesimulator/GoogleUtilities-NSData.build/Objects-normal/arm64/resource_bundle_accessor.o

ScanDependencies /Users/nam/projects/subgallery/store-assets/DerivedData/Build/Intermediates.noindex/GoogleUtilities.build/Release-iphonesimulator/GoogleUtilities-NSData.build/Objects-normal/arm64/GULNSData+zlib.o /Users/nam/projects/subgallery/store-assets/DerivedData/SourcePackages/checkouts/GoogleUtilities/GoogleUtilities/NSData+zlib/GULNSData+zlib.m normal arm64 objective-c com.apple.compilers.llvm.clang.1_0.compiler (in target 'GoogleUtilities-NSData' from project 'GoogleUtilities')
    cd /Users/nam/projects/subgallery/SubGallery.xcodeproj
    
    Using response file: /Users/nam/projects/subgallery/store-assets/DerivedData/Build/Intermediates.noindex/GoogleUtilities.build/Release-iphonesimulator/GoogleUtilities-NSData.build/Objects-normal/arm64/e6072d4f65d7061329687fe24e3d63a7-common-args.resp
    
    builtin-ScanDependencies -o /Users/nam/projects/subgallery/store-assets/DerivedData/Build/Intermediates.noindex/GoogleUtilities.build/Release-iphonesimulator/GoogleUtilities-NSData.build/Objects-normal/arm64/GULNSData+zlib.o.scan -- /Applications/Xcode.app/Contents/Developer/Toolchains/XcodeDefault.xctoolchain/usr/bin/clang -x objective-c -ivfsstatcache /Users/nam/projects/subgallery/store-assets/DerivedData/SDKStatCaches.noindex/iphonesimulator26.1-23B77-90cf18a4295e390e64c810bc6bd7acbc.sdkstatcache -fmessage-length\=0 -fdiagnostics-show-note-include-stack -fmacro-backtrace-limit\=0 -fno-color-diagnostics -fmodules-prune-interval\=86400 -fmodules-prune-after\=345600 -fbuild-session-file\=/Users/nam/projects/subgallery/store-assets/DerivedData/ModuleCache.noindex/Session.modulevalidation -fmodules-validate-once-per-build-session -Wnon-modular-include-in-framework-module -Werror\=non-modular-include-in-framework-module -Wno-trigraphs -Wno-missing-field-initializers -Wno-missing-prototypes -Wno-return-type -Wno-implicit-atomic-properties -Wno-objc-interface-ivars -Wno-arc-repeated-use-of-weak -Wno-missing-braces -Wparentheses -Wswitch -Wno-unused-function -Wno-unused-label -Wno-unused-parameter -Wno-unused-variable -Wunused-value -Wno-empty-body -Wno-uninitialized -Wno-unknown-pragmas -w -Wno-shadow -Wno-four-char-constants -Wno-conversion -Wno-constant-conversion -Wno-int-conversion -Wno-bool-conversion -Wno-enum-conversion -Wno-float-conversion -Wno-non-literal-null-conversion -Wno-objc-literal-conversion -Wshorten-64-to-32 -Wpointer-sign -Wno-newline-eof -Wno-selector -Wno-strict-selector-match -Wno-undeclared-selector -Wno-deprecated-implementations -Wno-implicit-fallthrough -fstrict-aliasing -Wprotocol -Wdeprecated-declarations -Wno-sign-conversion -Wno-infinite-recursion -Wno-comma -Wno-block-capture-autoreleasing -Wno-strict-prototypes -Wno-semicolon-before-method-body @/Users/nam/projects/subgallery/store-assets/DerivedData/Build/Intermediates.noindex/GoogleUtilities.build/Release-iphonesimulator/GoogleUtilities-NSData.build/Objects-normal/arm64/e6072d4f65d7061329687fe24e3d63a7-common-args.resp -include /Users/nam/projects/subgallery/store-assets/DerivedData/Build/Intermediates.noindex/GoogleUtilities.build/Release-iphonesimulator/GoogleUtilities-NSData.build/DerivedSources/resource_bundle_accessor.h -MMD -MT dependencies -MF /Users/nam/projects/subgallery/store-assets/DerivedData/Build/Intermediates.noindex/GoogleUtilities.build/Release-iphonesimulator/GoogleUtilities-NSData.build/Objects-normal/arm64/GULNSData+zlib.d --serialize-diagnostics /Users/nam/projects/subgallery/store-assets/DerivedData/Build/Intermediates.noindex/GoogleUtilities.build/Release-iphonesimulator/GoogleUtilities-NSData.build/Objects-normal/arm64/GULNSData+zlib.dia -c /Users/nam/projects/subgallery/store-assets/DerivedData/SourcePackages/checkouts/GoogleUtilities/GoogleUtilities/NSData+zlib/GULNSData+zlib.m -o /Users/nam/projects/subgallery/store-assets/DerivedData/Build/Intermediates.noindex/GoogleUtilities.build/Release-iphonesimulator/GoogleUtilities-NSData.build/Objects-normal/arm64/GULNSData+zlib.o

ScanDependencies /Users/nam/projects/subgallery/store-assets/DerivedData/Build/Intermediates.noindex/GoogleUtilities.build/Release-iphonesimulator/GoogleUtilities-MethodSwizzler.build/Objects-normal/arm64/resource_bundle_accessor.o /Users/nam/projects/subgallery/store-assets/DerivedData/Build/Intermediates.noindex/GoogleUtilities.build/Release-iphonesimulator/GoogleUtilities-MethodSwizzler.build/DerivedSources/resource_bundle_accessor.m normal arm64 objective-c com.apple.compilers.llvm.clang.1_0.compiler (in target 'GoogleUtilities-MethodSwizzler' from project 'GoogleUtilities')
    cd /Users/nam/projects/subgallery/SubGallery.xcodeproj
    
    Using response file: /Users/nam/projects/subgallery/store-assets/DerivedData/Build/Intermediates.noindex/GoogleUtilities.build/Release-iphonesimulator/GoogleUtilities-MethodSwizzler.build/Objects-normal/arm64/e6072d4f65d7061329687fe24e3d63a7-common-args.resp
    
    builtin-ScanDependencies -o /Users/nam/projects/subgallery/store-assets/DerivedData/Build/Intermediates.noindex/GoogleUtilities.build/Release-iphonesimulator/GoogleUtilities-MethodSwizzler.build/Objects-normal/arm64/resource_bundle_accessor.o.scan -- /Applications/Xcode.app/Contents/Developer/Toolchains/XcodeDefault.xctoolchain/usr/bin/clang -x objective-c -ivfsstatcache /Users/nam/projects/subgallery/store-assets/DerivedData/SDKStatCaches.noindex/iphonesimulator26.1-23B77-90cf18a4295e390e64c810bc6bd7acbc.sdkstatcache -fmessage-length\=0 -fdiagnostics-show-note-include-stack -fmacro-backtrace-limit\=0 -fno-color-diagnostics -fmodules-prune-interval\=86400 -fmodules-prune-after\=345600 -fbuild-session-file\=/Users/nam/projects/subgallery/store-assets/DerivedData/ModuleCache.noindex/Session.modulevalidation -fmodules-validate-once-per-build-session -Wnon-modular-include-in-framework-module -Werror\=non-modular-include-in-framework-module -Wno-trigraphs -Wno-missing-field-initializers -Wno-missing-prototypes -Wno-return-type -Wno-implicit-atomic-properties -Wno-objc-interface-ivars -Wno-arc-repeated-use-of-weak -Wno-missing-braces -Wparentheses -Wswitch -Wno-unused-function -Wno-unused-label -Wno-unused-parameter -Wno-unused-variable -Wunused-value -Wno-empty-body -Wno-uninitialized -Wno-unknown-pragmas -w -Wno-shadow -Wno-four-char-constants -Wno-conversion -Wno-constant-conversion -Wno-int-conversion -Wno-bool-conversion -Wno-enum-conversion -Wno-float-conversion -Wno-non-literal-null-conversion -Wno-objc-literal-conversion -Wshorten-64-to-32 -Wpointer-sign -Wno-newline-eof -Wno-selector -Wno-strict-selector-match -Wno-undeclared-selector -Wno-deprecated-implementations -Wno-implicit-fallthrough -fstrict-aliasing -Wprotocol -Wdeprecated-declarations -Wno-sign-conversion -Wno-infinite-recursion -Wno-comma -Wno-block-capture-autoreleasing -Wno-strict-prototypes -Wno-semicolon-before-method-body @/Users/nam/projects/subgallery/store-assets/DerivedData/Build/Intermediates.noindex/GoogleUtilities.build/Release-iphonesimulator/GoogleUtilities-MethodSwizzler.build/Objects-normal/arm64/e6072d4f65d7061329687fe24e3d63a7-common-args.resp -include /Users/nam/projects/subgallery/store-assets/DerivedData/Build/Intermediates.noindex/GoogleUtilities.build/Release-iphonesimulator/GoogleUtilities-MethodSwizzler.build/DerivedSources/resource_bundle_accessor.h -MMD -MT dependencies -MF /Users/nam/projects/subgallery/store-assets/DerivedData/Build/Intermediates.noindex/GoogleUtilities.build/Release-iphonesimulator/GoogleUtilities-MethodSwizzler.build/Objects-normal/arm64/resource_bundle_accessor.d --serialize-diagnostics /Users/nam/projects/subgallery/store-assets/DerivedData/Build/Intermediates.noindex/GoogleUtilities.build/Release-iphonesimulator/GoogleUtilities-MethodSwizzler.build/Objects-normal/arm64/resource_bundle_accessor.dia -c /Users/nam/projects/subgallery/store-assets/DerivedData/Build/Intermediates.noindex/GoogleUtilities.build/Release-iphonesimulator/GoogleUtilities-MethodSwizzler.build/DerivedSources/resource_bundle_accessor.m -o /Users/nam/projects/subgallery/store-assets/DerivedData/Build/Intermediates.noindex/GoogleUtilities.build/Release-iphonesimulator/GoogleUtilities-MethodSwizzler.build/Objects-normal/arm64/resource_bundle_accessor.o

ScanDependencies /Users/nam/projects/subgallery/store-assets/DerivedData/Build/Intermediates.noindex/GoogleUtilities.build/Release-iphonesimulator/GoogleUtilities-MethodSwizzler.build/Objects-normal/arm64/GULSwizzler.o /Users/nam/projects/subgallery/store-assets/DerivedData/SourcePackages/checkouts/GoogleUtilities/GoogleUtilities/MethodSwizzler/GULSwizzler.m normal arm64 objective-c com.apple.compilers.llvm.clang.1_0.compiler (in target 'GoogleUtilities-MethodSwizzler' from project 'GoogleUtilities')
    cd /Users/nam/projects/subgallery/SubGallery.xcodeproj
    
    Using response file: /Users/nam/projects/subgallery/store-assets/DerivedData/Build/Intermediates.noindex/GoogleUtilities.build/Release-iphonesimulator/GoogleUtilities-MethodSwizzler.build/Objects-normal/arm64/e6072d4f65d7061329687fe24e3d63a7-common-args.resp
    
    builtin-ScanDependencies -o /Users/nam/projects/subgallery/store-assets/DerivedData/Build/Intermediates.noindex/GoogleUtilities.build/Release-iphonesimulator/GoogleUtilities-MethodSwizzler.build/Objects-normal/arm64/GULSwizzler.o.scan -- /Applications/Xcode.app/Contents/Developer/Toolchains/XcodeDefault.xctoolchain/usr/bin/clang -x objective-c -ivfsstatcache /Users/nam/projects/subgallery/store-assets/DerivedData/SDKStatCaches.noindex/iphonesimulator26.1-23B77-90cf18a4295e390e64c810bc6bd7acbc.sdkstatcache -fmessage-length\=0 -fdiagnostics-show-note-include-stack -fmacro-backtrace-limit\=0 -fno-color-diagnostics -fmodules-prune-interval\=86400 -fmodules-prune-after\=345600 -fbuild-session-file\=/Users/nam/projects/subgallery/store-assets/DerivedData/ModuleCache.noindex/Session.modulevalidation -fmodules-validate-once-per-build-session -Wnon-modular-include-in-framework-module -Werror\=non-modular-include-in-framework-module -Wno-trigraphs -Wno-missing-field-initializers -Wno-missing-prototypes -Wno-return-type -Wno-implicit-atomic-properties -Wno-objc-interface-ivars -Wno-arc-repeated-use-of-weak -Wno-missing-braces -Wparentheses -Wswitch -Wno-unused-function -Wno-unused-label -Wno-unused-parameter -Wno-unused-variable -Wunused-value -Wno-empty-body -Wno-uninitialized -Wno-unknown-pragmas -w -Wno-shadow -Wno-four-char-constants -Wno-conversion -Wno-constant-conversion -Wno-int-conversion -Wno-bool-conversion -Wno-enum-conversion -Wno-float-conversion -Wno-non-literal-null-conversion -Wno-objc-literal-conversion -Wshorten-64-to-32 -Wpointer-sign -Wno-newline-eof -Wno-selector -Wno-strict-selector-match -Wno-undeclared-selector -Wno-deprecated-implementations -Wno-implicit-fallthrough -fstrict-aliasing -Wprotocol -Wdeprecated-declarations -Wno-sign-conversion -Wno-infinite-recursion -Wno-comma -Wno-block-capture-autoreleasing -Wno-strict-prototypes -Wno-semicolon-before-method-body @/Users/nam/projects/subgallery/store-assets/DerivedData/Build/Intermediates.noindex/GoogleUtilities.build/Release-iphonesimulator/GoogleUtilities-MethodSwizzler.build/Objects-normal/arm64/e6072d4f65d7061329687fe24e3d63a7-common-args.resp -include /Users/nam/projects/subgallery/store-assets/DerivedData/Build/Intermediates.noindex/GoogleUtilities.build/Release-iphonesimulator/GoogleUtilities-MethodSwizzler.build/DerivedSources/resource_bundle_accessor.h -MMD -MT dependencies -MF /Users/nam/projects/subgallery/store-assets/DerivedData/Build/Intermediates.noindex/GoogleUtilities.build/Release-iphonesimulator/GoogleUtilities-MethodSwizzler.build/Objects-normal/arm64/GULSwizzler.d --serialize-diagnostics /Users/nam/projects/subgallery/store-assets/DerivedData/Build/Intermediates.noindex/GoogleUtilities.build/Release-iphonesimulator/GoogleUtilities-MethodSwizzler.build/Objects-normal/arm64/GULSwizzler.dia -c /Users/nam/projects/subgallery/store-assets/DerivedData/SourcePackages/checkouts/GoogleUtilities/GoogleUtilities/MethodSwizzler/GULSwizzler.m -o /Users/nam/projects/subgallery/store-assets/DerivedData/Build/Intermediates.noindex/GoogleUtilities.build/Release-iphonesimulator/GoogleUtilities-MethodSwizzler.build/Objects-normal/arm64/GULSwizzler.o

ScanDependencies /Users/nam/projects/subgallery/store-assets/DerivedData/Build/Intermediates.noindex/GoogleUtilities.build/Release-iphonesimulator/GoogleUtilities-Logger.build/Objects-normal/arm64/resource_bundle_accessor.o /Users/nam/projects/subgallery/store-assets/DerivedData/Build/Intermediates.noindex/GoogleUtilities.build/Release-iphonesimulator/GoogleUtilities-Logger.build/DerivedSources/resource_bundle_accessor.m normal arm64 objective-c com.apple.compilers.llvm.clang.1_0.compiler (in target 'GoogleUtilities-Logger' from project 'GoogleUtilities')
    cd /Users/nam/projects/subgallery/SubGallery.xcodeproj
    
    Using response file: /Users/nam/projects/subgallery/store-assets/DerivedData/Build/Intermediates.noindex/GoogleUtilities.build/Release-iphonesimulator/GoogleUtilities-Logger.build/Objects-normal/arm64/e6072d4f65d7061329687fe24e3d63a7-common-args.resp
    
    builtin-ScanDependencies -o /Users/nam/projects/subgallery/store-assets/DerivedData/Build/Intermediates.noindex/GoogleUtilities.build/Release-iphonesimulator/GoogleUtilities-Logger.build/Objects-normal/arm64/resource_bundle_accessor.o.scan -- /Applications/Xcode.app/Contents/Developer/Toolchains/XcodeDefault.xctoolchain/usr/bin/clang -x objective-c -ivfsstatcache /Users/nam/projects/subgallery/store-assets/DerivedData/SDKStatCaches.noindex/iphonesimulator26.1-23B77-90cf18a4295e390e64c810bc6bd7acbc.sdkstatcache -fmessage-length\=0 -fdiagnostics-show-note-include-stack -fmacro-backtrace-limit\=0 -fno-color-diagnostics -fmodules-prune-interval\=86400 -fmodules-prune-after\=345600 -fbuild-session-file\=/Users/nam/projects/subgallery/store-assets/DerivedData/ModuleCache.noindex/Session.modulevalidation -fmodules-validate-once-per-build-session -Wnon-modular-include-in-framework-module -Werror\=non-modular-include-in-framework-module -Wno-trigraphs -Wno-missing-field-initializers -Wno-missing-prototypes -Wno-return-type -Wno-implicit-atomic-properties -Wno-objc-interface-ivars -Wno-arc-repeated-use-of-weak -Wno-missing-braces -Wparentheses -Wswitch -Wno-unused-function -Wno-unused-label -Wno-unused-parameter -Wno-unused-variable -Wunused-value -Wno-empty-body -Wno-uninitialized -Wno-unknown-pragmas -w -Wno-shadow -Wno-four-char-constants -Wno-conversion -Wno-constant-conversion -Wno-int-conversion -Wno-bool-conversion -Wno-enum-conversion -Wno-float-conversion -Wno-non-literal-null-conversion -Wno-objc-literal-conversion -Wshorten-64-to-32 -Wpointer-sign -Wno-newline-eof -Wno-selector -Wno-strict-selector-match -Wno-undeclared-selector -Wno-deprecated-implementations -Wno-implicit-fallthrough -fstrict-aliasing -Wprotocol -Wdeprecated-declarations -Wno-sign-conversion -Wno-infinite-recursion -Wno-comma -Wno-block-capture-autoreleasing -Wno-strict-prototypes -Wno-semicolon-before-method-body @/Users/nam/projects/subgallery/store-assets/DerivedData/Build/Intermediates.noindex/GoogleUtilities.build/Release-iphonesimulator/GoogleUtilities-Logger.build/Objects-normal/arm64/e6072d4f65d7061329687fe24e3d63a7-common-args.resp -include /Users/nam/projects/subgallery/store-assets/DerivedData/Build/Intermediates.noindex/GoogleUtilities.build/Release-iphonesimulator/GoogleUtilities-Logger.build/DerivedSources/resource_bundle_accessor.h -MMD -MT dependencies -MF /Users/nam/projects/subgallery/store-assets/DerivedData/Build/Intermediates.noindex/GoogleUtilities.build/Release-iphonesimulator/GoogleUtilities-Logger.build/Objects-normal/arm64/resource_bundle_accessor.d --serialize-diagnostics /Users/nam/projects/subgallery/store-assets/DerivedData/Build/Intermediates.noindex/GoogleUtilities.build/Release-iphonesimulator/GoogleUtilities-Logger.build/Objects-normal/arm64/resource_bundle_accessor.dia -c /Users/nam/projects/subgallery/store-assets/DerivedData/Build/Intermediates.noindex/GoogleUtilities.build/Release-iphonesimulator/GoogleUtilities-Logger.build/DerivedSources/resource_bundle_accessor.m -o /Users/nam/projects/subgallery/store-assets/DerivedData/Build/Intermediates.noindex/GoogleUtilities.build/Release-iphonesimulator/GoogleUtilities-Logger.build/Objects-normal/arm64/resource_bundle_accessor.o

ScanDependencies /Users/nam/projects/subgallery/store-assets/DerivedData/Build/Intermediates.noindex/GoogleUtilities.build/Release-iphonesimulator/GoogleUtilities-Logger.build/Objects-normal/arm64/GULLogger.o /Users/nam/projects/subgallery/store-assets/DerivedData/SourcePackages/checkouts/GoogleUtilities/GoogleUtilities/Logger/GULLogger.m normal arm64 objective-c com.apple.compilers.llvm.clang.1_0.compiler (in target 'GoogleUtilities-Logger' from project 'GoogleUtilities')
    cd /Users/nam/projects/subgallery/SubGallery.xcodeproj
    
    Using response file: /Users/nam/projects/subgallery/store-assets/DerivedData/Build/Intermediates.noindex/GoogleUtilities.build/Release-iphonesimulator/GoogleUtilities-Logger.build/Objects-normal/arm64/e6072d4f65d7061329687fe24e3d63a7-common-args.resp
    
    builtin-ScanDependencies -o /Users/nam/projects/subgallery/store-assets/DerivedData/Build/Intermediates.noindex/GoogleUtilities.build/Release-iphonesimulator/GoogleUtilities-Logger.build/Objects-normal/arm64/GULLogger.o.scan -- /Applications/Xcode.app/Contents/Developer/Toolchains/XcodeDefault.xctoolchain/usr/bin/clang -x objective-c -ivfsstatcache /Users/nam/projects/subgallery/store-assets/DerivedData/SDKStatCaches.noindex/iphonesimulator26.1-23B77-90cf18a4295e390e64c810bc6bd7acbc.sdkstatcache -fmessage-length\=0 -fdiagnostics-show-note-include-stack -fmacro-backtrace-limit\=0 -fno-color-diagnostics -fmodules-prune-interval\=86400 -fmodules-prune-after\=345600 -fbuild-session-file\=/Users/nam/projects/subgallery/store-assets/DerivedData/ModuleCache.noindex/Session.modulevalidation -fmodules-validate-once-per-build-session -Wnon-modular-include-in-framework-module -Werror\=non-modular-include-in-framework-module -Wno-trigraphs -Wno-missing-field-initializers -Wno-missing-prototypes -Wno-return-type -Wno-implicit-atomic-properties -Wno-objc-interface-ivars -Wno-arc-repeated-use-of-weak -Wno-missing-braces -Wparentheses -Wswitch -Wno-unused-function -Wno-unused-label -Wno-unused-parameter -Wno-unused-variable -Wunused-value -Wno-empty-body -Wno-uninitialized -Wno-unknown-pragmas -w -Wno-shadow -Wno-four-char-constants -Wno-conversion -Wno-constant-conversion -Wno-int-conversion -Wno-bool-conversion -Wno-enum-conversion -Wno-float-conversion -Wno-non-literal-null-conversion -Wno-objc-literal-conversion -Wshorten-64-to-32 -Wpointer-sign -Wno-newline-eof -Wno-selector -Wno-strict-selector-match -Wno-undeclared-selector -Wno-deprecated-implementations -Wno-implicit-fallthrough -fstrict-aliasing -Wprotocol -Wdeprecated-declarations -Wno-sign-conversion -Wno-infinite-recursion -Wno-comma -Wno-block-capture-autoreleasing -Wno-strict-prototypes -Wno-semicolon-before-method-body @/Users/nam/projects/subgallery/store-assets/DerivedData/Build/Intermediates.noindex/GoogleUtilities.build/Release-iphonesimulator/GoogleUtilities-Logger.build/Objects-normal/arm64/e6072d4f65d7061329687fe24e3d63a7-common-args.resp -include /Users/nam/projects/subgallery/store-assets/DerivedData/Build/Intermediates.noindex/GoogleUtilities.build/Release-iphonesimulator/GoogleUtilities-Logger.build/DerivedSources/resource_bundle_accessor.h -MMD -MT dependencies -MF /Users/nam/projects/subgallery/store-assets/DerivedData/Build/Intermediates.noindex/GoogleUtilities.build/Release-iphonesimulator/GoogleUtilities-Logger.build/Objects-normal/arm64/GULLogger.d --serialize-diagnostics /Users/nam/projects/subgallery/store-assets/DerivedData/Build/Intermediates.noindex/GoogleUtilities.build/Release-iphonesimulator/GoogleUtilities-Logger.build/Objects-normal/arm64/GULLogger.dia -c /Users/nam/projects/subgallery/store-assets/DerivedData/SourcePackages/checkouts/GoogleUtilities/GoogleUtilities/Logger/GULLogger.m -o /Users/nam/projects/subgallery/store-assets/DerivedData/Build/Intermediates.noindex/GoogleUtilities.build/Release-iphonesimulator/GoogleUtilities-Logger.build/Objects-normal/arm64/GULLogger.o

PrecompileModule /Users/nam/projects/subgallery/store-assets/DerivedData/Build/Intermediates.noindex/ExplicitPrecompiledModules/_DarwinFoundation1-7V4S62TMO2DPL5ABJ7EGY49G9.scan
    cd /
    builtin-precompileModule /Users/nam/projects/subgallery/store-assets/DerivedData/Build/Intermediates.noindex/ExplicitPrecompiledModules/_DarwinFoundation1-7V4S62TMO2DPL5ABJ7EGY49G9.scan

ScanDependencies /Users/nam/projects/subgallery/store-assets/DerivedData/Build/Intermediates.noindex/GoogleUtilities.build/Release-iphonesimulator/GoogleUtilities-Environment.build/Objects-normal/arm64/resource_bundle_accessor.o /Users/nam/projects/subgallery/store-assets/DerivedData/Build/Intermediates.noindex/GoogleUtilities.build/Release-iphonesimulator/GoogleUtilities-Environment.build/DerivedSources/resource_bundle_accessor.m normal arm64 objective-c com.apple.compilers.llvm.clang.1_0.compiler (in target 'GoogleUtilities-Environment' from project 'GoogleUtilities')
    cd /Users/nam/projects/subgallery/SubGallery.xcodeproj
    
    Using response file: /Users/nam/projects/subgallery/store-assets/DerivedData/Build/Intermediates.noindex/GoogleUtilities.build/Release-iphonesimulator/GoogleUtilities-Environment.build/Objects-normal/arm64/e6072d4f65d7061329687fe24e3d63a7-common-args.resp
    
    builtin-ScanDependencies -o /Users/nam/projects/subgallery/store-assets/DerivedData/Build/Intermediates.noindex/GoogleUtilities.build/Release-iphonesimulator/GoogleUtilities-Environment.build/Objects-normal/arm64/resource_bundle_accessor.o.scan -- /Applications/Xcode.app/Contents/Developer/Toolchains/XcodeDefault.xctoolchain/usr/bin/clang -x objective-c -ivfsstatcache /Users/nam/projects/subgallery/store-assets/DerivedData/SDKStatCaches.noindex/iphonesimulator26.1-23B77-90cf18a4295e390e64c810bc6bd7acbc.sdkstatcache -fmessage-length\=0 -fdiagnostics-show-note-include-stack -fmacro-backtrace-limit\=0 -fno-color-diagnostics -fmodules-prune-interval\=86400 -fmodules-prune-after\=345600 -fbuild-session-file\=/Users/nam/projects/subgallery/store-assets/DerivedData/ModuleCache.noindex/Session.modulevalidation -fmodules-validate-once-per-build-session -Wnon-modular-include-in-framework-module -Werror\=non-modular-include-in-framework-module -Wno-trigraphs -Wno-missing-field-initializers -Wno-missing-prototypes -Wno-return-type -Wno-implicit-atomic-properties -Wno-objc-interface-ivars -Wno-arc-repeated-use-of-weak -Wno-missing-braces -Wparentheses -Wswitch -Wno-unused-function -Wno-unused-label -Wno-unused-parameter -Wno-unused-variable -Wunused-value -Wno-empty-body -Wno-uninitialized -Wno-unknown-pragmas -w -Wno-shadow -Wno-four-char-constants -Wno-conversion -Wno-constant-conversion -Wno-int-conversion -Wno-bool-conversion -Wno-enum-conversion -Wno-float-conversion -Wno-non-literal-null-conversion -Wno-objc-literal-conversion -Wshorten-64-to-32 -Wpointer-sign -Wno-newline-eof -Wno-selector -Wno-strict-selector-match -Wno-undeclared-selector -Wno-deprecated-implementations -Wno-implicit-fallthrough -fstrict-aliasing -Wprotocol -Wdeprecated-declarations -Wno-sign-conversion -Wno-infinite-recursion -Wno-comma -Wno-block-capture-autoreleasing -Wno-strict-prototypes -Wno-semicolon-before-method-body @/Users/nam/projects/subgallery/store-assets/DerivedData/Build/Intermediates.noindex/GoogleUtilities.build/Release-iphonesimulator/GoogleUtilities-Environment.build/Objects-normal/arm64/e6072d4f65d7061329687fe24e3d63a7-common-args.resp -include /Users/nam/projects/subgallery/store-assets/DerivedData/Build/Intermediates.noindex/GoogleUtilities.build/Release-iphonesimulator/GoogleUtilities-Environment.build/DerivedSources/resource_bundle_accessor.h -MMD -MT dependencies -MF /Users/nam/projects/subgallery/store-assets/DerivedData/Build/Intermediates.noindex/GoogleUtilities.build/Release-iphonesimulator/GoogleUtilities-Environment.build/Objects-normal/arm64/resource_bundle_accessor.d --serialize-diagnostics /Users/nam/projects/subgallery/store-assets/DerivedData/Build/Intermediates.noindex/GoogleUtilities.build/Release-iphonesimulator/GoogleUtilities-Environment.build/Objects-normal/arm64/resource_bundle_accessor.dia -c /Users/nam/projects/subgallery/store-assets/DerivedData/Build/Intermediates.noindex/GoogleUtilities.build/Release-iphonesimulator/GoogleUtilities-Environment.build/DerivedSources/resource_bundle_accessor.m -o /Users/nam/projects/subgallery/store-assets/DerivedData/Build/Intermediates.noindex/GoogleUtilities.build/Release-iphonesimulator/GoogleUtilities-Environment.build/Objects-normal/arm64/resource_bundle_accessor.o

ScanDependencies /Users/nam/projects/subgallery/store-assets/DerivedData/Build/Intermediates.noindex/GoogleUtilities.build/Release-iphonesimulator/GoogleUtilities-Environment.build/Objects-normal/arm64/GULNetworkInfo.o /Users/nam/projects/subgallery/store-assets/DerivedData/SourcePackages/checkouts/GoogleUtilities/GoogleUtilities/Environment/NetworkInfo/GULNetworkInfo.m normal arm64 objective-c com.apple.compilers.llvm.clang.1_0.compiler (in target 'GoogleUtilities-Environment' from project 'GoogleUtilities')
    cd /Users/nam/projects/subgallery/SubGallery.xcodeproj
    
    Using response file: /Users/nam/projects/subgallery/store-assets/DerivedData/Build/Intermediates.noindex/GoogleUtilities.build/Release-iphonesimulator/GoogleUtilities-Environment.build/Objects-normal/arm64/e6072d4f65d7061329687fe24e3d63a7-common-args.resp
    
    builtin-ScanDependencies -o /Users/nam/projects/subgallery/store-assets/DerivedData/Build/Intermediates.noindex/GoogleUtilities.build/Release-iphonesimulator/GoogleUtilities-Environment.build/Objects-normal/arm64/GULNetworkInfo.o.scan -- /Applications/Xcode.app/Contents/Developer/Toolchains/XcodeDefault.xctoolchain/usr/bin/clang -x objective-c -ivfsstatcache /Users/nam/projects/subgallery/store-assets/DerivedData/SDKStatCaches.noindex/iphonesimulator26.1-23B77-90cf18a4295e390e64c810bc6bd7acbc.sdkstatcache -fmessage-length\=0 -fdiagnostics-show-note-include-stack -fmacro-backtrace-limit\=0 -fno-color-diagnostics -fmodules-prune-interval\=86400 -fmodules-prune-after\=345600 -fbuild-session-file\=/Users/nam/projects/subgallery/store-assets/DerivedData/ModuleCache.noindex/Session.modulevalidation -fmodules-validate-once-per-build-session -Wnon-modular-include-in-framework-module -Werror\=non-modular-include-in-framework-module -Wno-trigraphs -Wno-missing-field-initializers -Wno-missing-prototypes -Wno-return-type -Wno-implicit-atomic-properties -Wno-objc-interface-ivars -Wno-arc-repeated-use-of-weak -Wno-missing-braces -Wparentheses -Wswitch -Wno-unused-function -Wno-unused-label -Wno-unused-parameter -Wno-unused-variable -Wunused-value -Wno-empty-body -Wno-uninitialized -Wno-unknown-pragmas -w -Wno-shadow -Wno-four-char-constants -Wno-conversion -Wno-constant-conversion -Wno-int-conversion -Wno-bool-conversion -Wno-enum-conversion -Wno-float-conversion -Wno-non-literal-null-conversion -Wno-objc-literal-conversion -Wshorten-64-to-32 -Wpointer-sign -Wno-newline-eof -Wno-selector -Wno-strict-selector-match -Wno-undeclared-selector -Wno-deprecated-implementations -Wno-implicit-fallthrough -fstrict-aliasing -Wprotocol -Wdeprecated-declarations -Wno-sign-conversion -Wno-infinite-recursion -Wno-comma -Wno-block-capture-autoreleasing -Wno-strict-prototypes -Wno-semicolon-before-method-body @/Users/nam/projects/subgallery/store-assets/DerivedData/Build/Intermediates.noindex/GoogleUtilities.build/Release-iphonesimulator/GoogleUtilities-Environment.build/Objects-normal/arm64/e6072d4f65d7061329687fe24e3d63a7-common-args.resp -include /Users/nam/projects/subgallery/store-assets/DerivedData/Build/Intermediates.noindex/GoogleUtilities.build/Release-iphonesimulator/GoogleUtilities-Environment.build/DerivedSources/resource_bundle_accessor.h -MMD -MT dependencies -MF /Users/nam/projects/subgallery/store-assets/DerivedData/Build/Intermediates.noindex/GoogleUtilities.build/Release-iphonesimulator/GoogleUtilities-Environment.build/Objects-normal/arm64/GULNetworkInfo.d --serialize-diagnostics /Users/nam/projects/subgallery/store-assets/DerivedData/Build/Intermediates.noindex/GoogleUtilities.build/Release-iphonesimulator/GoogleUtilities-Environment.build/Objects-normal/arm64/GULNetworkInfo.dia -c /Users/nam/projects/subgallery/store-assets/DerivedData/SourcePackages/checkouts/GoogleUtilities/GoogleUtilities/Environment/NetworkInfo/GULNetworkInfo.m -o /Users/nam/projects/subgallery/store-assets/DerivedData/Build/Intermediates.noindex/GoogleUtilities.build/Release-iphonesimulator/GoogleUtilities-Environment.build/Objects-normal/arm64/GULNetworkInfo.o

PrecompileModule /Users/nam/projects/subgallery/store-assets/DerivedData/Build/Intermediates.noindex/ExplicitPrecompiledModules/_DarwinFoundation2-5B3Q8OIGARY4V1OIM27F6R75E.scan
    cd /
    builtin-precompileModule /Users/nam/projects/subgallery/store-assets/DerivedData/Build/Intermediates.noindex/ExplicitPrecompiledModules/_DarwinFoundation2-5B3Q8OIGARY4V1OIM27F6R75E.scan

PrecompileModule /Users/nam/projects/subgallery/store-assets/DerivedData/Build/Intermediates.noindex/ExplicitPrecompiledModules/_DarwinFoundation2-DR21GQKJNA0192LJOZ07GIKGS.scan
    cd /
    builtin-precompileModule /Users/nam/projects/subgallery/store-assets/DerivedData/Build/Intermediates.noindex/ExplicitPrecompiledModules/_DarwinFoundation2-DR21GQKJNA0192LJOZ07GIKGS.scan

PrecompileModule /Users/nam/projects/subgallery/store-assets/DerivedData/Build/Intermediates.noindex/ExplicitPrecompiledModules/_Builtin_limits-1ZO3IXZQSOM4LBQZRYSAVFNDC.scan
    cd /
    builtin-precompileModule /Users/nam/projects/subgallery/store-assets/DerivedData/Build/Intermediates.noindex/ExplicitPrecompiledModules/_Builtin_limits-1ZO3IXZQSOM4LBQZRYSAVFNDC.scan

SwiftExplicitDependencyGeneratePcm arm64 /Users/nam/projects/subgallery/store-assets/DerivedData/ModuleCache.noindex/_AvailabilityInternal-7BOVF3RDNBSDFGPUMC6SF7XUA.pcm

SwiftExplicitDependencyGeneratePcm arm64 /Users/nam/projects/subgallery/store-assets/DerivedData/ModuleCache.noindex/ptrauth-DXMGXA2KN7AEK5EI5RSOSNBHL.pcm

SwiftExplicitDependencyGeneratePcm arm64 /Users/nam/projects/subgallery/store-assets/DerivedData/ModuleCache.noindex/_Builtin_stdbool-A4ZRVP1GKEJEV9BHDNUUJLPGH.pcm

SwiftExplicitDependencyGeneratePcm arm64 /Users/nam/projects/subgallery/store-assets/DerivedData/ModuleCache.noindex/_Builtin_float-107WJAKDX3GTU7ULLRKHLSVC7.pcm

SwiftExplicitDependencyGeneratePcm arm64 /Users/nam/projects/subgallery/store-assets/DerivedData/ModuleCache.noindex/ptrcheck-789QEH0RNLMELJ7NTTSK8SHKA.pcm

SwiftExplicitDependencyGeneratePcm arm64 /Users/nam/projects/subgallery/store-assets/DerivedData/ModuleCache.noindex/_SwiftConcurrencyShims-2W0DBBTK02NS2NP76EQ51XM8L.pcm

SwiftExplicitDependencyGeneratePcm arm64 /Users/nam/projects/subgallery/store-assets/DerivedData/ModuleCache.noindex/SwiftShims-703A35JN7FXYG1ZRKOKSI644D.pcm

SwiftExplicitDependencyGeneratePcm arm64 /Users/nam/projects/subgallery/store-assets/DerivedData/ModuleCache.noindex/_Builtin_stdarg-3DOCS2D4YNVYJJP2N1UON7VZP.pcm

SwiftExplicitDependencyGeneratePcm arm64 /Users/nam/projects/subgallery/store-assets/DerivedData/ModuleCache.noindex/_Builtin_stddef-8WFH6DQX9XQK0CP4MN2WIE5C2.pcm

PrecompileModule /Users/nam/projects/subgallery/store-assets/DerivedData/Build/Intermediates.noindex/ExplicitPrecompiledModules/_Builtin_stdint-RB18JMCA5UC98BEX8OICZF0A.scan
    cd /
    builtin-precompileModule /Users/nam/projects/subgallery/store-assets/DerivedData/Build/Intermediates.noindex/ExplicitPrecompiledModules/_Builtin_stdint-RB18JMCA5UC98BEX8OICZF0A.scan

PrecompileModule /Users/nam/projects/subgallery/store-assets/DerivedData/Build/Intermediates.noindex/ExplicitPrecompiledModules/_Builtin_stdint-BE5RYMWLMYOMKDL27FBVPKA64.scan
    cd /
    builtin-precompileModule /Users/nam/projects/subgallery/store-assets/DerivedData/Build/Intermediates.noindex/ExplicitPrecompiledModules/_Builtin_stdint-BE5RYMWLMYOMKDL27FBVPKA64.scan

PrecompileModule /Users/nam/projects/subgallery/store-assets/DerivedData/Build/Intermediates.noindex/ExplicitPrecompiledModules/_Builtin_limits-LXXS1XI8NQ2FGHZACQYZER54.scan
    cd /
    builtin-precompileModule /Users/nam/projects/subgallery/store-assets/DerivedData/Build/Intermediates.noindex/ExplicitPrecompiledModules/_Builtin_limits-LXXS1XI8NQ2FGHZACQYZER54.scan

PrecompileModule /Users/nam/projects/subgallery/store-assets/DerivedData/Build/Intermediates.noindex/ExplicitPrecompiledModules/_DarwinFoundation2-CZ51XGY62DS9X4RPX6IGT8WE.scan
    cd /
    builtin-precompileModule /Users/nam/projects/subgallery/store-assets/DerivedData/Build/Intermediates.noindex/ExplicitPrecompiledModules/_DarwinFoundation2-CZ51XGY62DS9X4RPX6IGT8WE.scan

ScanDependencies /Users/nam/projects/subgallery/store-assets/DerivedData/Build/Intermediates.noindex/GoogleUtilities.build/Release-iphonesimulator/GoogleUtilities-Environment.build/Objects-normal/arm64/GULKeychainUtils.o /Users/nam/projects/subgallery/store-assets/DerivedData/SourcePackages/checkouts/GoogleUtilities/GoogleUtilities/Environment/SecureStorage/GULKeychainUtils.m normal arm64 objective-c com.apple.compilers.llvm.clang.1_0.compiler (in target 'GoogleUtilities-Environment' from project 'GoogleUtilities')
    cd /Users/nam/projects/subgallery/SubGallery.xcodeproj
    
    Using response file: /Users/nam/projects/subgallery/store-assets/DerivedData/Build/Intermediates.noindex/GoogleUtilities.build/Release-iphonesimulator/GoogleUtilities-Environment.build/Objects-normal/arm64/e6072d4f65d7061329687fe24e3d63a7-common-args.resp
    
    builtin-ScanDependencies -o /Users/nam/projects/subgallery/store-assets/DerivedData/Build/Intermediates.noindex/GoogleUtilities.build/Release-iphonesimulator/GoogleUtilities-Environment.build/Objects-normal/arm64/GULKeychainUtils.o.scan -- /Applications/Xcode.app/Contents/Developer/Toolchains/XcodeDefault.xctoolchain/usr/bin/clang -x objective-c -ivfsstatcache /Users/nam/projects/subgallery/store-assets/DerivedData/SDKStatCaches.noindex/iphonesimulator26.1-23B77-90cf18a4295e390e64c810bc6bd7acbc.sdkstatcache -fmessage-length\=0 -fdiagnostics-show-note-include-stack -fmacro-backtrace-limit\=0 -fno-color-diagnostics -fmodules-prune-interval\=86400 -fmodules-prune-after\=345600 -fbuild-session-file\=/Users/nam/projects/subgallery/store-assets/DerivedData/ModuleCache.noindex/Session.modulevalidation -fmodules-validate-once-per-build-session -Wnon-modular-include-in-framework-module -Werror\=non-modular-include-in-framework-module -Wno-trigraphs -Wno-missing-field-initializers -Wno-missing-prototypes -Wno-return-type -Wno-implicit-atomic-properties -Wno-objc-interface-ivars -Wno-arc-repeated-use-of-weak -Wno-missing-braces -Wparentheses -Wswitch -Wno-unused-function -Wno-unused-label -Wno-unused-parameter -Wno-unused-variable -Wunused-value -Wno-empty-body -Wno-uninitialized -Wno-unknown-pragmas -w -Wno-shadow -Wno-four-char-constants -Wno-conversion -Wno-constant-conversion -Wno-int-conversion -Wno-bool-conversion -Wno-enum-conversion -Wno-float-conversion -Wno-non-literal-null-conversion -Wno-objc-literal-conversion -Wshorten-64-to-32 -Wpointer-sign -Wno-newline-eof -Wno-selector -Wno-strict-selector-match -Wno-undeclared-selector -Wno-deprecated-implementations -Wno-implicit-fallthrough -fstrict-aliasing -Wprotocol -Wdeprecated-declarations -Wno-sign-conversion -Wno-infinite-recursion -Wno-comma -Wno-block-capture-autoreleasing -Wno-strict-prototypes -Wno-semicolon-before-method-body @/Users/nam/projects/subgallery/store-assets/DerivedData/Build/Intermediates.noindex/GoogleUtilities.build/Release-iphonesimulator/GoogleUtilities-Environment.build/Objects-normal/arm64/e6072d4f65d7061329687fe24e3d63a7-common-args.resp -include /Users/nam/projects/subgallery/store-assets/DerivedData/Build/Intermediates.noindex/GoogleUtilities.build/Release-iphonesimulator/GoogleUtilities-Environment.build/DerivedSources/resource_bundle_accessor.h -MMD -MT dependencies -MF /Users/nam/projects/subgallery/store-assets/DerivedData/Build/Intermediates.noindex/GoogleUtilities.build/Release-iphonesimulator/GoogleUtilities-Environment.build/Objects-normal/arm64/GULKeychainUtils.d --serialize-diagnostics /Users/nam/projects/subgallery/store-assets/DerivedData/Build/Intermediates.noindex/GoogleUtilities.build/Release-iphonesimulator/GoogleUtilities-Environment.build/Objects-normal/arm64/GULKeychainUtils.dia -c /Users/nam/projects/subgallery/store-assets/DerivedData/SourcePackages/checkouts/GoogleUtilities/GoogleUtilities/Environment/SecureStorage/GULKeychainUtils.m -o /Users/nam/projects/subgallery/store-assets/DerivedData/Build/Intermediates.noindex/GoogleUtilities.build/Release-iphonesimulator/GoogleUtilities-Environment.build/Objects-normal/arm64/GULKeychainUtils.o

ScanDependencies /Users/nam/projects/subgallery/store-assets/DerivedData/Build/Intermediates.noindex/GoogleUtilities.build/Release-iphonesimulator/GoogleUtilities-Environment.build/Objects-normal/arm64/GULKeychainStorage.o /Users/nam/projects/subgallery/store-assets/DerivedData/SourcePackages/checkouts/GoogleUtilities/GoogleUtilities/Environment/SecureStorage/GULKeychainStorage.m normal arm64 objective-c com.apple.compilers.llvm.clang.1_0.compiler (in target 'GoogleUtilities-Environment' from project 'GoogleUtilities')
    cd /Users/nam/projects/subgallery/SubGallery.xcodeproj
    
    Using response file: /Users/nam/projects/subgallery/store-assets/DerivedData/Build/Intermediates.noindex/GoogleUtilities.build/Release-iphonesimulator/GoogleUtilities-Environment.build/Objects-normal/arm64/e6072d4f65d7061329687fe24e3d63a7-common-args.resp
    
    builtin-ScanDependencies -o /Users/nam/projects/subgallery/store-assets/DerivedData/Build/Intermediates.noindex/GoogleUtilities.build/Release-iphonesimulator/GoogleUtilities-Environment.build/Objects-normal/arm64/GULKeychainStorage.o.scan -- /Applications/Xcode.app/Contents/Developer/Toolchains/XcodeDefault.xctoolchain/usr/bin/clang -x objective-c -ivfsstatcache /Users/nam/projects/subgallery/store-assets/DerivedData/SDKStatCaches.noindex/iphonesimulator26.1-23B77-90cf18a4295e390e64c810bc6bd7acbc.sdkstatcache -fmessage-length\=0 -fdiagnostics-show-note-include-stack -fmacro-backtrace-limit\=0 -fno-color-diagnostics -fmodules-prune-interval\=86400 -fmodules-prune-after\=345600 -fbuild-session-file\=/Users/nam/projects/subgallery/store-assets/DerivedData/ModuleCache.noindex/Session.modulevalidation -fmodules-validate-once-per-build-session -Wnon-modular-include-in-framework-module -Werror\=non-modular-include-in-framework-module -Wno-trigraphs -Wno-missing-field-initializers -Wno-missing-prototypes -Wno-return-type -Wno-implicit-atomic-properties -Wno-objc-interface-ivars -Wno-arc-repeated-use-of-weak -Wno-missing-braces -Wparentheses -Wswitch -Wno-unused-function -Wno-unused-label -Wno-unused-parameter -Wno-unused-variable -Wunused-value -Wno-empty-body -Wno-uninitialized -Wno-unknown-pragmas -w -Wno-shadow -Wno-four-char-constants -Wno-conversion -Wno-constant-conversion -Wno-int-conversion -Wno-bool-conversion -Wno-enum-conversion -Wno-float-conversion -Wno-non-literal-null-conversion -Wno-objc-literal-conversion -Wshorten-64-to-32 -Wpointer-sign -Wno-newline-eof -Wno-selector -Wno-strict-selector-match -Wno-undeclared-selector -Wno-deprecated-implementations -Wno-implicit-fallthrough -fstrict-aliasing -Wprotocol -Wdeprecated-declarations -Wno-sign-conversion -Wno-infinite-recursion -Wno-comma -Wno-block-capture-autoreleasing -Wno-strict-prototypes -Wno-semicolon-before-method-body @/Users/nam/projects/subgallery/store-assets/DerivedData/Build/Intermediates.noindex/GoogleUtilities.build/Release-iphonesimulator/GoogleUtilities-Environment.build/Objects-normal/arm64/e6072d4f65d7061329687fe24e3d63a7-common-args.resp -include /Users/nam/projects/subgallery/store-assets/DerivedData/Build/Intermediates.noindex/GoogleUtilities.build/Release-iphonesimulator/GoogleUtilities-Environment.build/DerivedSources/resource_bundle_accessor.h -MMD -MT dependencies -MF /Users/nam/projects/subgallery/store-assets/DerivedData/Build/Intermediates.noindex/GoogleUtilities.build/Release-iphonesimulator/GoogleUtilities-Environment.build/Objects-normal/arm64/GULKeychainStorage.d --serialize-diagnostics /Users/nam/projects/subgallery/store-assets/DerivedData/Build/Intermediates.noindex/GoogleUtilities.build/Release-iphonesimulator/GoogleUtilities-Environment.build/Objects-normal/arm64/GULKeychainStorage.dia -c /Users/nam/projects/subgallery/store-assets/DerivedData/SourcePackages/checkouts/GoogleUtilities/GoogleUtilities/Environment/SecureStorage/GULKeychainStorage.m -o /Users/nam/projects/subgallery/store-assets/DerivedData/Build/Intermediates.noindex/GoogleUtilities.build/Release-iphonesimulator/GoogleUtilities-Environment.build/Objects-normal/arm64/GULKeychainStorage.o

SwiftExplicitDependencyGeneratePcm arm64 /Users/nam/projects/subgallery/store-assets/DerivedData/ModuleCache.noindex/_DarwinFoundation1-HGGDGPVSPJ5I4XEU3BIIC1C2.pcm

ScanDependencies /Users/nam/projects/subgallery/store-assets/DerivedData/Build/Intermediates.noindex/GoogleUtilities.build/Release-iphonesimulator/GoogleUtilities-Environment.build/Objects-normal/arm64/GULAppEnvironmentUtil.o /Users/nam/projects/subgallery/store-assets/DerivedData/SourcePackages/checkouts/GoogleUtilities/GoogleUtilities/Environment/GULAppEnvironmentUtil.m normal arm64 objective-c com.apple.compilers.llvm.clang.1_0.compiler (in target 'GoogleUtilities-Environment' from project 'GoogleUtilities')
    cd /Users/nam/projects/subgallery/SubGallery.xcodeproj
    
    Using response file: /Users/nam/projects/subgallery/store-assets/DerivedData/Build/Intermediates.noindex/GoogleUtilities.build/Release-iphonesimulator/GoogleUtilities-Environment.build/Objects-normal/arm64/e6072d4f65d7061329687fe24e3d63a7-common-args.resp
    
    builtin-ScanDependencies -o /Users/nam/projects/subgallery/store-assets/DerivedData/Build/Intermediates.noindex/GoogleUtilities.build/Release-iphonesimulator/GoogleUtilities-Environment.build/Objects-normal/arm64/GULAppEnvironmentUtil.o.scan -- /Applications/Xcode.app/Contents/Developer/Toolchains/XcodeDefault.xctoolchain/usr/bin/clang -x objective-c -ivfsstatcache /Users/nam/projects/subgallery/store-assets/DerivedData/SDKStatCaches.noindex/iphonesimulator26.1-23B77-90cf18a4295e390e64c810bc6bd7acbc.sdkstatcache -fmessage-length\=0 -fdiagnostics-show-note-include-stack -fmacro-backtrace-limit\=0 -fno-color-diagnostics -fmodules-prune-interval\=86400 -fmodules-prune-after\=345600 -fbuild-session-file\=/Users/nam/projects/subgallery/store-assets/DerivedData/ModuleCache.noindex/Session.modulevalidation -fmodules-validate-once-per-build-session -Wnon-modular-include-in-framework-module -Werror\=non-modular-include-in-framework-module -Wno-trigraphs -Wno-missing-field-initializers -Wno-missing-prototypes -Wno-return-type -Wno-implicit-atomic-properties -Wno-objc-interface-ivars -Wno-arc-repeated-use-of-weak -Wno-missing-braces -Wparentheses -Wswitch -Wno-unused-function -Wno-unused-label -Wno-unused-parameter -Wno-unused-variable -Wunused-value -Wno-empty-body -Wno-uninitialized -Wno-unknown-pragmas -w -Wno-shadow -Wno-four-char-constants -Wno-conversion -Wno-constant-conversion -Wno-int-conversion -Wno-bool-conversion -Wno-enum-conversion -Wno-float-conversion -Wno-non-literal-null-conversion -Wno-objc-literal-conversion -Wshorten-64-to-32 -Wpointer-sign -Wno-newline-eof -Wno-selector -Wno-strict-selector-match -Wno-undeclared-selector -Wno-deprecated-implementations -Wno-implicit-fallthrough -fstrict-aliasing -Wprotocol -Wdeprecated-declarations -Wno-sign-conversion -Wno-infinite-recursion -Wno-comma -Wno-block-capture-autoreleasing -Wno-strict-prototypes -Wno-semicolon-before-method-body @/Users/nam/projects/subgallery/store-assets/DerivedData/Build/Intermediates.noindex/GoogleUtilities.build/Release-iphonesimulator/GoogleUtilities-Environment.build/Objects-normal/arm64/e6072d4f65d7061329687fe24e3d63a7-common-args.resp -include /Users/nam/projects/subgallery/store-assets/DerivedData/Build/Intermediates.noindex/GoogleUtilities.build/Release-iphonesimulator/GoogleUtilities-Environment.build/DerivedSources/resource_bundle_accessor.h -MMD -MT dependencies -MF /Users/nam/projects/subgallery/store-assets/DerivedData/Build/Intermediates.noindex/GoogleUtilities.build/Release-iphonesimulator/GoogleUtilities-Environment.build/Objects-normal/arm64/GULAppEnvironmentUtil.d --serialize-diagnostics /Users/nam/projects/subgallery/store-assets/DerivedData/Build/Intermediates.noindex/GoogleUtilities.build/Release-iphonesimulator/GoogleUtilities-Environment.build/Objects-normal/arm64/GULAppEnvironmentUtil.dia -c /Users/nam/projects/subgallery/store-assets/DerivedData/SourcePackages/checkouts/GoogleUtilities/GoogleUtilities/Environment/GULAppEnvironmentUtil.m -o /Users/nam/projects/subgallery/store-assets/DerivedData/Build/Intermediates.noindex/GoogleUtilities.build/Release-iphonesimulator/GoogleUtilities-Environment.build/Objects-normal/arm64/GULAppEnvironmentUtil.o

PrecompileModule /Users/nam/projects/subgallery/store-assets/DerivedData/Build/Intermediates.noindex/ExplicitPrecompiledModules/_DarwinFoundation3-981CJDCVLD2TFEKIUA6MRNKLA.scan
    cd /
    builtin-precompileModule /Users/nam/projects/subgallery/store-assets/DerivedData/Build/Intermediates.noindex/ExplicitPrecompiledModules/_DarwinFoundation3-981CJDCVLD2TFEKIUA6MRNKLA.scan

PrecompileModule /Users/nam/projects/subgallery/store-assets/DerivedData/Build/Intermediates.noindex/ExplicitPrecompiledModules/_Builtin_stdatomic-31AQ12ZS3YS2CNAM5TGFJO3H4.scan
    cd /
    builtin-precompileModule /Users/nam/projects/subgallery/store-assets/DerivedData/Build/Intermediates.noindex/ExplicitPrecompiledModules/_Builtin_stdatomic-31AQ12ZS3YS2CNAM5TGFJO3H4.scan

PrecompileModule /Users/nam/projects/subgallery/store-assets/DerivedData/Build/Intermediates.noindex/ExplicitPrecompiledModules/_DarwinFoundation3-ARKM3Q1A7EDBL30CAUYEJK9TL.scan
    cd /
    builtin-precompileModule /Users/nam/projects/subgallery/store-assets/DerivedData/Build/Intermediates.noindex/ExplicitPrecompiledModules/_DarwinFoundation3-ARKM3Q1A7EDBL30CAUYEJK9TL.scan

ScanDependencies /Users/nam/projects/subgallery/store-assets/DerivedData/Build/Intermediates.noindex/GoogleUtilities.build/Release-iphonesimulator/GoogleUtilities-AppDelegateSwizzler.build/Objects-normal/arm64/resource_bundle_accessor.o /Users/nam/projects/subgallery/store-assets/DerivedData/Build/Intermediates.noindex/GoogleUtilities.build/Release-iphonesimulator/GoogleUtilities-AppDelegateSwizzler.build/DerivedSources/resource_bundle_accessor.m normal arm64 objective-c com.apple.compilers.llvm.clang.1_0.compiler (in target 'GoogleUtilities-AppDelegateSwizzler' from project 'GoogleUtilities')
    cd /Users/nam/projects/subgallery/SubGallery.xcodeproj
    
    Using response file: /Users/nam/projects/subgallery/store-assets/DerivedData/Build/Intermediates.noindex/GoogleUtilities.build/Release-iphonesimulator/GoogleUtilities-AppDelegateSwizzler.build/Objects-normal/arm64/e6072d4f65d7061329687fe24e3d63a7-common-args.resp
    
    builtin-ScanDependencies -o /Users/nam/projects/subgallery/store-assets/DerivedData/Build/Intermediates.noindex/GoogleUtilities.build/Release-iphonesimulator/GoogleUtilities-AppDelegateSwizzler.build/Objects-normal/arm64/resource_bundle_accessor.o.scan -- /Applications/Xcode.app/Contents/Developer/Toolchains/XcodeDefault.xctoolchain/usr/bin/clang -x objective-c -ivfsstatcache /Users/nam/projects/subgallery/store-assets/DerivedData/SDKStatCaches.noindex/iphonesimulator26.1-23B77-90cf18a4295e390e64c810bc6bd7acbc.sdkstatcache -fmessage-length\=0 -fdiagnostics-show-note-include-stack -fmacro-backtrace-limit\=0 -fno-color-diagnostics -fmodules-prune-interval\=86400 -fmodules-prune-after\=345600 -fbuild-session-file\=/Users/nam/projects/subgallery/store-assets/DerivedData/ModuleCache.noindex/Session.modulevalidation -fmodules-validate-once-per-build-session -Wnon-modular-include-in-framework-module -Werror\=non-modular-include-in-framework-module -Wno-trigraphs -Wno-missing-field-initializers -Wno-missing-prototypes -Wno-return-type -Wno-implicit-atomic-properties -Wno-objc-interface-ivars -Wno-arc-repeated-use-of-weak -Wno-missing-braces -Wparentheses -Wswitch -Wno-unused-function -Wno-unused-label -Wno-unused-parameter -Wno-unused-variable -Wunused-value -Wno-empty-body -Wno-uninitialized -Wno-unknown-pragmas -w -Wno-shadow -Wno-four-char-constants -Wno-conversion -Wno-constant-conversion -Wno-int-conversion -Wno-bool-conversion -Wno-enum-conversion -Wno-float-conversion -Wno-non-literal-null-conversion -Wno-objc-literal-conversion -Wshorten-64-to-32 -Wpointer-sign -Wno-newline-eof -Wno-selector -Wno-strict-selector-match -Wno-undeclared-selector -Wno-deprecated-implementations -Wno-implicit-fallthrough -fstrict-aliasing -Wprotocol -Wdeprecated-declarations -Wno-sign-conversion -Wno-infinite-recursion -Wno-comma -Wno-block-capture-autoreleasing -Wno-strict-prototypes -Wno-semicolon-before-method-body @/Users/nam/projects/subgallery/store-assets/DerivedData/Build/Intermediates.noindex/GoogleUtilities.build/Release-iphonesimulator/GoogleUtilities-AppDelegateSwizzler.build/Objects-normal/arm64/e6072d4f65d7061329687fe24e3d63a7-common-args.resp -include /Users/nam/projects/subgallery/store-assets/DerivedData/Build/Intermediates.noindex/GoogleUtilities.build/Release-iphonesimulator/GoogleUtilities-AppDelegateSwizzler.build/DerivedSources/resource_bundle_accessor.h -MMD -MT dependencies -MF /Users/nam/projects/subgallery/store-assets/DerivedData/Build/Intermediates.noindex/GoogleUtilities.build/Release-iphonesimulator/GoogleUtilities-AppDelegateSwizzler.build/Objects-normal/arm64/resource_bundle_accessor.d --serialize-diagnostics /Users/nam/projects/subgallery/store-assets/DerivedData/Build/Intermediates.noindex/GoogleUtilities.build/Release-iphonesimulator/GoogleUtilities-AppDelegateSwizzler.build/Objects-normal/arm64/resource_bundle_accessor.dia -c /Users/nam/projects/subgallery/store-assets/DerivedData/Build/Intermediates.noindex/GoogleUtilities.build/Release-iphonesimulator/GoogleUtilities-AppDelegateSwizzler.build/DerivedSources/resource_bundle_accessor.m -o /Users/nam/projects/subgallery/store-assets/DerivedData/Build/Intermediates.noindex/GoogleUtilities.build/Release-iphonesimulator/GoogleUtilities-AppDelegateSwizzler.build/Objects-normal/arm64/resource_bundle_accessor.o

ScanDependencies /Users/nam/projects/subgallery/store-assets/DerivedData/Build/Intermediates.noindex/GoogleUtilities.build/Release-iphonesimulator/GoogleUtilities-AppDelegateSwizzler.build/Objects-normal/arm64/GULSceneDelegateSwizzler.o /Users/nam/projects/subgallery/store-assets/DerivedData/SourcePackages/checkouts/GoogleUtilities/GoogleUtilities/AppDelegateSwizzler/GULSceneDelegateSwizzler.m normal arm64 objective-c com.apple.compilers.llvm.clang.1_0.compiler (in target 'GoogleUtilities-AppDelegateSwizzler' from project 'GoogleUtilities')
    cd /Users/nam/projects/subgallery/SubGallery.xcodeproj
    
    Using response file: /Users/nam/projects/subgallery/store-assets/DerivedData/Build/Intermediates.noindex/GoogleUtilities.build/Release-iphonesimulator/GoogleUtilities-AppDelegateSwizzler.build/Objects-normal/arm64/e6072d4f65d7061329687fe24e3d63a7-common-args.resp
    
    builtin-ScanDependencies -o /Users/nam/projects/subgallery/store-assets/DerivedData/Build/Intermediates.noindex/GoogleUtilities.build/Release-iphonesimulator/GoogleUtilities-AppDelegateSwizzler.build/Objects-normal/arm64/GULSceneDelegateSwizzler.o.scan -- /Applications/Xcode.app/Contents/Developer/Toolchains/XcodeDefault.xctoolchain/usr/bin/clang -x objective-c -ivfsstatcache /Users/nam/projects/subgallery/store-assets/DerivedData/SDKStatCaches.noindex/iphonesimulator26.1-23B77-90cf18a4295e390e64c810bc6bd7acbc.sdkstatcache -fmessage-length\=0 -fdiagnostics-show-note-include-stack -fmacro-backtrace-limit\=0 -fno-color-diagnostics -fmodules-prune-interval\=86400 -fmodules-prune-after\=345600 -fbuild-session-file\=/Users/nam/projects/subgallery/store-assets/DerivedData/ModuleCache.noindex/Session.modulevalidation -fmodules-validate-once-per-build-session -Wnon-modular-include-in-framework-module -Werror\=non-modular-include-in-framework-module -Wno-trigraphs -Wno-missing-field-initializers -Wno-missing-prototypes -Wno-return-type -Wno-implicit-atomic-properties -Wno-objc-interface-ivars -Wno-arc-repeated-use-of-weak -Wno-missing-braces -Wparentheses -Wswitch -Wno-unused-function -Wno-unused-label -Wno-unused-parameter -Wno-unused-variable -Wunused-value -Wno-empty-body -Wno-uninitialized -Wno-unknown-pragmas -w -Wno-shadow -Wno-four-char-constants -Wno-conversion -Wno-constant-conversion -Wno-int-conversion -Wno-bool-conversion -Wno-enum-conversion -Wno-float-conversion -Wno-non-literal-null-conversion -Wno-objc-literal-conversion -Wshorten-64-to-32 -Wpointer-sign -Wno-newline-eof -Wno-selector -Wno-strict-selector-match -Wno-undeclared-selector -Wno-deprecated-implementations -Wno-implicit-fallthrough -fstrict-aliasing -Wprotocol -Wdeprecated-declarations -Wno-sign-conversion -Wno-infinite-recursion -Wno-comma -Wno-block-capture-autoreleasing -Wno-strict-prototypes -Wno-semicolon-before-method-body @/Users/nam/projects/subgallery/store-assets/DerivedData/Build/Intermediates.noindex/GoogleUtilities.build/Release-iphonesimulator/GoogleUtilities-AppDelegateSwizzler.build/Objects-normal/arm64/e6072d4f65d7061329687fe24e3d63a7-common-args.resp -include /Users/nam/projects/subgallery/store-assets/DerivedData/Build/Intermediates.noindex/GoogleUtilities.build/Release-iphonesimulator/GoogleUtilities-AppDelegateSwizzler.build/DerivedSources/resource_bundle_accessor.h -MMD -MT dependencies -MF /Users/nam/projects/subgallery/store-assets/DerivedData/Build/Intermediates.noindex/GoogleUtilities.build/Release-iphonesimulator/GoogleUtilities-AppDelegateSwizzler.build/Objects-normal/arm64/GULSceneDelegateSwizzler.d --serialize-diagnostics /Users/nam/projects/subgallery/store-assets/DerivedData/Build/Intermediates.noindex/GoogleUtilities.build/Release-iphonesimulator/GoogleUtilities-AppDelegateSwizzler.build/Objects-normal/arm64/GULSceneDelegateSwizzler.dia -c /Users/nam/projects/subgallery/store-assets/DerivedData/SourcePackages/checkouts/GoogleUtilities/GoogleUtilities/AppDelegateSwizzler/GULSceneDelegateSwizzler.m -o /Users/nam/projects/subgallery/store-assets/DerivedData/Build/Intermediates.noindex/GoogleUtilities.build/Release-iphonesimulator/GoogleUtilities-AppDelegateSwizzler.build/Objects-normal/arm64/GULSceneDelegateSwizzler.o

ScanDependencies /Users/nam/projects/subgallery/store-assets/DerivedData/Build/Intermediates.noindex/GoogleUtilities.build/Release-iphonesimulator/GoogleUtilities-AppDelegateSwizzler.build/Objects-normal/arm64/GULAppDelegateSwizzler.o /Users/nam/projects/subgallery/store-assets/DerivedData/SourcePackages/checkouts/GoogleUtilities/GoogleUtilities/AppDelegateSwizzler/GULAppDelegateSwizzler.m normal arm64 objective-c com.apple.compilers.llvm.clang.1_0.compiler (in target 'GoogleUtilities-AppDelegateSwizzler' from project 'GoogleUtilities')
    cd /Users/nam/projects/subgallery/SubGallery.xcodeproj
    
    Using response file: /Users/nam/projects/subgallery/store-assets/DerivedData/Build/Intermediates.noindex/GoogleUtilities.build/Release-iphonesimulator/GoogleUtilities-AppDelegateSwizzler.build/Objects-normal/arm64/e6072d4f65d7061329687fe24e3d63a7-common-args.resp
    
    builtin-ScanDependencies -o /Users/nam/projects/subgallery/store-assets/DerivedData/Build/Intermediates.noindex/GoogleUtilities.build/Release-iphonesimulator/GoogleUtilities-AppDelegateSwizzler.build/Objects-normal/arm64/GULAppDelegateSwizzler.o.scan -- /Applications/Xcode.app/Contents/Developer/Toolchains/XcodeDefault.xctoolchain/usr/bin/clang -x objective-c -ivfsstatcache /Users/nam/projects/subgallery/store-assets/DerivedData/SDKStatCaches.noindex/iphonesimulator26.1-23B77-90cf18a4295e390e64c810bc6bd7acbc.sdkstatcache -fmessage-length\=0 -fdiagnostics-show-note-include-stack -fmacro-backtrace-limit\=0 -fno-color-diagnostics -fmodules-prune-interval\=86400 -fmodules-prune-after\=345600 -fbuild-session-file\=/Users/nam/projects/subgallery/store-assets/DerivedData/ModuleCache.noindex/Session.modulevalidation -fmodules-validate-once-per-build-session -Wnon-modular-include-in-framework-module -Werror\=non-modular-include-in-framework-module -Wno-trigraphs -Wno-missing-field-initializers -Wno-missing-prototypes -Wno-return-type -Wno-implicit-atomic-properties -Wno-objc-interface-ivars -Wno-arc-repeated-use-of-weak -Wno-missing-braces -Wparentheses -Wswitch -Wno-unused-function -Wno-unused-label -Wno-unused-parameter -Wno-unused-variable -Wunused-value -Wno-empty-body -Wno-uninitialized -Wno-unknown-pragmas -w -Wno-shadow -Wno-four-char-constants -Wno-conversion -Wno-constant-conversion -Wno-int-conversion -Wno-bool-conversion -Wno-enum-conversion -Wno-float-conversion -Wno-non-literal-null-conversion -Wno-objc-literal-conversion -Wshorten-64-to-32 -Wpointer-sign -Wno-newline-eof -Wno-selector -Wno-strict-selector-match -Wno-undeclared-selector -Wno-deprecated-implementations -Wno-implicit-fallthrough -fstrict-aliasing -Wprotocol -Wdeprecated-declarations -Wno-sign-conversion -Wno-infinite-recursion -Wno-comma -Wno-block-capture-autoreleasing -Wno-strict-prototypes -Wno-semicolon-before-method-body @/Users/nam/projects/subgallery/store-assets/DerivedData/Build/Intermediates.noindex/GoogleUtilities.build/Release-iphonesimulator/GoogleUtilities-AppDelegateSwizzler.build/Objects-normal/arm64/e6072d4f65d7061329687fe24e3d63a7-common-args.resp -include /Users/nam/projects/subgallery/store-assets/DerivedData/Build/Intermediates.noindex/GoogleUtilities.build/Release-iphonesimulator/GoogleUtilities-AppDelegateSwizzler.build/DerivedSources/resource_bundle_accessor.h -MMD -MT dependencies -MF /Users/nam/projects/subgallery/store-assets/DerivedData/Build/Intermediates.noindex/GoogleUtilities.build/Release-iphonesimulator/GoogleUtilities-AppDelegateSwizzler.build/Objects-normal/arm64/GULAppDelegateSwizzler.d --serialize-diagnostics /Users/nam/projects/subgallery/store-assets/DerivedData/Build/Intermediates.noindex/GoogleUtilities.build/Release-iphonesimulator/GoogleUtilities-AppDelegateSwizzler.build/Objects-normal/arm64/GULAppDelegateSwizzler.dia -c /Users/nam/projects/subgallery/store-assets/DerivedData/SourcePackages/checkouts/GoogleUtilities/GoogleUtilities/AppDelegateSwizzler/GULAppDelegateSwizzler.m -o /Users/nam/projects/subgallery/store-assets/DerivedData/Build/Intermediates.noindex/GoogleUtilities.build/Release-iphonesimulator/GoogleUtilities-AppDelegateSwizzler.build/Objects-normal/arm64/GULAppDelegateSwizzler.o

ScanDependencies /Users/nam/projects/subgallery/store-assets/DerivedData/Build/Intermediates.noindex/GoogleAppMeasurement.build/Release-iphonesimulator/GoogleAppMeasurementTarget.build/Objects-normal/arm64/dummy.o /Users/nam/projects/subgallery/store-assets/DerivedData/SourcePackages/checkouts/GoogleAppMeasurement/GoogleAppMeasurementWrapper/dummy.m normal arm64 objective-c com.apple.compilers.llvm.clang.1_0.compiler (in target 'GoogleAppMeasurementTarget' from project 'GoogleAppMeasurement')
    cd /Users/nam/projects/subgallery/SubGallery.xcodeproj
    
    Using response file: /Users/nam/projects/subgallery/store-assets/DerivedData/Build/Intermediates.noindex/GoogleAppMeasurement.build/Release-iphonesimulator/GoogleAppMeasurementTarget.build/Objects-normal/arm64/e6072d4f65d7061329687fe24e3d63a7-common-args.resp
    
    builtin-ScanDependencies -o /Users/nam/projects/subgallery/store-assets/DerivedData/Build/Intermediates.noindex/GoogleAppMeasurement.build/Release-iphonesimulator/GoogleAppMeasurementTarget.build/Objects-normal/arm64/dummy.o.scan -- /Applications/Xcode.app/Contents/Developer/Toolchains/XcodeDefault.xctoolchain/usr/bin/clang -x objective-c -ivfsstatcache /Users/nam/projects/subgallery/store-assets/DerivedData/SDKStatCaches.noindex/iphonesimulator26.1-23B77-90cf18a4295e390e64c810bc6bd7acbc.sdkstatcache -fmessage-length\=0 -fdiagnostics-show-note-include-stack -fmacro-backtrace-limit\=0 -fno-color-diagnostics -fmodules-prune-interval\=86400 -fmodules-prune-after\=345600 -fbuild-session-file\=/Users/nam/projects/subgallery/store-assets/DerivedData/ModuleCache.noindex/Session.modulevalidation -fmodules-validate-once-per-build-session -Wnon-modular-include-in-framework-module -Werror\=non-modular-include-in-framework-module -Wno-trigraphs -Wno-missing-field-initializers -Wno-missing-prototypes -Wno-return-type -Wno-implicit-atomic-properties -Wno-objc-interface-ivars -Wno-arc-repeated-use-of-weak -Wno-missing-braces -Wparentheses -Wswitch -Wno-unused-function -Wno-unused-label -Wno-unused-parameter -Wno-unused-variable -Wunused-value -Wno-empty-body -Wno-uninitialized -Wno-unknown-pragmas -w -Wno-shadow -Wno-four-char-constants -Wno-conversion -Wno-constant-conversion -Wno-int-conversion -Wno-bool-conversion -Wno-enum-conversion -Wno-float-conversion -Wno-non-literal-null-conversion -Wno-objc-literal-conversion -Wshorten-64-to-32 -Wpointer-sign -Wno-newline-eof -Wno-selector -Wno-strict-selector-match -Wno-undeclared-selector -Wno-deprecated-implementations -Wno-implicit-fallthrough -fstrict-aliasing -Wprotocol -Wdeprecated-declarations -Wno-sign-conversion -Wno-infinite-recursion -Wno-comma -Wno-block-capture-autoreleasing -Wno-strict-prototypes -Wno-semicolon-before-method-body @/Users/nam/projects/subgallery/store-assets/DerivedData/Build/Intermediates.noindex/GoogleAppMeasurement.build/Release-iphonesimulator/GoogleAppMeasurementTarget.build/Objects-normal/arm64/e6072d4f65d7061329687fe24e3d63a7-common-args.resp -MMD -MT dependencies -MF /Users/nam/projects/subgallery/store-assets/DerivedData/Build/Intermediates.noindex/GoogleAppMeasurement.build/Release-iphonesimulator/GoogleAppMeasurementTarget.build/Objects-normal/arm64/dummy.d --serialize-diagnostics /Users/nam/projects/subgallery/store-assets/DerivedData/Build/Intermediates.noindex/GoogleAppMeasurement.build/Release-iphonesimulator/GoogleAppMeasurementTarget.build/Objects-normal/arm64/dummy.dia -c /Users/nam/projects/subgallery/store-assets/DerivedData/SourcePackages/checkouts/GoogleAppMeasurement/GoogleAppMeasurementWrapper/dummy.m -o /Users/nam/projects/subgallery/store-assets/DerivedData/Build/Intermediates.noindex/GoogleAppMeasurement.build/Release-iphonesimulator/GoogleAppMeasurementTarget.build/Objects-normal/arm64/dummy.o

ScanDependencies /Users/nam/projects/subgallery/store-assets/DerivedData/Build/Intermediates.noindex/GoogleAdsOnDeviceConversion.build/Release-iphonesimulator/GoogleAdsOnDeviceConversionTarget.build/Objects-normal/arm64/dummy.o /Users/nam/projects/subgallery/store-assets/DerivedData/SourcePackages/checkouts/google-ads-on-device-conversion-ios-sdk/GoogleAdsOnDeviceConversionWrapper/dummy.m normal arm64 objective-c com.apple.compilers.llvm.clang.1_0.compiler (in target 'GoogleAdsOnDeviceConversionTarget' from project 'GoogleAdsOnDeviceConversion')
    cd /Users/nam/projects/subgallery/SubGallery.xcodeproj
    
    Using response file: /Users/nam/projects/subgallery/store-assets/DerivedData/Build/Intermediates.noindex/GoogleAdsOnDeviceConversion.build/Release-iphonesimulator/GoogleAdsOnDeviceConversionTarget.build/Objects-normal/arm64/e6072d4f65d7061329687fe24e3d63a7-common-args.resp
    
    builtin-ScanDependencies -o /Users/nam/projects/subgallery/store-assets/DerivedData/Build/Intermediates.noindex/GoogleAdsOnDeviceConversion.build/Release-iphonesimulator/GoogleAdsOnDeviceConversionTarget.build/Objects-normal/arm64/dummy.o.scan -- /Applications/Xcode.app/Contents/Developer/Toolchains/XcodeDefault.xctoolchain/usr/bin/clang -x objective-c -ivfsstatcache /Users/nam/projects/subgallery/store-assets/DerivedData/SDKStatCaches.noindex/iphonesimulator26.1-23B77-90cf18a4295e390e64c810bc6bd7acbc.sdkstatcache -fmessage-length\=0 -fdiagnostics-show-note-include-stack -fmacro-backtrace-limit\=0 -fno-color-diagnostics -fmodules-prune-interval\=86400 -fmodules-prune-after\=345600 -fbuild-session-file\=/Users/nam/projects/subgallery/store-assets/DerivedData/ModuleCache.noindex/Session.modulevalidation -fmodules-validate-once-per-build-session -Wnon-modular-include-in-framework-module -Werror\=non-modular-include-in-framework-module -Wno-trigraphs -Wno-missing-field-initializers -Wno-missing-prototypes -Wno-return-type -Wno-implicit-atomic-properties -Wno-objc-interface-ivars -Wno-arc-repeated-use-of-weak -Wno-missing-braces -Wparentheses -Wswitch -Wno-unused-function -Wno-unused-label -Wno-unused-parameter -Wno-unused-variable -Wunused-value -Wno-empty-body -Wno-uninitialized -Wno-unknown-pragmas -w -Wno-shadow -Wno-four-char-constants -Wno-conversion -Wno-constant-conversion -Wno-int-conversion -Wno-bool-conversion -Wno-enum-conversion -Wno-float-conversion -Wno-non-literal-null-conversion -Wno-objc-literal-conversion -Wshorten-64-to-32 -Wpointer-sign -Wno-newline-eof -Wno-selector -Wno-strict-selector-match -Wno-undeclared-selector -Wno-deprecated-implementations -Wno-implicit-fallthrough -fstrict-aliasing -Wprotocol -Wdeprecated-declarations -Wno-sign-conversion -Wno-infinite-recursion -Wno-comma -Wno-block-capture-autoreleasing -Wno-strict-prototypes -Wno-semicolon-before-method-body @/Users/nam/projects/subgallery/store-assets/DerivedData/Build/Intermediates.noindex/GoogleAdsOnDeviceConversion.build/Release-iphonesimulator/GoogleAdsOnDeviceConversionTarget.build/Objects-normal/arm64/e6072d4f65d7061329687fe24e3d63a7-common-args.resp -MMD -MT dependencies -MF /Users/nam/projects/subgallery/store-assets/DerivedData/Build/Intermediates.noindex/GoogleAdsOnDeviceConversion.build/Release-iphonesimulator/GoogleAdsOnDeviceConversionTarget.build/Objects-normal/arm64/dummy.d --serialize-diagnostics /Users/nam/projects/subgallery/store-assets/DerivedData/Build/Intermediates.noindex/GoogleAdsOnDeviceConversion.build/Release-iphonesimulator/GoogleAdsOnDeviceConversionTarget.build/Objects-normal/arm64/dummy.dia -c /Users/nam/projects/subgallery/store-assets/DerivedData/SourcePackages/checkouts/google-ads-on-device-conversion-ios-sdk/GoogleAdsOnDeviceConversionWrapper/dummy.m -o /Users/nam/projects/subgallery/store-assets/DerivedData/Build/Intermediates.noindex/GoogleAdsOnDeviceConversion.build/Release-iphonesimulator/GoogleAdsOnDeviceConversionTarget.build/Objects-normal/arm64/dummy.o

CompileC /Users/nam/projects/subgallery/store-assets/DerivedData/Build/Intermediates.noindex/GoogleAppMeasurement.build/Release-iphonesimulator/GoogleAppMeasurementTarget.build/Objects-normal/arm64/dummy.o /Users/nam/projects/subgallery/store-assets/DerivedData/SourcePackages/checkouts/GoogleAppMeasurement/GoogleAppMeasurementWrapper/dummy.m normal arm64 objective-c com.apple.compilers.llvm.clang.1_0.compiler (in target 'GoogleAppMeasurementTarget' from project 'GoogleAppMeasurement')
    cd /Users/nam/projects/subgallery/SubGallery.xcodeproj
    
    Using response file: /Users/nam/projects/subgallery/store-assets/DerivedData/Build/Intermediates.noindex/GoogleAppMeasurement.build/Release-iphonesimulator/GoogleAppMeasurementTarget.build/Objects-normal/arm64/e6072d4f65d7061329687fe24e3d63a7-common-args.resp
    
    /Applications/Xcode.app/Contents/Developer/Toolchains/XcodeDefault.xctoolchain/usr/bin/clang -x objective-c -ivfsstatcache /Users/nam/projects/subgallery/store-assets/DerivedData/SDKStatCaches.noindex/iphonesimulator26.1-23B77-90cf18a4295e390e64c810bc6bd7acbc.sdkstatcache -fmessage-length\=0 -fdiagnostics-show-note-include-stack -fmacro-backtrace-limit\=0 -fno-color-diagnostics -fmodules-prune-interval\=86400 -fmodules-prune-after\=345600 -fbuild-session-file\=/Users/nam/projects/subgallery/store-assets/DerivedData/ModuleCache.noindex/Session.modulevalidation -fmodules-validate-once-per-build-session -Wnon-modular-include-in-framework-module -Werror\=non-modular-include-in-framework-module -Wno-trigraphs -Wno-missing-field-initializers -Wno-missing-prototypes -Wno-return-type -Wno-implicit-atomic-properties -Wno-objc-interface-ivars -Wno-arc-repeated-use-of-weak -Wno-missing-braces -Wparentheses -Wswitch -Wno-unused-function -Wno-unused-label -Wno-unused-parameter -Wno-unused-variable -Wunused-value -Wno-empty-body -Wno-uninitialized -Wno-unknown-pragmas -w -Wno-shadow -Wno-four-char-constants -Wno-conversion -Wno-constant-conversion -Wno-int-conversion -Wno-bool-conversion -Wno-enum-conversion -Wno-float-conversion -Wno-non-literal-null-conversion -Wno-objc-literal-conversion -Wshorten-64-to-32 -Wpointer-sign -Wno-newline-eof -Wno-selector -Wno-strict-selector-match -Wno-undeclared-selector -Wno-deprecated-implementations -Wno-implicit-fallthrough -fstrict-aliasing -Wprotocol -Wdeprecated-declarations -Wno-sign-conversion -Wno-infinite-recursion -Wno-comma -Wno-block-capture-autoreleasing -Wno-strict-prototypes -Wno-semicolon-before-method-body @/Users/nam/projects/subgallery/store-assets/DerivedData/Build/Intermediates.noindex/GoogleAppMeasurement.build/Release-iphonesimulator/GoogleAppMeasurementTarget.build/Objects-normal/arm64/e6072d4f65d7061329687fe24e3d63a7-common-args.resp -MMD -MT dependencies -MF /Users/nam/projects/subgallery/store-assets/DerivedData/Build/Intermediates.noindex/GoogleAppMeasurement.build/Release-iphonesimulator/GoogleAppMeasurementTarget.build/Objects-normal/arm64/dummy.d --serialize-diagnostics /Users/nam/projects/subgallery/store-assets/DerivedData/Build/Intermediates.noindex/GoogleAppMeasurement.build/Release-iphonesimulator/GoogleAppMeasurementTarget.build/Objects-normal/arm64/dummy.dia -c /Users/nam/projects/subgallery/store-assets/DerivedData/SourcePackages/checkouts/GoogleAppMeasurement/GoogleAppMeasurementWrapper/dummy.m -o /Users/nam/projects/subgallery/store-assets/DerivedData/Build/Intermediates.noindex/GoogleAppMeasurement.build/Release-iphonesimulator/GoogleAppMeasurementTarget.build/Objects-normal/arm64/dummy.o

SwiftDriver\ Compilation FirebaseCoreInternal normal arm64 com.apple.xcode.tools.swift.compiler (in target 'FirebaseCoreInternal' from project 'Firebase')
    cd /Users/nam/projects/subgallery/SubGallery.xcodeproj
    builtin-Swift-Compilation -- /Applications/Xcode.app/Contents/Developer/Toolchains/XcodeDefault.xctoolchain/usr/bin/swiftc -module-name FirebaseCoreInternal -O -whole-module-optimization -enforce-exclusivity\=checked @/Users/nam/projects/subgallery/store-assets/DerivedData/Build/Intermediates.noindex/Firebase.build/Release-iphonesimulator/FirebaseCoreInternal.build/Objects-normal/arm64/FirebaseCoreInternal.SwiftFileList -DSWIFT_PACKAGE -DSWIFT_MODULE_RESOURCE_BUNDLE_AVAILABLE -DSTORE_SCREENSHOTS -Xcc -fmodule-map-file\=/Users/nam/projects/subgallery/store-assets/DerivedData/Build/Intermediates.noindex/GeneratedModuleMaps-iphonesimulator/GoogleUtilities-NSData.modulemap -DXcode -plugin-path /Applications/Xcode.app/Contents/Developer/Toolchains/XcodeDefault.xctoolchain/usr/lib/swift/host/plugins/testing -enable-experimental-feature DebugDescriptionMacro -sdk /Applications/Xcode.app/Contents/Developer/Platforms/iPhoneSimulator.platform/Developer/SDKs/iPhoneSimulator26.1.sdk -target arm64-apple-ios15.0-simulator -g -module-cache-path /Users/nam/projects/subgallery/store-assets/DerivedData/ModuleCache.noindex -Xfrontend -serialize-debugging-options -suppress-warnings -swift-version 6 -I /Users/nam/projects/subgallery/store-assets/DerivedData/Build/Products/Release-iphonesimulator -Isystem /Applications/Xcode.app/Contents/Developer/Platforms/iPhoneSimulator.platform/Developer/usr/lib -F /Users/nam/projects/subgallery/store-assets/DerivedData/Build/Products/Release-iphonesimulator/PackageFrameworks -F /Users/nam/projects/subgallery/store-assets/DerivedData/Build/Products/Release-iphonesimulator -F /Applications/Xcode.app/Contents/Developer/Platforms/iPhoneSimulator.platform/Developer/Library/Frameworks -F /Applications/Xcode.app/Contents/Developer/Platforms/iPhoneSimulator.platform/Developer/SDKs/iPhoneSimulator26.1.sdk/Developer/Library/Frameworks -c -num-threads 10 -Xcc -ivfsstatcache -Xcc /Users/nam/projects/subgallery/store-assets/DerivedData/SDKStatCaches.noindex/iphonesimulator26.1-23B77-90cf18a4295e390e64c810bc6bd7acbc.sdkstatcache -output-file-map /Users/nam/projects/subgallery/store-assets/DerivedData/Build/Intermediates.noindex/Firebase.build/Release-iphonesimulator/FirebaseCoreInternal.build/Objects-normal/arm64/FirebaseCoreInternal-OutputFileMap.json -use-frontend-parseable-output -save-temps -no-color-diagnostics -explicit-module-build -module-cache-path /Users/nam/projects/subgallery/store-assets/DerivedData/Build/Intermediates.noindex/SwiftExplicitPrecompiledModules -clang-scanner-module-cache-path /Users/nam/projects/subgallery/store-assets/DerivedData/ModuleCache.noindex -sdk-module-cache-path /Users/nam/projects/subgallery/store-assets/DerivedData/ModuleCache.noindex -serialize-diagnostics -emit-dependencies -emit-module -emit-module-path /Users/nam/projects/subgallery/store-assets/DerivedData/Build/Intermediates.noindex/Firebase.build/Release-iphonesimulator/FirebaseCoreInternal.build/Objects-normal/arm64/FirebaseCoreInternal.swiftmodule -user-module-version 12.14.0 -validate-clang-modules-once -clang-build-session-file /Users/nam/projects/subgallery/store-assets/DerivedData/ModuleCache.noindex/Session.modulevalidation -package-name firebase_ios_sdk -Xcc -I/Users/nam/projects/subgallery/store-assets/DerivedData/Build/Intermediates.noindex/Firebase.build/Release-iphonesimulator/FirebaseCoreInternal.build/swift-overrides.hmap -emit-const-values -Xfrontend -const-gather-protocols-file -Xfrontend /Users/nam/projects/subgallery/store-assets/DerivedData/Build/Intermediates.noindex/Firebase.build/Release-iphonesimulator/FirebaseCoreInternal.build/Objects-normal/arm64/FirebaseCoreInternal_const_extract_protocols.json -Xcc -I/Users/nam/projects/subgallery/store-assets/DerivedData/SourcePackages/checkouts/GoogleUtilities/GoogleUtilities/NSData+zlib/Public -Xcc -I/Users/nam/projects/subgallery/store-assets/DerivedData/Build/Products/Release-iphonesimulator/include -Xcc -I/Users/nam/projects/subgallery/store-assets/DerivedData/Build/Intermediates.noindex/Firebase.build/Release-iphonesimulator/FirebaseCoreInternal.build/DerivedSources-normal/arm64 -Xcc -I/Users/nam/projects/subgallery/store-assets/DerivedData/Build/Intermediates.noindex/Firebase.build/Release-iphonesimulator/FirebaseCoreInternal.build/DerivedSources/arm64 -Xcc -I/Users/nam/projects/subgallery/store-assets/DerivedData/Build/Intermediates.noindex/Firebase.build/Release-iphonesimulator/FirebaseCoreInternal.build/DerivedSources -Xcc -DSWIFT_PACKAGE -emit-objc-header -emit-objc-header-path /Users/nam/projects/subgallery/store-assets/DerivedData/Build/Intermediates.noindex/Firebase.build/Release-iphonesimulator/FirebaseCoreInternal.build/Objects-normal/arm64/FirebaseCoreInternal-Swift.h -working-directory /Users/nam/projects/subgallery/SubGallery.xcodeproj -no-emit-module-separately-wmo

CompileC /Users/nam/projects/subgallery/store-assets/DerivedData/Build/Intermediates.noindex/GoogleAdsOnDeviceConversion.build/Release-iphonesimulator/GoogleAdsOnDeviceConversionTarget.build/Objects-normal/arm64/dummy.o /Users/nam/projects/subgallery/store-assets/DerivedData/SourcePackages/checkouts/google-ads-on-device-conversion-ios-sdk/GoogleAdsOnDeviceConversionWrapper/dummy.m normal arm64 objective-c com.apple.compilers.llvm.clang.1_0.compiler (in target 'GoogleAdsOnDeviceConversionTarget' from project 'GoogleAdsOnDeviceConversion')
    cd /Users/nam/projects/subgallery/SubGallery.xcodeproj
    
    Using response file: /Users/nam/projects/subgallery/store-assets/DerivedData/Build/Intermediates.noindex/GoogleAdsOnDeviceConversion.build/Release-iphonesimulator/GoogleAdsOnDeviceConversionTarget.build/Objects-normal/arm64/e6072d4f65d7061329687fe24e3d63a7-common-args.resp
    
    /Applications/Xcode.app/Contents/Developer/Toolchains/XcodeDefault.xctoolchain/usr/bin/clang -x objective-c -ivfsstatcache /Users/nam/projects/subgallery/store-assets/DerivedData/SDKStatCaches.noindex/iphonesimulator26.1-23B77-90cf18a4295e390e64c810bc6bd7acbc.sdkstatcache -fmessage-length\=0 -fdiagnostics-show-note-include-stack -fmacro-backtrace-limit\=0 -fno-color-diagnostics -fmodules-prune-interval\=86400 -fmodules-prune-after\=345600 -fbuild-session-file\=/Users/nam/projects/subgallery/store-assets/DerivedData/ModuleCache.noindex/Session.modulevalidation -fmodules-validate-once-per-build-session -Wnon-modular-include-in-framework-module -Werror\=non-modular-include-in-framework-module -Wno-trigraphs -Wno-missing-field-initializers -Wno-missing-prototypes -Wno-return-type -Wno-implicit-atomic-properties -Wno-objc-interface-ivars -Wno-arc-repeated-use-of-weak -Wno-missing-braces -Wparentheses -Wswitch -Wno-unused-function -Wno-unused-label -Wno-unused-parameter -Wno-unused-variable -Wunused-value -Wno-empty-body -Wno-uninitialized -Wno-unknown-pragmas -w -Wno-shadow -Wno-four-char-constants -Wno-conversion -Wno-constant-conversion -Wno-int-conversion -Wno-bool-conversion -Wno-enum-conversion -Wno-float-conversion -Wno-non-literal-null-conversion -Wno-objc-literal-conversion -Wshorten-64-to-32 -Wpointer-sign -Wno-newline-eof -Wno-selector -Wno-strict-selector-match -Wno-undeclared-selector -Wno-deprecated-implementations -Wno-implicit-fallthrough -fstrict-aliasing -Wprotocol -Wdeprecated-declarations -Wno-sign-conversion -Wno-infinite-recursion -Wno-comma -Wno-block-capture-autoreleasing -Wno-strict-prototypes -Wno-semicolon-before-method-body @/Users/nam/projects/subgallery/store-assets/DerivedData/Build/Intermediates.noindex/GoogleAdsOnDeviceConversion.build/Release-iphonesimulator/GoogleAdsOnDeviceConversionTarget.build/Objects-normal/arm64/e6072d4f65d7061329687fe24e3d63a7-common-args.resp -MMD -MT dependencies -MF /Users/nam/projects/subgallery/store-assets/DerivedData/Build/Intermediates.noindex/GoogleAdsOnDeviceConversion.build/Release-iphonesimulator/GoogleAdsOnDeviceConversionTarget.build/Objects-normal/arm64/dummy.d --serialize-diagnostics /Users/nam/projects/subgallery/store-assets/DerivedData/Build/Intermediates.noindex/GoogleAdsOnDeviceConversion.build/Release-iphonesimulator/GoogleAdsOnDeviceConversionTarget.build/Objects-normal/arm64/dummy.dia -c /Users/nam/projects/subgallery/store-assets/DerivedData/SourcePackages/checkouts/google-ads-on-device-conversion-ios-sdk/GoogleAdsOnDeviceConversionWrapper/dummy.m -o /Users/nam/projects/subgallery/store-assets/DerivedData/Build/Intermediates.noindex/GoogleAdsOnDeviceConversion.build/Release-iphonesimulator/GoogleAdsOnDeviceConversionTarget.build/Objects-normal/arm64/dummy.o

ScanDependencies /Users/nam/projects/subgallery/store-assets/DerivedData/Build/Intermediates.noindex/Firebase.build/Release-iphonesimulator/Firebase.build/Objects-normal/arm64/dummy.o /Users/nam/projects/subgallery/store-assets/DerivedData/SourcePackages/checkouts/firebase-ios-sdk/CoreOnly/Sources/dummy.m normal arm64 objective-c com.apple.compilers.llvm.clang.1_0.compiler (in target 'Firebase' from project 'Firebase')
    cd /Users/nam/projects/subgallery/SubGallery.xcodeproj
    
    Using response file: /Users/nam/projects/subgallery/store-assets/DerivedData/Build/Intermediates.noindex/Firebase.build/Release-iphonesimulator/Firebase.build/Objects-normal/arm64/e6072d4f65d7061329687fe24e3d63a7-common-args.resp
    
    builtin-ScanDependencies -o /Users/nam/projects/subgallery/store-assets/DerivedData/Build/Intermediates.noindex/Firebase.build/Release-iphonesimulator/Firebase.build/Objects-normal/arm64/dummy.o.scan -- /Applications/Xcode.app/Contents/Developer/Toolchains/XcodeDefault.xctoolchain/usr/bin/clang -x objective-c -ivfsstatcache /Users/nam/projects/subgallery/store-assets/DerivedData/SDKStatCaches.noindex/iphonesimulator26.1-23B77-90cf18a4295e390e64c810bc6bd7acbc.sdkstatcache -fmessage-length\=0 -fdiagnostics-show-note-include-stack -fmacro-backtrace-limit\=0 -fno-color-diagnostics -fmodules-prune-interval\=86400 -fmodules-prune-after\=345600 -fbuild-session-file\=/Users/nam/projects/subgallery/store-assets/DerivedData/ModuleCache.noindex/Session.modulevalidation -fmodules-validate-once-per-build-session -Wnon-modular-include-in-framework-module -Werror\=non-modular-include-in-framework-module -Wno-trigraphs -Wno-missing-field-initializers -Wno-missing-prototypes -Wno-return-type -Wno-implicit-atomic-properties -Wno-objc-interface-ivars -Wno-arc-repeated-use-of-weak -Wno-missing-braces -Wparentheses -Wswitch -Wno-unused-function -Wno-unused-label -Wno-unused-parameter -Wno-unused-variable -Wunused-value -Wno-empty-body -Wno-uninitialized -Wno-unknown-pragmas -w -Wno-shadow -Wno-four-char-constants -Wno-conversion -Wno-constant-conversion -Wno-int-conversion -Wno-bool-conversion -Wno-enum-conversion -Wno-float-conversion -Wno-non-literal-null-conversion -Wno-objc-literal-conversion -Wshorten-64-to-32 -Wpointer-sign -Wno-newline-eof -Wno-selector -Wno-strict-selector-match -Wno-undeclared-selector -Wno-deprecated-implementations -Wno-implicit-fallthrough -fstrict-aliasing -Wprotocol -Wdeprecated-declarations -Wno-sign-conversion -Wno-infinite-recursion -Wno-comma -Wno-block-capture-autoreleasing -Wno-strict-prototypes -Wno-semicolon-before-method-body @/Users/nam/projects/subgallery/store-assets/DerivedData/Build/Intermediates.noindex/Firebase.build/Release-iphonesimulator/Firebase.build/Objects-normal/arm64/e6072d4f65d7061329687fe24e3d63a7-common-args.resp -MMD -MT dependencies -MF /Users/nam/projects/subgallery/store-assets/DerivedData/Build/Intermediates.noindex/Firebase.build/Release-iphonesimulator/Firebase.build/Objects-normal/arm64/dummy.d --serialize-diagnostics /Users/nam/projects/subgallery/store-assets/DerivedData/Build/Intermediates.noindex/Firebase.build/Release-iphonesimulator/Firebase.build/Objects-normal/arm64/dummy.dia -c /Users/nam/projects/subgallery/store-assets/DerivedData/SourcePackages/checkouts/firebase-ios-sdk/CoreOnly/Sources/dummy.m -o /Users/nam/projects/subgallery/store-assets/DerivedData/Build/Intermediates.noindex/Firebase.build/Release-iphonesimulator/Firebase.build/Objects-normal/arm64/dummy.o

PrecompileModule /Users/nam/projects/subgallery/store-assets/DerivedData/Build/Intermediates.noindex/ExplicitPrecompiledModules/_Builtin_stdint-96QX2TYT3AVK7SCL4PB7XWYG1.scan
    cd /
    builtin-precompileModule /Users/nam/projects/subgallery/store-assets/DerivedData/Build/Intermediates.noindex/ExplicitPrecompiledModules/_Builtin_stdint-96QX2TYT3AVK7SCL4PB7XWYG1.scan

CompileC /Users/nam/projects/subgallery/store-assets/DerivedData/Build/Intermediates.noindex/Firebase.build/Release-iphonesimulator/Firebase.build/Objects-normal/arm64/dummy.o /Users/nam/projects/subgallery/store-assets/DerivedData/SourcePackages/checkouts/firebase-ios-sdk/CoreOnly/Sources/dummy.m normal arm64 objective-c com.apple.compilers.llvm.clang.1_0.compiler (in target 'Firebase' from project 'Firebase')
    cd /Users/nam/projects/subgallery/SubGallery.xcodeproj
    
    Using response file: /Users/nam/projects/subgallery/store-assets/DerivedData/Build/Intermediates.noindex/Firebase.build/Release-iphonesimulator/Firebase.build/Objects-normal/arm64/e6072d4f65d7061329687fe24e3d63a7-common-args.resp
    
    /Applications/Xcode.app/Contents/Developer/Toolchains/XcodeDefault.xctoolchain/usr/bin/clang -x objective-c -ivfsstatcache /Users/nam/projects/subgallery/store-assets/DerivedData/SDKStatCaches.noindex/iphonesimulator26.1-23B77-90cf18a4295e390e64c810bc6bd7acbc.sdkstatcache -fmessage-length\=0 -fdiagnostics-show-note-include-stack -fmacro-backtrace-limit\=0 -fno-color-diagnostics -fmodules-prune-interval\=86400 -fmodules-prune-after\=345600 -fbuild-session-file\=/Users/nam/projects/subgallery/store-assets/DerivedData/ModuleCache.noindex/Session.modulevalidation -fmodules-validate-once-per-build-session -Wnon-modular-include-in-framework-module -Werror\=non-modular-include-in-framework-module -Wno-trigraphs -Wno-missing-field-initializers -Wno-missing-prototypes -Wno-return-type -Wno-implicit-atomic-properties -Wno-objc-interface-ivars -Wno-arc-repeated-use-of-weak -Wno-missing-braces -Wparentheses -Wswitch -Wno-unused-function -Wno-unused-label -Wno-unused-parameter -Wno-unused-variable -Wunused-value -Wno-empty-body -Wno-uninitialized -Wno-unknown-pragmas -w -Wno-shadow -Wno-four-char-constants -Wno-conversion -Wno-constant-conversion -Wno-int-conversion -Wno-bool-conversion -Wno-enum-conversion -Wno-float-conversion -Wno-non-literal-null-conversion -Wno-objc-literal-conversion -Wshorten-64-to-32 -Wpointer-sign -Wno-newline-eof -Wno-selector -Wno-strict-selector-match -Wno-undeclared-selector -Wno-deprecated-implementations -Wno-implicit-fallthrough -fstrict-aliasing -Wprotocol -Wdeprecated-declarations -Wno-sign-conversion -Wno-infinite-recursion -Wno-comma -Wno-block-capture-autoreleasing -Wno-strict-prototypes -Wno-semicolon-before-method-body @/Users/nam/projects/subgallery/store-assets/DerivedData/Build/Intermediates.noindex/Firebase.build/Release-iphonesimulator/Firebase.build/Objects-normal/arm64/e6072d4f65d7061329687fe24e3d63a7-common-args.resp -MMD -MT dependencies -MF /Users/nam/projects/subgallery/store-assets/DerivedData/Build/Intermediates.noindex/Firebase.build/Release-iphonesimulator/Firebase.build/Objects-normal/arm64/dummy.d --serialize-diagnostics /Users/nam/projects/subgallery/store-assets/DerivedData/Build/Intermediates.noindex/Firebase.build/Release-iphonesimulator/Firebase.build/Objects-normal/arm64/dummy.dia -c /Users/nam/projects/subgallery/store-assets/DerivedData/SourcePackages/checkouts/firebase-ios-sdk/CoreOnly/Sources/dummy.m -o /Users/nam/projects/subgallery/store-assets/DerivedData/Build/Intermediates.noindex/Firebase.build/Release-iphonesimulator/Firebase.build/Objects-normal/arm64/dummy.o

ScanDependencies /Users/nam/projects/subgallery/store-assets/DerivedData/Build/Intermediates.noindex/Promises.build/Release-iphonesimulator/FBLPromises.build/Objects-normal/arm64/resource_bundle_accessor.o /Users/nam/projects/subgallery/store-assets/DerivedData/Build/Intermediates.noindex/Promises.build/Release-iphonesimulator/FBLPromises.build/DerivedSources/resource_bundle_accessor.m normal arm64 objective-c com.apple.compilers.llvm.clang.1_0.compiler (in target 'FBLPromises' from project 'Promises')
    cd /Users/nam/projects/subgallery/SubGallery.xcodeproj
    
    Using response file: /Users/nam/projects/subgallery/store-assets/DerivedData/Build/Intermediates.noindex/Promises.build/Release-iphonesimulator/FBLPromises.build/Objects-normal/arm64/e6072d4f65d7061329687fe24e3d63a7-common-args.resp
    
    builtin-ScanDependencies -o /Users/nam/projects/subgallery/store-assets/DerivedData/Build/Intermediates.noindex/Promises.build/Release-iphonesimulator/FBLPromises.build/Objects-normal/arm64/resource_bundle_accessor.o.scan -- /Applications/Xcode.app/Contents/Developer/Toolchains/XcodeDefault.xctoolchain/usr/bin/clang -x objective-c -ivfsstatcache /Users/nam/projects/subgallery/store-assets/DerivedData/SDKStatCaches.noindex/iphonesimulator26.1-23B77-90cf18a4295e390e64c810bc6bd7acbc.sdkstatcache -fmessage-length\=0 -fdiagnostics-show-note-include-stack -fmacro-backtrace-limit\=0 -fno-color-diagnostics -fmodules-prune-interval\=86400 -fmodules-prune-after\=345600 -fbuild-session-file\=/Users/nam/projects/subgallery/store-assets/DerivedData/ModuleCache.noindex/Session.modulevalidation -fmodules-validate-once-per-build-session -Wnon-modular-include-in-framework-module -Werror\=non-modular-include-in-framework-module -Wno-trigraphs -Wno-missing-field-initializers -Wno-missing-prototypes -Wno-return-type -Wno-implicit-atomic-properties -Wno-objc-interface-ivars -Wno-arc-repeated-use-of-weak -Wno-missing-braces -Wparentheses -Wswitch -Wno-unused-function -Wno-unused-label -Wno-unused-parameter -Wno-unused-variable -Wunused-value -Wno-empty-body -Wno-uninitialized -Wno-unknown-pragmas -w -Wno-shadow -Wno-four-char-constants -Wno-conversion -Wno-constant-conversion -Wno-int-conversion -Wno-bool-conversion -Wno-enum-conversion -Wno-float-conversion -Wno-non-literal-null-conversion -Wno-objc-literal-conversion -Wshorten-64-to-32 -Wpointer-sign -Wno-newline-eof -Wno-selector -Wno-strict-selector-match -Wno-undeclared-selector -Wno-deprecated-implementations -Wno-implicit-fallthrough -fstrict-aliasing -Wprotocol -Wdeprecated-declarations -Wno-sign-conversion -Wno-infinite-recursion -Wno-comma -Wno-block-capture-autoreleasing -Wno-strict-prototypes -Wno-semicolon-before-method-body @/Users/nam/projects/subgallery/store-assets/DerivedData/Build/Intermediates.noindex/Promises.build/Release-iphonesimulator/FBLPromises.build/Objects-normal/arm64/e6072d4f65d7061329687fe24e3d63a7-common-args.resp -include /Users/nam/projects/subgallery/store-assets/DerivedData/Build/Intermediates.noindex/Promises.build/Release-iphonesimulator/FBLPromises.build/DerivedSources/resource_bundle_accessor.h -MMD -MT dependencies -MF /Users/nam/projects/subgallery/store-assets/DerivedData/Build/Intermediates.noindex/Promises.build/Release-iphonesimulator/FBLPromises.build/Objects-normal/arm64/resource_bundle_accessor.d --serialize-diagnostics /Users/nam/projects/subgallery/store-assets/DerivedData/Build/Intermediates.noindex/Promises.build/Release-iphonesimulator/FBLPromises.build/Objects-normal/arm64/resource_bundle_accessor.dia -c /Users/nam/projects/subgallery/store-assets/DerivedData/Build/Intermediates.noindex/Promises.build/Release-iphonesimulator/FBLPromises.build/DerivedSources/resource_bundle_accessor.m -o /Users/nam/projects/subgallery/store-assets/DerivedData/Build/Intermediates.noindex/Promises.build/Release-iphonesimulator/FBLPromises.build/Objects-normal/arm64/resource_bundle_accessor.o

ScanDependencies /Users/nam/projects/subgallery/store-assets/DerivedData/Build/Intermediates.noindex/Promises.build/Release-iphonesimulator/FBLPromises.build/Objects-normal/arm64/FBLPromiseError.o /Users/nam/projects/subgallery/store-assets/DerivedData/SourcePackages/checkouts/promises/Sources/FBLPromises/FBLPromiseError.m normal arm64 objective-c com.apple.compilers.llvm.clang.1_0.compiler (in target 'FBLPromises' from project 'Promises')
    cd /Users/nam/projects/subgallery/SubGallery.xcodeproj
    
    Using response file: /Users/nam/projects/subgallery/store-assets/DerivedData/Build/Intermediates.noindex/Promises.build/Release-iphonesimulator/FBLPromises.build/Objects-normal/arm64/e6072d4f65d7061329687fe24e3d63a7-common-args.resp
    
    builtin-ScanDependencies -o /Users/nam/projects/subgallery/store-assets/DerivedData/Build/Intermediates.noindex/Promises.build/Release-iphonesimulator/FBLPromises.build/Objects-normal/arm64/FBLPromiseError.o.scan -- /Applications/Xcode.app/Contents/Developer/Toolchains/XcodeDefault.xctoolchain/usr/bin/clang -x objective-c -ivfsstatcache /Users/nam/projects/subgallery/store-assets/DerivedData/SDKStatCaches.noindex/iphonesimulator26.1-23B77-90cf18a4295e390e64c810bc6bd7acbc.sdkstatcache -fmessage-length\=0 -fdiagnostics-show-note-include-stack -fmacro-backtrace-limit\=0 -fno-color-diagnostics -fmodules-prune-interval\=86400 -fmodules-prune-after\=345600 -fbuild-session-file\=/Users/nam/projects/subgallery/store-assets/DerivedData/ModuleCache.noindex/Session.modulevalidation -fmodules-validate-once-per-build-session -Wnon-modular-include-in-framework-module -Werror\=non-modular-include-in-framework-module -Wno-trigraphs -Wno-missing-field-initializers -Wno-missing-prototypes -Wno-return-type -Wno-implicit-atomic-properties -Wno-objc-interface-ivars -Wno-arc-repeated-use-of-weak -Wno-missing-braces -Wparentheses -Wswitch -Wno-unused-function -Wno-unused-label -Wno-unused-parameter -Wno-unused-variable -Wunused-value -Wno-empty-body -Wno-uninitialized -Wno-unknown-pragmas -w -Wno-shadow -Wno-four-char-constants -Wno-conversion -Wno-constant-conversion -Wno-int-conversion -Wno-bool-conversion -Wno-enum-conversion -Wno-float-conversion -Wno-non-literal-null-conversion -Wno-objc-literal-conversion -Wshorten-64-to-32 -Wpointer-sign -Wno-newline-eof -Wno-selector -Wno-strict-selector-match -Wno-undeclared-selector -Wno-deprecated-implementations -Wno-implicit-fallthrough -fstrict-aliasing -Wprotocol -Wdeprecated-declarations -Wno-sign-conversion -Wno-infinite-recursion -Wno-comma -Wno-block-capture-autoreleasing -Wno-strict-prototypes -Wno-semicolon-before-method-body @/Users/nam/projects/subgallery/store-assets/DerivedData/Build/Intermediates.noindex/Promises.build/Release-iphonesimulator/FBLPromises.build/Objects-normal/arm64/e6072d4f65d7061329687fe24e3d63a7-common-args.resp -include /Users/nam/projects/subgallery/store-assets/DerivedData/Build/Intermediates.noindex/Promises.build/Release-iphonesimulator/FBLPromises.build/DerivedSources/resource_bundle_accessor.h -MMD -MT dependencies -MF /Users/nam/projects/subgallery/store-assets/DerivedData/Build/Intermediates.noindex/Promises.build/Release-iphonesimulator/FBLPromises.build/Objects-normal/arm64/FBLPromiseError.d --serialize-diagnostics /Users/nam/projects/subgallery/store-assets/DerivedData/Build/Intermediates.noindex/Promises.build/Release-iphonesimulator/FBLPromises.build/Objects-normal/arm64/FBLPromiseError.dia -c /Users/nam/projects/subgallery/store-assets/DerivedData/SourcePackages/checkouts/promises/Sources/FBLPromises/FBLPromiseError.m -o /Users/nam/projects/subgallery/store-assets/DerivedData/Build/Intermediates.noindex/Promises.build/Release-iphonesimulator/FBLPromises.build/Objects-normal/arm64/FBLPromiseError.o

PrecompileModule /Users/nam/projects/subgallery/store-assets/DerivedData/Build/Intermediates.noindex/ExplicitPrecompiledModules/_Builtin_inttypes-DQYNWYTXMXXB13F8OPN68KTH1.scan
    cd /
    builtin-precompileModule /Users/nam/projects/subgallery/store-assets/DerivedData/Build/Intermediates.noindex/ExplicitPrecompiledModules/_Builtin_inttypes-DQYNWYTXMXXB13F8OPN68KTH1.scan

PrecompileModule /Users/nam/projects/subgallery/store-assets/DerivedData/Build/Intermediates.noindex/ExplicitPrecompiledModules/zlib-AZO5CUC3YOHDCU7XQ5T15W1OF.scan
    cd /
    builtin-precompileModule /Users/nam/projects/subgallery/store-assets/DerivedData/Build/Intermediates.noindex/ExplicitPrecompiledModules/zlib-AZO5CUC3YOHDCU7XQ5T15W1OF.scan

Ld /Users/nam/projects/subgallery/store-assets/DerivedData/Build/Products/Release-iphonesimulator/Firebase.o normal (in target 'Firebase' from project 'Firebase')
    cd /Users/nam/projects/subgallery/store-assets/DerivedData/SourcePackages/checkouts/firebase-ios-sdk
    /Applications/Xcode.app/Contents/Developer/Toolchains/XcodeDefault.xctoolchain/usr/bin/clang -Xlinker -reproducible -target arm64-apple-ios15.0-simulator -r -isysroot /Applications/Xcode.app/Contents/Developer/Platforms/iPhoneSimulator.platform/Developer/SDKs/iPhoneSimulator26.1.sdk -Os -w -L/Users/nam/projects/subgallery/store-assets/DerivedData/Build/Intermediates.noindex/EagerLinkingTBDs/Release-iphonesimulator -L/Users/nam/projects/subgallery/store-assets/DerivedData/Build/Products/Release-iphonesimulator -L/Applications/Xcode.app/Contents/Developer/Platforms/iPhoneSimulator.platform/Developer/usr/lib -F/Users/nam/projects/subgallery/store-assets/DerivedData/Build/Intermediates.noindex/EagerLinkingTBDs/Release-iphonesimulator -F/Users/nam/projects/subgallery/store-assets/DerivedData/Build/Products/Release-iphonesimulator -iframework /Applications/Xcode.app/Contents/Developer/Platforms/iPhoneSimulator.platform/Developer/Library/Frameworks -iframework /Applications/Xcode.app/Contents/Developer/Platforms/iPhoneSimulator.platform/Developer/SDKs/iPhoneSimulator26.1.sdk/Developer/Library/Frameworks -filelist /Users/nam/projects/subgallery/store-assets/DerivedData/Build/Intermediates.noindex/Firebase.build/Release-iphonesimulator/Firebase.build/Objects-normal/arm64/Firebase.LinkFileList -nostdlib -Xlinker -object_path_lto -Xlinker /Users/nam/projects/subgallery/store-assets/DerivedData/Build/Intermediates.noindex/Firebase.build/Release-iphonesimulator/Firebase.build/Objects-normal/arm64/Firebase_lto.o -Xlinker -objc_abi_version -Xlinker 2 -Xlinker -dependency_info -Xlinker /Users/nam/projects/subgallery/store-assets/DerivedData/Build/Intermediates.noindex/Firebase.build/Release-iphonesimulator/Firebase.build/Objects-normal/arm64/Firebase_dependency_info.dat -fobjc-arc -fobjc-link-runtime -o /Users/nam/projects/subgallery/store-assets/DerivedData/Build/Products/Release-iphonesimulator/Firebase.o

SwiftExplicitDependencyGeneratePcm arm64 /Users/nam/projects/subgallery/store-assets/DerivedData/ModuleCache.noindex/_Builtin_limits-AYX63Z7QWQM5VDUTT4R2KOX5N.pcm

SwiftExplicitDependencyGeneratePcm arm64 /Users/nam/projects/subgallery/store-assets/DerivedData/ModuleCache.noindex/_DarwinFoundation2-DSNMSATB1WQBLRK35L9IUQ8Z7.pcm

PrecompileModule /Users/nam/projects/subgallery/store-assets/DerivedData/Build/Intermediates.noindex/ExplicitPrecompiledModules/Darwin-24ICZ9R24GCZ1KYLNM4P4KH3R.scan
    cd /
    builtin-precompileModule /Users/nam/projects/subgallery/store-assets/DerivedData/Build/Intermediates.noindex/ExplicitPrecompiledModules/Darwin-24ICZ9R24GCZ1KYLNM4P4KH3R.scan

PrecompileModule /Users/nam/projects/subgallery/store-assets/DerivedData/Build/Intermediates.noindex/ExplicitPrecompiledModules/_DarwinFoundation3-4H72J614YZBQ7C89HWMX04LE8.scan
    cd /
    builtin-precompileModule /Users/nam/projects/subgallery/store-assets/DerivedData/Build/Intermediates.noindex/ExplicitPrecompiledModules/_DarwinFoundation3-4H72J614YZBQ7C89HWMX04LE8.scan

PrecompileModule /Users/nam/projects/subgallery/store-assets/DerivedData/Build/Intermediates.noindex/ExplicitPrecompiledModules/_Builtin_inttypes-Q6YFX9JPMEI9MW2BUBA1N5V2.scan
    cd /
    builtin-precompileModule /Users/nam/projects/subgallery/store-assets/DerivedData/Build/Intermediates.noindex/ExplicitPrecompiledModules/_Builtin_inttypes-Q6YFX9JPMEI9MW2BUBA1N5V2.scan

PrecompileModule /Users/nam/projects/subgallery/store-assets/DerivedData/Build/Intermediates.noindex/ExplicitPrecompiledModules/Darwin-98BOTWM7OGM6CRSFYZJ7H7L5N.scan
    cd /
    builtin-precompileModule /Users/nam/projects/subgallery/store-assets/DerivedData/Build/Intermediates.noindex/ExplicitPrecompiledModules/Darwin-98BOTWM7OGM6CRSFYZJ7H7L5N.scan
error: unable to open output file '/Users/nam/projects/subgallery/store-assets/DerivedData/Build/Intermediates.noindex/ExplicitPrecompiledModules/Darwin-98BOTWM7OGM6CRSFYZJ7H7L5N.pcm': 'No space left on device'
1 error generated.
Failed frontend command:
/Applications/Xcode.app/Contents/Developer/Toolchains/XcodeDefault.xctoolchain/usr/bin/clang -cc1 -fdiagnostics-show-note-include-stack -fmacro-backtrace-limit\=0 -w -ferror-limit 19 -serialize-diagnostic-file /Users/nam/projects/subgallery/store-assets/DerivedData/Build/Intermediates.noindex/ExplicitPrecompiledModules/Darwin-98BOTWM7OGM6CRSFYZJ7H7L5N.dia -fsystem-module -fmodule-map-file\=/Applications/Xcode.app/Contents/Developer/Platforms/iPhoneSimulator.platform/Developer/SDKs/iPhoneSimulator26.1.sdk/usr/include/DarwinFoundation2.modulemap -fmodule-map-file\=/Applications/Xcode.app/Contents/Developer/Platforms/iPhoneSimulator.platform/Developer/SDKs/iPhoneSimulator26.1.sdk/usr/include/DarwinFoundation3.modulemap -fmodule-map-file\=/Applications/Xcode.app/Contents/Developer/Platforms/iPhoneSimulator.platform/Developer/SDKs/iPhoneSimulator26.1.sdk/usr/include/DarwinFoundation1.modulemap -fmodule-map-file\=/Applications/Xcode.app/Contents/Developer/Toolchains/XcodeDefault.xctoolchain/usr/lib/clang/17/include/module.modulemap -o /Users/nam/projects/subgallery/store-assets/DerivedData/Build/Intermediates.noindex/ExplicitPrecompiledModules/Darwin-98BOTWM7OGM6CRSFYZJ7H7L5N.pcm -disable-free -emit-module -x objective-c /Applications/Xcode.app/Contents/Developer/Platforms/iPhoneSimulator.platform/Developer/SDKs/iPhoneSimulator.sdk/usr/include/Darwin.modulemap -target-abi darwinpcs -target-cpu apple-m1 -target-feature +zcm -target-feature +zcz -target-feature +v8.5a -target-feature +aes -target-feature +altnzcv -target-feature +ccdp -target-feature +complxnum -target-feature +crc -target-feature +dotprod -target-feature +fp-armv8 -target-feature +fp16fml -target-feature +fptoint -target-feature +fullfp16 -target-feature +jsconv -target-feature +lse -target-feature +neon -target-feature +pauth -target-feature +perfmon -target-feature +predres -target-feature +ras -target-feature +rcpc -target-feature +rdm -target-feature +sb -target-feature +sha2 -target-feature +sha3 -target-feature +specrestrict -target-feature +ssbs -triple arm64-apple-ios12.0.0-simulator -target-linker-version 1230.1 -target-sdk-version\=26.1 -fmodules-validate-system-headers -fno-modules-prune-non-affecting-module-map-files -fno-modulemap-allow-subdirectory-search -isysroot /Applications/Xcode.app/Contents/Developer/Platforms/iPhoneSimulator.platform/Developer/SDKs/iPhoneSimulator26.1.sdk -resource-dir /Applications/Xcode.app/Contents/Developer/Toolchains/XcodeDefault.xctoolchain/usr/lib/clang/17 -fmodule-format\=obj -fmodule-file\=_Builtin_inttypes\=/Users/nam/projects/subgallery/store-assets/DerivedData/Build/Intermediates.noindex/ExplicitPrecompiledModules/_Builtin_inttypes-Q6YFX9JPMEI9MW2BUBA1N5V2.pcm -fmodule-file\=_Builtin_limits\=/Users/nam/projects/subgallery/store-assets/DerivedData/Build/Intermediates.noindex/ExplicitPrecompiledModules/_Builtin_limits-LXXS1XI8NQ2FGHZACQYZER54.pcm -fmodule-file\=_Builtin_stdarg\=/Users/nam/projects/subgallery/store-assets/DerivedData/Build/Intermediates.noindex/ExplicitPrecompiledModules/_Builtin_stdarg-32KEOEV4VYSTX6LAX0UE013QJ.pcm -fmodule-file\=_Builtin_stdbool\=/Users/nam/projects/subgallery/store-assets/DerivedData/Build/Intermediates.noindex/ExplicitPrecompiledModules/_Builtin_stdbool-4BR1XQUT2S7KHF7ARRV6M6UB5.pcm -fmodule-file\=_Builtin_stddef\=/Users/nam/projects/subgallery/store-assets/DerivedData/Build/Intermediates.noindex/ExplicitPrecompiledModules/_Builtin_stddef-A2Z9GFHA2Z1S6O7F08EU7H9MD.pcm -fmodule-file\=_Builtin_stdint\=/Users/nam/projects/subgallery/store-assets/DerivedData/Build/Intermediates.noindex/ExplicitPrecompiledModules/_Builtin_stdint-BE5RYMWLMYOMKDL27FBVPKA64.pcm -fmodule-file\=_DarwinFoundation1\=/Users/nam/projects/subgallery/store-assets/DerivedData/Build/Intermediates.noindex/ExplicitPrecompiledModules/_DarwinFoundation1-DM9E2YSCKJ7OB7D8DYWB6PGW5.pcm -fmodule-file\=_DarwinFoundation2\=/Users/nam/projects/subgallery/store-assets/DerivedData/Build/Intermediates.noindex/ExplicitPrecompiledModules/_DarwinFoundation2-5B3Q8OIGARY4V1OIM27F6R75E.pcm -fmodule-file\=_DarwinFoundation3\=/Users/nam/projects/subgallery/store-assets/DerivedData/Build/Intermediates.noindex/ExplicitPrecompiledModules/_DarwinFoundation3-ARKM3Q1A7EDBL30CAUYEJK9TL.pcm -isystem /Applications/Xcode.app/Contents/Developer/Toolchains/XcodeDefault.xctoolchain/usr/lib/clang/17/include -internal-externc-isystem /Applications/Xcode.app/Contents/Developer/Platforms/iPhoneSimulator.platform/Developer/SDKs/iPhoneSimulator26.1.sdk/usr/include -ivfsstatcache /Users/nam/projects/subgallery/store-assets/DerivedData/SDKStatCaches.noindex/iphonesimulator26.1-23B77-90cf18a4295e390e64c810bc6bd7acbc.sdkstatcache -std\=c99 -fexceptions -fskip-odr-check-in-gmf -fmodules -fmodule-name\=Darwin -fmodules-search-all -fno-implicit-modules -fobjc-exceptions -fmax-type-align\=16 -mdarwin-stkchk-strong-link -fno-odr-hash-protocols -pic-level 2 -disable-objc-default-synthesize-properties -stack-protector 1 -fobjc-runtime\=ios-12.0.0 -fobjc-arc -fobjc-runtime-has-weak -fobjc-weak -fgnuc-version\=4.2.1 -fblocks -ffp-contract\=off -fclang-abi-compat\=4.0 -fno-experimental-relative-c++-abi-vtables -fno-file-reproducible -clang-vendor-feature\=+disableNonDependentMemberExprInCurrentInstantiation -clang-vendor-feature\=+enableAggressiveVLAFolding -clang-vendor-feature\=+revert09abecef7bbf -clang-vendor-feature\=+thisNoAlignAttr -clang-vendor-feature\=+thisNoNullAttr -clang-vendor-feature\=+disableAtImportPrivateFrameworkInImplementationError -O2 -fdebug-compilation-dir\=/ -fcommon -fno-sanitize-address-use-odr-indicator -fno-sanitize-memory-param-retval -fmerge-all-constants -fno-verbose-asm -fregister-global-dtors-with-atexit -fno-use-init-array -funique-basic-block-section-names -dwarf-version\=4 -debugger-tuning\=lldb -llvm-verify-each -dwarf-ext-refs -no-struct-path-tbaa -fexperimental-assignment-tracking\=disabled -no-enable-noundef-analysis -stack-protector-buffer-size 0 -finline-functions -debug-info-kind\=standalone -Os -fno-unroll-loops -fdiagnostics-hotness-threshold\=0 -fdiagnostics-misexpect-tolerance\=0 -fno-split-cold-code -D OBJC_OLD_DISPATCH_PROTOTYPES\=1 -D SWIFT_PACKAGE -D Xcode -D __GCC_HAVE_DWARF2_CFI_ASM\=1 -fdefine-target-os-macros -MT moduledependenciestarget -dependency-file /Users/nam/projects/subgallery/store-assets/DerivedData/Build/Intermediates.noindex/ExplicitPrecompiledModules/Darwin-98BOTWM7OGM6CRSFYZJ7H7L5N.d -skip-unused-modulemap-deps

ScanDependencies /Users/nam/projects/subgallery/store-assets/DerivedData/Build/Intermediates.noindex/Promises.build/Release-iphonesimulator/FBLPromises.build/Objects-normal/arm64/FBLPromise.o /Users/nam/projects/subgallery/store-assets/DerivedData/SourcePackages/checkouts/promises/Sources/FBLPromises/FBLPromise.m normal arm64 objective-c com.apple.compilers.llvm.clang.1_0.compiler (in target 'FBLPromises' from project 'Promises')
    cd /Users/nam/projects/subgallery/SubGallery.xcodeproj
    
    Using response file: /Users/nam/projects/subgallery/store-assets/DerivedData/Build/Intermediates.noindex/Promises.build/Release-iphonesimulator/FBLPromises.build/Objects-normal/arm64/e6072d4f65d7061329687fe24e3d63a7-common-args.resp
    
    builtin-ScanDependencies -o /Users/nam/projects/subgallery/store-assets/DerivedData/Build/Intermediates.noindex/Promises.build/Release-iphonesimulator/FBLPromises.build/Objects-normal/arm64/FBLPromise.o.scan -- /Applications/Xcode.app/Contents/Developer/Toolchains/XcodeDefault.xctoolchain/usr/bin/clang -x objective-c -ivfsstatcache /Users/nam/projects/subgallery/store-assets/DerivedData/SDKStatCaches.noindex/iphonesimulator26.1-23B77-90cf18a4295e390e64c810bc6bd7acbc.sdkstatcache -fmessage-length\=0 -fdiagnostics-show-note-include-stack -fmacro-backtrace-limit\=0 -fno-color-diagnostics -fmodules-prune-interval\=86400 -fmodules-prune-after\=345600 -fbuild-session-file\=/Users/nam/projects/subgallery/store-assets/DerivedData/ModuleCache.noindex/Session.modulevalidation -fmodules-validate-once-per-build-session -Wnon-modular-include-in-framework-module -Werror\=non-modular-include-in-framework-module -Wno-trigraphs -Wno-missing-field-initializers -Wno-missing-prototypes -Wno-return-type -Wno-implicit-atomic-properties -Wno-objc-interface-ivars -Wno-arc-repeated-use-of-weak -Wno-missing-braces -Wparentheses -Wswitch -Wno-unused-function -Wno-unused-label -Wno-unused-parameter -Wno-unused-variable -Wunused-value -Wno-empty-body -Wno-uninitialized -Wno-unknown-pragmas -w -Wno-shadow -Wno-four-char-constants -Wno-conversion -Wno-constant-conversion -Wno-int-conversion -Wno-bool-conversion -Wno-enum-conversion -Wno-float-conversion -Wno-non-literal-null-conversion -Wno-objc-literal-conversion -Wshorten-64-to-32 -Wpointer-sign -Wno-newline-eof -Wno-selector -Wno-strict-selector-match -Wno-undeclared-selector -Wno-deprecated-implementations -Wno-implicit-fallthrough -fstrict-aliasing -Wprotocol -Wdeprecated-declarations -Wno-sign-conversion -Wno-infinite-recursion -Wno-comma -Wno-block-capture-autoreleasing -Wno-strict-prototypes -Wno-semicolon-before-method-body @/Users/nam/projects/subgallery/store-assets/DerivedData/Build/Intermediates.noindex/Promises.build/Release-iphonesimulator/FBLPromises.build/Objects-normal/arm64/e6072d4f65d7061329687fe24e3d63a7-common-args.resp -include /Users/nam/projects/subgallery/store-assets/DerivedData/Build/Intermediates.noindex/Promises.build/Release-iphonesimulator/FBLPromises.build/DerivedSources/resource_bundle_accessor.h -MMD -MT dependencies -MF /Users/nam/projects/subgallery/store-assets/DerivedData/Build/Intermediates.noindex/Promises.build/Release-iphonesimulator/FBLPromises.build/Objects-normal/arm64/FBLPromise.d --serialize-diagnostics /Users/nam/projects/subgallery/store-assets/DerivedData/Build/Intermediates.noindex/Promises.build/Release-iphonesimulator/FBLPromises.build/Objects-normal/arm64/FBLPromise.dia -c /Users/nam/projects/subgallery/store-assets/DerivedData/SourcePackages/checkouts/promises/Sources/FBLPromises/FBLPromise.m -o /Users/nam/projects/subgallery/store-assets/DerivedData/Build/Intermediates.noindex/Promises.build/Release-iphonesimulator/FBLPromises.build/Objects-normal/arm64/FBLPromise.o

CompileC /Users/nam/projects/subgallery/store-assets/DerivedData/Build/Intermediates.noindex/nanopb.build/Release-iphonesimulator/nanopb.build/Objects-normal/arm64/pb_encode.o /Users/nam/projects/subgallery/store-assets/DerivedData/SourcePackages/checkouts/nanopb/pb_encode.c normal arm64 c com.apple.compilers.llvm.clang.1_0.compiler (in target 'nanopb' from project 'nanopb')
    cd /Users/nam/projects/subgallery/SubGallery.xcodeproj
    
    Using response file: /Users/nam/projects/subgallery/store-assets/DerivedData/Build/Intermediates.noindex/nanopb.build/Release-iphonesimulator/nanopb.build/Objects-normal/arm64/7187679823f38a2a940e0043cdf9d637-common-args.resp
    
    /Applications/Xcode.app/Contents/Developer/Toolchains/XcodeDefault.xctoolchain/usr/bin/clang -x c -ivfsstatcache /Users/nam/projects/subgallery/store-assets/DerivedData/SDKStatCaches.noindex/iphonesimulator26.1-23B77-90cf18a4295e390e64c810bc6bd7acbc.sdkstatcache -fmessage-length\=0 -fdiagnostics-show-note-include-stack -fmacro-backtrace-limit\=0 -fno-color-diagnostics -fmodules-prune-interval\=86400 -fmodules-prune-after\=345600 -fbuild-session-file\=/Users/nam/projects/subgallery/store-assets/DerivedData/ModuleCache.noindex/Session.modulevalidation -fmodules-validate-once-per-build-session -Wnon-modular-include-in-framework-module -Werror\=non-modular-include-in-framework-module -Wno-trigraphs -Wno-missing-field-initializers -Wno-missing-prototypes -Wno-return-type -Wno-missing-braces -Wparentheses -Wswitch -Wno-unused-function -Wno-unused-label -Wno-unused-parameter -Wno-unused-variable -Wunused-value -Wno-empty-body -Wno-uninitialized -Wno-unknown-pragmas -w -Wno-shadow -Wno-four-char-constants -Wno-conversion -Wno-constant-conversion -Wno-int-conversion -Wno-bool-conversion -Wno-enum-conversion -Wno-float-conversion -Wno-non-literal-null-conversion -Wno-objc-literal-conversion -Wshorten-64-to-32 -Wpointer-sign -Wno-newline-eof -Wno-implicit-fallthrough -fstrict-aliasing -Wdeprecated-declarations -Wno-sign-conversion -Wno-infinite-recursion -Wno-comma -Wno-block-capture-autoreleasing -Wno-strict-prototypes -Wno-semicolon-before-method-body @/Users/nam/projects/subgallery/store-assets/DerivedData/Build/Intermediates.noindex/nanopb.build/Release-iphonesimulator/nanopb.build/Objects-normal/arm64/7187679823f38a2a940e0043cdf9d637-common-args.resp -MMD -MT dependencies -MF /Users/nam/projects/subgallery/store-assets/DerivedData/Build/Intermediates.noindex/nanopb.build/Release-iphonesimulator/nanopb.build/Objects-normal/arm64/pb_encode.d --serialize-diagnostics /Users/nam/projects/subgallery/store-assets/DerivedData/Build/Intermediates.noindex/nanopb.build/Release-iphonesimulator/nanopb.build/Objects-normal/arm64/pb_encode.dia -c /Users/nam/projects/subgallery/store-assets/DerivedData/SourcePackages/checkouts/nanopb/pb_encode.c -o /Users/nam/projects/subgallery/store-assets/DerivedData/Build/Intermediates.noindex/nanopb.build/Release-iphonesimulator/nanopb.build/Objects-normal/arm64/pb_encode.o

SwiftExplicitDependencyGeneratePcm arm64 /Users/nam/projects/subgallery/store-assets/DerivedData/ModuleCache.noindex/_Builtin_stdint-62XTBLEGCJFOOG79MT90HX9FV.pcm

SwiftExplicitDependencyGeneratePcm arm64 /Users/nam/projects/subgallery/store-assets/DerivedData/ModuleCache.noindex/sys_types-243JX01P5E0ZRYMD5B7S8CPIB.pcm

** BUILD FAILED **


The following build commands failed:
	PrecompileModule /Users/nam/projects/subgallery/store-assets/DerivedData/Build/Intermediates.noindex/ExplicitPrecompiledModules/Darwin-98BOTWM7OGM6CRSFYZJ7H7L5N.scan
	Building project SubGallery with scheme SubGallery and configuration Release
(2 failures)
2026-08-25 17:32:20.317 xcodebuild[79318:8499987] Error saving log: Error Domain=NSPOSIXErrorDomain Code=28 "No space left on device" UserInfo={NSFilePath=/Users/nam/projects/subgallery/store-assets/DerivedData/Logs/Build/E5C04417-90A1-4CE4-91BF-739F001146C6.xcactivitylog, NSLocalizedDescription=No space left on device} | User info: {
    NSFilePath = "/Users/nam/projects/subgallery/store-assets/DerivedData/Logs/Build/E5C04417-90A1-4CE4-91BF-739F001146C6.xcactivitylog";
    NSLocalizedDescription = "No space left on device";
}
